Command line invocation:
    /Applications/Xcode_26.3.app/Contents/Developer/usr/bin/xcodebuild archive -workspace /Users/runner/work/SleepCycle/SleepCycle/SleepCycle.xcworkspace -scheme SleepCycle -configuration Release -destination generic/platform=iOS -skipMacroValidation -skipPackagePluginValidation -archivePath /Users/runner/work/SleepCycle/SleepCycle/build.xcarchive

ComputePackagePrebuildTargetDependencyGraph

Prepare packages

CreateBuildRequest

SendProjectDescription

CreateBuildOperation

ComputeTargetDependencyGraph
note: Building targets in dependency order
note: Target dependency graph (6 targets)
    Target 'SleepCycle' in project 'SleepCycle'
        ➜ Implicit dependency on target 'Pods-SleepCycle' in project 'Pods' via file 'Pods_SleepCycle.framework' in build phase 'Link Binary'
        ➜ Implicit dependency on target 'SubscriptionKit' in project 'Pods' via options '-framework SubscriptionKit' in build setting 'OTHER_LDFLAGS'
    Target 'Pods-SleepCycle' in project 'Pods'
        ➜ Explicit dependency on target 'SubscriptionKit' in project 'Pods'
        ➜ Explicit dependency on target 'UMAPM' in project 'Pods'
        ➜ Explicit dependency on target 'UMCommon' in project 'Pods'
        ➜ Explicit dependency on target 'UMDevice' in project 'Pods'
    Target 'SubscriptionKit' in project 'Pods'
        ➜ Explicit dependency on target 'UMAPM' in project 'Pods'
        ➜ Explicit dependency on target 'UMCommon' in project 'Pods'
        ➜ Explicit dependency on target 'UMDevice' in project 'Pods'
    Target 'UMAPM' in project 'Pods'
        ➜ Explicit dependency on target 'UMCommon' in project 'Pods'
    Target 'UMCommon' in project 'Pods'
        ➜ Explicit dependency on target 'UMDevice' in project 'Pods'
    Target 'UMDevice' in project 'Pods' (no dependencies)

GatherProvisioningInputs

CreateBuildDescription

ExecuteExternalTool /Applications/Xcode_26.3.app/Contents/Developer/Toolchains/XcodeDefault.xctoolchain/usr/bin/clang -v -E -dM -isysroot /Applications/Xcode_26.3.app/Contents/Developer/Platforms/iPhoneOS.platform/Developer/SDKs/iPhoneOS26.2.sdk -x c -c /dev/null

ExecuteExternalTool /Applications/Xcode_26.3.app/Contents/Developer/Toolchains/XcodeDefault.xctoolchain/usr/bin/clang -v -E -dM -arch arm64 -isysroot /Applications/Xcode_26.3.app/Contents/Developer/Platforms/iPhoneOS.platform/Developer/SDKs/iPhoneOS26.2.sdk -x c -c /dev/null

ExecuteExternalTool /Applications/Xcode_26.3.app/Contents/Developer/Toolchains/XcodeDefault.xctoolchain/usr/bin/clang -v -E -dM -arch arm64 -isysroot /Applications/Xcode_26.3.app/Contents/Developer/Platforms/iPhoneOS.platform/Developer/SDKs/iPhoneOS26.2.sdk -x objective-c -c /dev/null

ExecuteExternalTool /Applications/Xcode_26.3.app/Contents/Developer/usr/bin/momc --dry-run --action generate --swift-version 5.9 --sdkroot /Applications/Xcode_26.3.app/Contents/Developer/Platforms/iPhoneOS.platform/Developer/SDKs/iPhoneOS26.2.sdk --iphoneos-deployment-target 16.0 --module SleepCycle /Users/runner/work/SleepCycle/SleepCycle/Sources/ManagedModel/SleepCycle.xcdatamodeld /Users/runner/Library/Developer/Xcode/DerivedData/SleepCycle-cbzxdwygtqvxpycjunkumnsgsekw/Build/Intermediates.noindex/ArchiveIntermediates/SleepCycle/IntermediateBuildFilesPath/SleepCycle.build/Release-iphoneos/SleepCycle.build/DerivedSources/CoreDataGenerated/SleepCycle

ExecuteExternalTool /Applications/Xcode_26.3.app/Contents/Developer/usr/bin/actool --print-asset-tag-combinations --output-format xml1 /Users/runner/work/SleepCycle/SleepCycle/Sources/Resources/Assets.xcassets

ExecuteExternalTool /Applications/Xcode_26.3.app/Contents/Developer/Toolchains/XcodeDefault.xctoolchain/usr/bin/swiftc --version

ExecuteExternalTool /Applications/Xcode_26.3.app/Contents/Developer/Toolchains/XcodeDefault.xctoolchain/usr/bin/libtool -V

ExecuteExternalTool /Applications/Xcode_26.3.app/Contents/Developer/usr/bin/actool --version --output-format xml1

ExecuteExternalTool /Applications/Xcode_26.3.app/Contents/Developer/Toolchains/XcodeDefault.xctoolchain/usr/bin/ld -version_details

Build description signature: 519c3d39d8eb6df04465e0c18c6c8e1a
Build description path: /Users/runner/Library/Developer/Xcode/DerivedData/SleepCycle-cbzxdwygtqvxpycjunkumnsgsekw/Build/Intermediates.noindex/ArchiveIntermediates/SleepCycle/IntermediateBuildFilesPath/XCBuildData/519c3d39d8eb6df04465e0c18c6c8e1a.xcbuilddata
CreateBuildDirectory /Users/runner/Library/Developer/Xcode/DerivedData/SleepCycle-cbzxdwygtqvxpycjunkumnsgsekw/Build/Intermediates.noindex/ArchiveIntermediates/SleepCycle/InstallationBuildProductsLocation
    cd /Users/runner/work/SleepCycle/SleepCycle
    builtin-create-build-directory /Users/runner/Library/Developer/Xcode/DerivedData/SleepCycle-cbzxdwygtqvxpycjunkumnsgsekw/Build/Intermediates.noindex/ArchiveIntermediates/SleepCycle/InstallationBuildProductsLocation

ClangStatCache /Applications/Xcode_26.3.app/Contents/Developer/Toolchains/XcodeDefault.xctoolchain/usr/bin/clang-stat-cache /Applications/Xcode_26.3.app/Contents/Developer/Platforms/iPhoneOS.platform/Developer/SDKs/iPhoneOS26.2.sdk /Users/runner/Library/Developer/Xcode/DerivedData/SDKStatCaches.noindex/iphoneos26.2-23C57-dc75598d0054f22ec865fa860f139d722dd23b4ebda140f7210d155ff1243552.sdkstatcache
    cd /Users/runner/work/SleepCycle/SleepCycle
    /Applications/Xcode_26.3.app/Contents/Developer/Toolchains/XcodeDefault.xctoolchain/usr/bin/clang-stat-cache /Applications/Xcode_26.3.app/Contents/Developer/Platforms/iPhoneOS.platform/Developer/SDKs/iPhoneOS26.2.sdk -o /Users/runner/Library/Developer/Xcode/DerivedData/SDKStatCaches.noindex/iphoneos26.2-23C57-dc75598d0054f22ec865fa860f139d722dd23b4ebda140f7210d155ff1243552.sdkstatcache

CreateBuildDirectory /Users/runner/Library/Developer/Xcode/DerivedData/SleepCycle-cbzxdwygtqvxpycjunkumnsgsekw/Build/Intermediates.noindex/ArchiveIntermediates/SleepCycle/IntermediateBuildFilesPath
    cd /Users/runner/work/SleepCycle/SleepCycle
    builtin-create-build-directory /Users/runner/Library/Developer/Xcode/DerivedData/SleepCycle-cbzxdwygtqvxpycjunkumnsgsekw/Build/Intermediates.noindex/ArchiveIntermediates/SleepCycle/IntermediateBuildFilesPath

CreateBuildDirectory /Users/runner/Library/Developer/Xcode/DerivedData/SleepCycle-cbzxdwygtqvxpycjunkumnsgsekw/Build/Intermediates.noindex/ArchiveIntermediates/SleepCycle/BuildProductsPath
    cd /Users/runner/work/SleepCycle/SleepCycle
    builtin-create-build-directory /Users/runner/Library/Developer/Xcode/DerivedData/SleepCycle-cbzxdwygtqvxpycjunkumnsgsekw/Build/Intermediates.noindex/ArchiveIntermediates/SleepCycle/BuildProductsPath

CreateBuildDirectory /Users/runner/Library/Developer/Xcode/DerivedData/SleepCycle-cbzxdwygtqvxpycjunkumnsgsekw/Build/Intermediates.noindex/ArchiveIntermediates/SleepCycle/BuildProductsPath/Release-iphoneos
    cd /Users/runner/work/SleepCycle/SleepCycle
    builtin-create-build-directory /Users/runner/Library/Developer/Xcode/DerivedData/SleepCycle-cbzxdwygtqvxpycjunkumnsgsekw/Build/Intermediates.noindex/ArchiveIntermediates/SleepCycle/BuildProductsPath/Release-iphoneos

WriteAuxiliaryFile /Users/runner/Library/Developer/Xcode/DerivedData/SleepCycle-cbzxdwygtqvxpycjunkumnsgsekw/Build/Intermediates.noindex/ArchiveIntermediates/SleepCycle/IntermediateBuildFilesPath/SleepCycle.build/Release-iphoneos/SleepCycle-c3e7bd4dd03994102489fc65901e5ef8-VFS-iphoneos/all-product-headers.yaml
    cd /Users/runner/work/SleepCycle/SleepCycle
    write-file /Users/runner/Library/Developer/Xcode/DerivedData/SleepCycle-cbzxdwygtqvxpycjunkumnsgsekw/Build/Intermediates.noindex/ArchiveIntermediates/SleepCycle/IntermediateBuildFilesPath/SleepCycle.build/Release-iphoneos/SleepCycle-c3e7bd4dd03994102489fc65901e5ef8-VFS-iphoneos/all-product-headers.yaml

WriteAuxiliaryFile /Users/runner/Library/Developer/Xcode/DerivedData/SleepCycle-cbzxdwygtqvxpycjunkumnsgsekw/Build/Intermediates.noindex/ArchiveIntermediates/SleepCycle/IntermediateBuildFilesPath/Pods.build/Release-iphoneos/Pods-8699adb1dd336b26511df848a716bd42-VFS-iphoneos/all-product-headers.yaml
    cd /Users/runner/work/SleepCycle/SleepCycle
    write-file /Users/runner/Library/Developer/Xcode/DerivedData/SleepCycle-cbzxdwygtqvxpycjunkumnsgsekw/Build/Intermediates.noindex/ArchiveIntermediates/SleepCycle/IntermediateBuildFilesPath/Pods.build/Release-iphoneos/Pods-8699adb1dd336b26511df848a716bd42-VFS-iphoneos/all-product-headers.yaml

CreateBuildDirectory /Users/runner/Library/Developer/Xcode/DerivedData/SleepCycle-cbzxdwygtqvxpycjunkumnsgsekw/Build/Intermediates.noindex/ArchiveIntermediates/SleepCycle/IntermediateBuildFilesPath/SwiftExplicitPrecompiledModules
    cd /Users/runner/work/SleepCycle/SleepCycle
    builtin-create-build-directory /Users/runner/Library/Developer/Xcode/DerivedData/SleepCycle-cbzxdwygtqvxpycjunkumnsgsekw/Build/Intermediates.noindex/ArchiveIntermediates/SleepCycle/IntermediateBuildFilesPath/SwiftExplicitPrecompiledModules

CreateBuildDirectory /Users/runner/Library/Developer/Xcode/DerivedData/SleepCycle-cbzxdwygtqvxpycjunkumnsgsekw/Build/Intermediates.noindex/ArchiveIntermediates/SleepCycle/IntermediateBuildFilesPath/ExplicitPrecompiledModules
    cd /Users/runner/work/SleepCycle/SleepCycle
    builtin-create-build-directory /Users/runner/Library/Developer/Xcode/DerivedData/SleepCycle-cbzxdwygtqvxpycjunkumnsgsekw/Build/Intermediates.noindex/ArchiveIntermediates/SleepCycle/IntermediateBuildFilesPath/ExplicitPrecompiledModules

CreateBuildDirectory /Users/runner/Library/Developer/Xcode/DerivedData/SleepCycle-cbzxdwygtqvxpycjunkumnsgsekw/Build/Intermediates.noindex/ArchiveIntermediates/SleepCycle/IntermediateBuildFilesPath/EagerLinkingTBDs/Release-iphoneos
    cd /Users/runner/work/SleepCycle/SleepCycle
    builtin-create-build-directory /Users/runner/Library/Developer/Xcode/DerivedData/SleepCycle-cbzxdwygtqvxpycjunkumnsgsekw/Build/Intermediates.noindex/ArchiveIntermediates/SleepCycle/IntermediateBuildFilesPath/EagerLinkingTBDs/Release-iphoneos

WriteAuxiliaryFile /Users/runner/Library/Developer/Xcode/DerivedData/SleepCycle-cbzxdwygtqvxpycjunkumnsgsekw/Build/Intermediates.noindex/ArchiveIntermediates/SleepCycle/IntermediateBuildFilesPath/Pods.build/Release-iphoneos/UMDevice.build/Script-7FA724DF598A41383D72A3318D4C3A82.sh (in target 'UMDevice' from project 'Pods')
    cd /Users/runner/work/SleepCycle/SleepCycle/Pods
    write-file /Users/runner/Library/Developer/Xcode/DerivedData/SleepCycle-cbzxdwygtqvxpycjunkumnsgsekw/Build/Intermediates.noindex/ArchiveIntermediates/SleepCycle/IntermediateBuildFilesPath/Pods.build/Release-iphoneos/UMDevice.build/Script-7FA724DF598A41383D72A3318D4C3A82.sh

WriteAuxiliaryFile /Users/runner/Library/Developer/Xcode/DerivedData/SleepCycle-cbzxdwygtqvxpycjunkumnsgsekw/Build/Intermediates.noindex/ArchiveIntermediates/SleepCycle/IntermediateBuildFilesPath/Pods.build/Release-iphoneos/UMDevice.build/OutputFileList-7FA724DF598A41383D72A3318D4C3A82-UMDevice-xcframeworks-output-files-4d21312b7e5b0fec22f4c0102639ad6a-resolved.xcfilelist (in target 'UMDevice' from project 'Pods')
    cd /Users/runner/work/SleepCycle/SleepCycle/Pods
    write-file /Users/runner/Library/Developer/Xcode/DerivedData/SleepCycle-cbzxdwygtqvxpycjunkumnsgsekw/Build/Intermediates.noindex/ArchiveIntermediates/SleepCycle/IntermediateBuildFilesPath/Pods.build/Release-iphoneos/UMDevice.build/OutputFileList-7FA724DF598A41383D72A3318D4C3A82-UMDevice-xcframeworks-output-files-4d21312b7e5b0fec22f4c0102639ad6a-resolved.xcfilelist

WriteAuxiliaryFile /Users/runner/Library/Developer/Xcode/DerivedData/SleepCycle-cbzxdwygtqvxpycjunkumnsgsekw/Build/Intermediates.noindex/ArchiveIntermediates/SleepCycle/IntermediateBuildFilesPath/Pods.build/Release-iphoneos/UMDevice.build/InputFileList-7FA724DF598A41383D72A3318D4C3A82-UMDevice-xcframeworks-input-files-9a5a66d5c0ac5f04a9eb38fe955d30fb-resolved.xcfilelist (in target 'UMDevice' from project 'Pods')
    cd /Users/runner/work/SleepCycle/SleepCycle/Pods
    write-file /Users/runner/Library/Developer/Xcode/DerivedData/SleepCycle-cbzxdwygtqvxpycjunkumnsgsekw/Build/Intermediates.noindex/ArchiveIntermediates/SleepCycle/IntermediateBuildFilesPath/Pods.build/Release-iphoneos/UMDevice.build/InputFileList-7FA724DF598A41383D72A3318D4C3A82-UMDevice-xcframeworks-input-files-9a5a66d5c0ac5f04a9eb38fe955d30fb-resolved.xcfilelist

WriteAuxiliaryFile /Users/runner/Library/Developer/Xcode/DerivedData/SleepCycle-cbzxdwygtqvxpycjunkumnsgsekw/Build/Intermediates.noindex/ArchiveIntermediates/SleepCycle/IntermediateBuildFilesPath/Pods.build/Release-iphoneos/UMCommon.build/Script-F7DAB2DD1967185BA263401DFF5949C5.sh (in target 'UMCommon' from project 'Pods')
    cd /Users/runner/work/SleepCycle/SleepCycle/Pods
    write-file /Users/runner/Library/Developer/Xcode/DerivedData/SleepCycle-cbzxdwygtqvxpycjunkumnsgsekw/Build/Intermediates.noindex/ArchiveIntermediates/SleepCycle/IntermediateBuildFilesPath/Pods.build/Release-iphoneos/UMCommon.build/Script-F7DAB2DD1967185BA263401DFF5949C5.sh

WriteAuxiliaryFile /Users/runner/Library/Developer/Xcode/DerivedData/SleepCycle-cbzxdwygtqvxpycjunkumnsgsekw/Build/Intermediates.noindex/ArchiveIntermediates/SleepCycle/IntermediateBuildFilesPath/Pods.build/Release-iphoneos/UMCommon.build/OutputFileList-F7DAB2DD1967185BA263401DFF5949C5-UMCommon-xcframeworks-output-files-079f6b3745a332d26deae81759486f41-resolved.xcfilelist (in target 'UMCommon' from project 'Pods')
    cd /Users/runner/work/SleepCycle/SleepCycle/Pods
    write-file /Users/runner/Library/Developer/Xcode/DerivedData/SleepCycle-cbzxdwygtqvxpycjunkumnsgsekw/Build/Intermediates.noindex/ArchiveIntermediates/SleepCycle/IntermediateBuildFilesPath/Pods.build/Release-iphoneos/UMCommon.build/OutputFileList-F7DAB2DD1967185BA263401DFF5949C5-UMCommon-xcframeworks-output-files-079f6b3745a332d26deae81759486f41-resolved.xcfilelist

WriteAuxiliaryFile /Users/runner/Library/Developer/Xcode/DerivedData/SleepCycle-cbzxdwygtqvxpycjunkumnsgsekw/Build/Intermediates.noindex/ArchiveIntermediates/SleepCycle/IntermediateBuildFilesPath/Pods.build/Release-iphoneos/UMCommon.build/InputFileList-F7DAB2DD1967185BA263401DFF5949C5-UMCommon-xcframeworks-input-files-f91e8ab7fc2f4a856a0434cba3daf8d6-resolved.xcfilelist (in target 'UMCommon' from project 'Pods')
    cd /Users/runner/work/SleepCycle/SleepCycle/Pods
    write-file /Users/runner/Library/Developer/Xcode/DerivedData/SleepCycle-cbzxdwygtqvxpycjunkumnsgsekw/Build/Intermediates.noindex/ArchiveIntermediates/SleepCycle/IntermediateBuildFilesPath/Pods.build/Release-iphoneos/UMCommon.build/InputFileList-F7DAB2DD1967185BA263401DFF5949C5-UMCommon-xcframeworks-input-files-f91e8ab7fc2f4a856a0434cba3daf8d6-resolved.xcfilelist

WriteAuxiliaryFile /Users/runner/Library/Developer/Xcode/DerivedData/SleepCycle-cbzxdwygtqvxpycjunkumnsgsekw/Build/Intermediates.noindex/ArchiveIntermediates/SleepCycle/IntermediateBuildFilesPath/Pods.build/Release-iphoneos/UMAPM.build/Script-8CF92F6585502BAD178A94A1305B3276.sh (in target 'UMAPM' from project 'Pods')
    cd /Users/runner/work/SleepCycle/SleepCycle/Pods
    write-file /Users/runner/Library/Developer/Xcode/DerivedData/SleepCycle-cbzxdwygtqvxpycjunkumnsgsekw/Build/Intermediates.noindex/ArchiveIntermediates/SleepCycle/IntermediateBuildFilesPath/Pods.build/Release-iphoneos/UMAPM.build/Script-8CF92F6585502BAD178A94A1305B3276.sh

WriteAuxiliaryFile /Users/runner/Library/Developer/Xcode/DerivedData/SleepCycle-cbzxdwygtqvxpycjunkumnsgsekw/Build/Intermediates.noindex/ArchiveIntermediates/SleepCycle/IntermediateBuildFilesPath/Pods.build/Release-iphoneos/UMAPM.build/OutputFileList-8CF92F6585502BAD178A94A1305B3276-UMAPM-xcframeworks-output-files-ec506092026dd431256d8ff8b7283785-resolved.xcfilelist (in target 'UMAPM' from project 'Pods')
    cd /Users/runner/work/SleepCycle/SleepCycle/Pods
    write-file /Users/runner/Library/Developer/Xcode/DerivedData/SleepCycle-cbzxdwygtqvxpycjunkumnsgsekw/Build/Intermediates.noindex/ArchiveIntermediates/SleepCycle/IntermediateBuildFilesPath/Pods.build/Release-iphoneos/UMAPM.build/OutputFileList-8CF92F6585502BAD178A94A1305B3276-UMAPM-xcframeworks-output-files-ec506092026dd431256d8ff8b7283785-resolved.xcfilelist

WriteAuxiliaryFile /Users/runner/Library/Developer/Xcode/DerivedData/SleepCycle-cbzxdwygtqvxpycjunkumnsgsekw/Build/Intermediates.noindex/ArchiveIntermediates/SleepCycle/IntermediateBuildFilesPath/Pods.build/Release-iphoneos/UMAPM.build/InputFileList-8CF92F6585502BAD178A94A1305B3276-UMAPM-xcframeworks-input-files-5eb887b9b7ab0b7e0c188662b20bedea-resolved.xcfilelist (in target 'UMAPM' from project 'Pods')
    cd /Users/runner/work/SleepCycle/SleepCycle/Pods
    write-file /Users/runner/Library/Developer/Xcode/DerivedData/SleepCycle-cbzxdwygtqvxpycjunkumnsgsekw/Build/Intermediates.noindex/ArchiveIntermediates/SleepCycle/IntermediateBuildFilesPath/Pods.build/Release-iphoneos/UMAPM.build/InputFileList-8CF92F6585502BAD178A94A1305B3276-UMAPM-xcframeworks-input-files-5eb887b9b7ab0b7e0c188662b20bedea-resolved.xcfilelist

CreateBuildDirectory /Users/runner/Library/Developer/Xcode/DerivedData/SleepCycle-cbzxdwygtqvxpycjunkumnsgsekw/Build/Intermediates.noindex/ArchiveIntermediates/SleepCycle/BuildProductsPath/Release-iphoneos/UMDevice
    cd /Users/runner/work/SleepCycle/SleepCycle
    builtin-create-build-directory /Users/runner/Library/Developer/Xcode/DerivedData/SleepCycle-cbzxdwygtqvxpycjunkumnsgsekw/Build/Intermediates.noindex/ArchiveIntermediates/SleepCycle/BuildProductsPath/Release-iphoneos/UMDevice

CreateBuildDirectory /Users/runner/Library/Developer/Xcode/DerivedData/SleepCycle-cbzxdwygtqvxpycjunkumnsgsekw/Build/Intermediates.noindex/ArchiveIntermediates/SleepCycle/BuildProductsPath/Release-iphoneos/UMCommon
    cd /Users/runner/work/SleepCycle/SleepCycle
    builtin-create-build-directory /Users/runner/Library/Developer/Xcode/DerivedData/SleepCycle-cbzxdwygtqvxpycjunkumnsgsekw/Build/Intermediates.noindex/ArchiveIntermediates/SleepCycle/BuildProductsPath/Release-iphoneos/UMCommon

CreateBuildDirectory /Users/runner/Library/Developer/Xcode/DerivedData/SleepCycle-cbzxdwygtqvxpycjunkumnsgsekw/Build/Intermediates.noindex/ArchiveIntermediates/SleepCycle/BuildProductsPath/Release-iphoneos/UMAPM
    cd /Users/runner/work/SleepCycle/SleepCycle
    builtin-create-build-directory /Users/runner/Library/Developer/Xcode/DerivedData/SleepCycle-cbzxdwygtqvxpycjunkumnsgsekw/Build/Intermediates.noindex/ArchiveIntermediates/SleepCycle/BuildProductsPath/Release-iphoneos/UMAPM

CreateBuildDirectory /Users/runner/Library/Developer/Xcode/DerivedData/SleepCycle-cbzxdwygtqvxpycjunkumnsgsekw/Build/Intermediates.noindex/ArchiveIntermediates/SleepCycle/BuildProductsPath/Release-iphoneos/SubscriptionKit
    cd /Users/runner/work/SleepCycle/SleepCycle
    builtin-create-build-directory /Users/runner/Library/Developer/Xcode/DerivedData/SleepCycle-cbzxdwygtqvxpycjunkumnsgsekw/Build/Intermediates.noindex/ArchiveIntermediates/SleepCycle/BuildProductsPath/Release-iphoneos/SubscriptionKit

WriteAuxiliaryFile /Users/runner/Library/Developer/Xcode/DerivedData/SleepCycle-cbzxdwygtqvxpycjunkumnsgsekw/Build/Intermediates.noindex/ArchiveIntermediates/SleepCycle/IntermediateBuildFilesPath/SleepCycle.build/Release-iphoneos/SleepCycle.build/SleepCycle.DependencyMetadataFileList (in target 'SleepCycle' from project 'SleepCycle')
    cd /Users/runner/work/SleepCycle/SleepCycle
    write-file /Users/runner/Library/Developer/Xcode/DerivedData/SleepCycle-cbzxdwygtqvxpycjunkumnsgsekw/Build/Intermediates.noindex/ArchiveIntermediates/SleepCycle/IntermediateBuildFilesPath/SleepCycle.build/Release-iphoneos/SleepCycle.build/SleepCycle.DependencyMetadataFileList

WriteAuxiliaryFile /Users/runner/Library/Developer/Xcode/DerivedData/SleepCycle-cbzxdwygtqvxpycjunkumnsgsekw/Build/Intermediates.noindex/ArchiveIntermediates/SleepCycle/IntermediateBuildFilesPath/SleepCycle.build/Release-iphoneos/SleepCycle.build/SleepCycle.hmap (in target 'SleepCycle' from project 'SleepCycle')
    cd /Users/runner/work/SleepCycle/SleepCycle
    write-file /Users/runner/Library/Developer/Xcode/DerivedData/SleepCycle-cbzxdwygtqvxpycjunkumnsgsekw/Build/Intermediates.noindex/ArchiveIntermediates/SleepCycle/IntermediateBuildFilesPath/SleepCycle.build/Release-iphoneos/SleepCycle.build/SleepCycle.hmap

WriteAuxiliaryFile /Users/runner/Library/Developer/Xcode/DerivedData/SleepCycle-cbzxdwygtqvxpycjunkumnsgsekw/Build/Intermediates.noindex/ArchiveIntermediates/SleepCycle/IntermediateBuildFilesPath/SleepCycle.build/Release-iphoneos/SleepCycle.build/SleepCycle.DependencyStaticMetadataFileList (in target 'SleepCycle' from project 'SleepCycle')
    cd /Users/runner/work/SleepCycle/SleepCycle
    write-file /Users/runner/Library/Developer/Xcode/DerivedData/SleepCycle-cbzxdwygtqvxpycjunkumnsgsekw/Build/Intermediates.noindex/ArchiveIntermediates/SleepCycle/IntermediateBuildFilesPath/SleepCycle.build/Release-iphoneos/SleepCycle.build/SleepCycle.DependencyStaticMetadataFileList

WriteAuxiliaryFile /Users/runner/Library/Developer/Xcode/DerivedData/SleepCycle-cbzxdwygtqvxpycjunkumnsgsekw/Build/Intermediates.noindex/ArchiveIntermediates/SleepCycle/IntermediateBuildFilesPath/SleepCycle.build/Release-iphoneos/SleepCycle.build/SleepCycle-project-headers.hmap (in target 'SleepCycle' from project 'SleepCycle')
    cd /Users/runner/work/SleepCycle/SleepCycle
    write-file /Users/runner/Library/Developer/Xcode/DerivedData/SleepCycle-cbzxdwygtqvxpycjunkumnsgsekw/Build/Intermediates.noindex/ArchiveIntermediates/SleepCycle/IntermediateBuildFilesPath/SleepCycle.build/Release-iphoneos/SleepCycle.build/SleepCycle-project-headers.hmap

PhaseScriptExecution [CP]\ Copy\ XCFrameworks /Users/runner/Library/Developer/Xcode/DerivedData/SleepCycle-cbzxdwygtqvxpycjunkumnsgsekw/Build/Intermediates.noindex/ArchiveIntermediates/SleepCycle/IntermediateBuildFilesPath/Pods.build/Release-iphoneos/UMDevice.build/Script-7FA724DF598A41383D72A3318D4C3A82.sh (in target 'UMDevice' from project 'Pods')
    cd /Users/runner/work/SleepCycle/SleepCycle/Pods
    /bin/sh -c /Users/runner/Library/Developer/Xcode/DerivedData/SleepCycle-cbzxdwygtqvxpycjunkumnsgsekw/Build/Intermediates.noindex/ArchiveIntermediates/SleepCycle/IntermediateBuildFilesPath/Pods.build/Release-iphoneos/UMDevice.build/Script-7FA724DF598A41383D72A3318D4C3A82.sh
Selected xcframework slice ios-arm64
rsync --delete -av --filter P .*.?????? --links --filter "- CVS/" --filter "- .svn/" --filter "- .git/" --filter "- .hg/" "/Users/runner/work/SleepCycle/SleepCycle/Pods/UMDevice/UMDevice_3.6.0/UMDevice.xcframework/ios-arm64/*" "/Users/runner/Library/Developer/Xcode/DerivedData/SleepCycle-cbzxdwygtqvxpycjunkumnsgsekw/Build/Intermediates.noindex/ArchiveIntermediates/SleepCycle/BuildProductsPath/Release-iphoneos/XCFrameworkIntermediates/UMDevice"
Transfer starting: 14 files
UMDevice.framework/
UMDevice.framework/Info.plist
UMDevice.framework/PrivacyInfo.xcprivacy
UMDevice.framework/UMDevice
UMDevice.framework/Headers/
UMDevice.framework/Headers/UMZid.h
UMDevice.framework/Modules/
UMDevice.framework/Modules/module.modulemap
UMDevice.framework/_CodeSignature/
UMDevice.framework/_CodeSignature/CodeDirectory
UMDevice.framework/_CodeSignature/CodeRequirements
UMDevice.framework/_CodeSignature/CodeRequirements-1
UMDevice.framework/_CodeSignature/CodeResources
UMDevice.framework/_CodeSignature/CodeSignature

sent 158825 bytes  received 264 bytes  38802195 bytes/sec
total size is 157345  speedup is 0.99
Copied /Users/runner/work/SleepCycle/SleepCycle/Pods/UMDevice/UMDevice_3.6.0/UMDevice.xcframework/ios-arm64 to /Users/runner/Library/Developer/Xcode/DerivedData/SleepCycle-cbzxdwygtqvxpycjunkumnsgsekw/Build/Intermediates.noindex/ArchiveIntermediates/SleepCycle/BuildProductsPath/Release-iphoneos/XCFrameworkIntermediates/UMDevice

WriteAuxiliaryFile /Users/runner/Library/Developer/Xcode/DerivedData/SleepCycle-cbzxdwygtqvxpycjunkumnsgsekw/Build/Intermediates.noindex/ArchiveIntermediates/SleepCycle/IntermediateBuildFilesPath/SleepCycle.build/Release-iphoneos/SleepCycle.build/SleepCycle-own-target-headers.hmap (in target 'SleepCycle' from project 'SleepCycle')
    cd /Users/runner/work/SleepCycle/SleepCycle
    write-file /Users/runner/Library/Developer/Xcode/DerivedData/SleepCycle-cbzxdwygtqvxpycjunkumnsgsekw/Build/Intermediates.noindex/ArchiveIntermediates/SleepCycle/IntermediateBuildFilesPath/SleepCycle.build/Release-iphoneos/SleepCycle.build/SleepCycle-own-target-headers.hmap

WriteAuxiliaryFile /Users/runner/Library/Developer/Xcode/DerivedData/SleepCycle-cbzxdwygtqvxpycjunkumnsgsekw/Build/Intermediates.noindex/ArchiveIntermediates/SleepCycle/IntermediateBuildFilesPath/SleepCycle.build/Release-iphoneos/SleepCycle.build/SleepCycle-generated-files.hmap (in target 'SleepCycle' from project 'SleepCycle')
    cd /Users/runner/work/SleepCycle/SleepCycle
    write-file /Users/runner/Library/Developer/Xcode/DerivedData/SleepCycle-cbzxdwygtqvxpycjunkumnsgsekw/Build/Intermediates.noindex/ArchiveIntermediates/SleepCycle/IntermediateBuildFilesPath/SleepCycle.build/Release-iphoneos/SleepCycle.build/SleepCycle-generated-files.hmap

WriteAuxiliaryFile /Users/runner/Library/Developer/Xcode/DerivedData/SleepCycle-cbzxdwygtqvxpycjunkumnsgsekw/Build/Intermediates.noindex/ArchiveIntermediates/SleepCycle/IntermediateBuildFilesPath/SleepCycle.build/Release-iphoneos/SleepCycle.build/SleepCycle-all-target-headers.hmap (in target 'SleepCycle' from project 'SleepCycle')
    cd /Users/runner/work/SleepCycle/SleepCycle
    write-file /Users/runner/Library/Developer/Xcode/DerivedData/SleepCycle-cbzxdwygtqvxpycjunkumnsgsekw/Build/Intermediates.noindex/ArchiveIntermediates/SleepCycle/IntermediateBuildFilesPath/SleepCycle.build/Release-iphoneos/SleepCycle.build/SleepCycle-all-target-headers.hmap

WriteAuxiliaryFile /Users/runner/Library/Developer/Xcode/DerivedData/SleepCycle-cbzxdwygtqvxpycjunkumnsgsekw/Build/Intermediates.noindex/ArchiveIntermediates/SleepCycle/IntermediateBuildFilesPath/SleepCycle.build/Release-iphoneos/SleepCycle.build/SleepCycle-all-non-framework-target-headers.hmap (in target 'SleepCycle' from project 'SleepCycle')
    cd /Users/runner/work/SleepCycle/SleepCycle
    write-file /Users/runner/Library/Developer/Xcode/DerivedData/SleepCycle-cbzxdwygtqvxpycjunkumnsgsekw/Build/Intermediates.noindex/ArchiveIntermediates/SleepCycle/IntermediateBuildFilesPath/SleepCycle.build/Release-iphoneos/SleepCycle.build/SleepCycle-all-non-framework-target-headers.hmap

WriteAuxiliaryFile /Users/runner/Library/Developer/Xcode/DerivedData/SleepCycle-cbzxdwygtqvxpycjunkumnsgsekw/Build/Intermediates.noindex/ArchiveIntermediates/SleepCycle/IntermediateBuildFilesPath/SleepCycle.build/Release-iphoneos/SleepCycle.build/Script-1121AD083FC2B88BBC6590D3.sh (in target 'SleepCycle' from project 'SleepCycle')
    cd /Users/runner/work/SleepCycle/SleepCycle
    write-file /Users/runner/Library/Developer/Xcode/DerivedData/SleepCycle-cbzxdwygtqvxpycjunkumnsgsekw/Build/Intermediates.noindex/ArchiveIntermediates/SleepCycle/IntermediateBuildFilesPath/SleepCycle.build/Release-iphoneos/SleepCycle.build/Script-1121AD083FC2B88BBC6590D3.sh

WriteAuxiliaryFile /Users/runner/Library/Developer/Xcode/DerivedData/SleepCycle-cbzxdwygtqvxpycjunkumnsgsekw/Build/Intermediates.noindex/ArchiveIntermediates/SleepCycle/IntermediateBuildFilesPath/SleepCycle.build/Release-iphoneos/SleepCycle.build/Objects-normal/arm64/SleepCycle_const_extract_protocols.json (in target 'SleepCycle' from project 'SleepCycle')
    cd /Users/runner/work/SleepCycle/SleepCycle
    write-file /Users/runner/Library/Developer/Xcode/DerivedData/SleepCycle-cbzxdwygtqvxpycjunkumnsgsekw/Build/Intermediates.noindex/ArchiveIntermediates/SleepCycle/IntermediateBuildFilesPath/SleepCycle.build/Release-iphoneos/SleepCycle.build/Objects-normal/arm64/SleepCycle_const_extract_protocols.json

WriteAuxiliaryFile /Users/runner/Library/Developer/Xcode/DerivedData/SleepCycle-cbzxdwygtqvxpycjunkumnsgsekw/Build/Intermediates.noindex/ArchiveIntermediates/SleepCycle/IntermediateBuildFilesPath/SleepCycle.build/Release-iphoneos/SleepCycle.build/Objects-normal/arm64/SleepCycle.SwiftFileList (in target 'SleepCycle' from project 'SleepCycle')
    cd /Users/runner/work/SleepCycle/SleepCycle
    write-file /Users/runner/Library/Developer/Xcode/DerivedData/SleepCycle-cbzxdwygtqvxpycjunkumnsgsekw/Build/Intermediates.noindex/ArchiveIntermediates/SleepCycle/IntermediateBuildFilesPath/SleepCycle.build/Release-iphoneos/SleepCycle.build/Objects-normal/arm64/SleepCycle.SwiftFileList

WriteAuxiliaryFile /Users/runner/Library/Developer/Xcode/DerivedData/SleepCycle-cbzxdwygtqvxpycjunkumnsgsekw/Build/Intermediates.noindex/ArchiveIntermediates/SleepCycle/IntermediateBuildFilesPath/SleepCycle.build/Release-iphoneos/SleepCycle.build/Objects-normal/arm64/SleepCycle.SwiftConstValuesFileList (in target 'SleepCycle' from project 'SleepCycle')
    cd /Users/runner/work/SleepCycle/SleepCycle
    write-file /Users/runner/Library/Developer/Xcode/DerivedData/SleepCycle-cbzxdwygtqvxpycjunkumnsgsekw/Build/Intermediates.noindex/ArchiveIntermediates/SleepCycle/IntermediateBuildFilesPath/SleepCycle.build/Release-iphoneos/SleepCycle.build/Objects-normal/arm64/SleepCycle.SwiftConstValuesFileList

WriteAuxiliaryFile /Users/runner/Library/Developer/Xcode/DerivedData/SleepCycle-cbzxdwygtqvxpycjunkumnsgsekw/Build/Intermediates.noindex/ArchiveIntermediates/SleepCycle/IntermediateBuildFilesPath/SleepCycle.build/Release-iphoneos/SleepCycle.build/Objects-normal/arm64/SleepCycle.LinkFileList (in target 'SleepCycle' from project 'SleepCycle')
    cd /Users/runner/work/SleepCycle/SleepCycle
    write-file /Users/runner/Library/Developer/Xcode/DerivedData/SleepCycle-cbzxdwygtqvxpycjunkumnsgsekw/Build/Intermediates.noindex/ArchiveIntermediates/SleepCycle/IntermediateBuildFilesPath/SleepCycle.build/Release-iphoneos/SleepCycle.build/Objects-normal/arm64/SleepCycle.LinkFileList

WriteAuxiliaryFile /Users/runner/Library/Developer/Xcode/DerivedData/SleepCycle-cbzxdwygtqvxpycjunkumnsgsekw/Build/Intermediates.noindex/ArchiveIntermediates/SleepCycle/IntermediateBuildFilesPath/SleepCycle.build/Release-iphoneos/SleepCycle.build/Objects-normal/arm64/SleepCycle-OutputFileMap.json (in target 'SleepCycle' from project 'SleepCycle')
    cd /Users/runner/work/SleepCycle/SleepCycle
    write-file /Users/runner/Library/Developer/Xcode/DerivedData/SleepCycle-cbzxdwygtqvxpycjunkumnsgsekw/Build/Intermediates.noindex/ArchiveIntermediates/SleepCycle/IntermediateBuildFilesPath/SleepCycle.build/Release-iphoneos/SleepCycle.build/Objects-normal/arm64/SleepCycle-OutputFileMap.json

WriteAuxiliaryFile /Users/runner/Library/Developer/Xcode/DerivedData/SleepCycle-cbzxdwygtqvxpycjunkumnsgsekw/Build/Intermediates.noindex/ArchiveIntermediates/SleepCycle/IntermediateBuildFilesPath/SleepCycle.build/Release-iphoneos/SleepCycle.build/Objects-normal/arm64/7187679823f38a2a940e0043cdf9d637-common-args.resp (in target 'SleepCycle' from project 'SleepCycle')
    cd /Users/runner/work/SleepCycle/SleepCycle
    write-file /Users/runner/Library/Developer/Xcode/DerivedData/SleepCycle-cbzxdwygtqvxpycjunkumnsgsekw/Build/Intermediates.noindex/ArchiveIntermediates/SleepCycle/IntermediateBuildFilesPath/SleepCycle.build/Release-iphoneos/SleepCycle.build/Objects-normal/arm64/7187679823f38a2a940e0043cdf9d637-common-args.resp
-target arm64-apple-ios16.0 '-std=gnu11' -fmodules -gmodules '-fmodules-cache-path=/Users/runner/Library/Developer/Xcode/DerivedData/ModuleCache.noindex' -fpascal-strings -Os -fno-common '-DCOCOAPODS=1' -isysroot /Applications/Xcode_26.3.app/Contents/Developer/Platforms/iPhoneOS.platform/Developer/SDKs/iPhoneOS26.2.sdk -g '-fvisibility=hidden' -iquote /Users/runner/Library/Developer/Xcode/DerivedData/SleepCycle-cbzxdwygtqvxpycjunkumnsgsekw/Build/Intermediates.noindex/ArchiveIntermediates/SleepCycle/IntermediateBuildFilesPath/SleepCycle.build/Release-iphoneos/SleepCycle.build/SleepCycle-generated-files.hmap -I/Users/runner/Library/Developer/Xcode/DerivedData/SleepCycle-cbzxdwygtqvxpycjunkumnsgsekw/Build/Intermediates.noindex/ArchiveIntermediates/SleepCycle/IntermediateBuildFilesPath/SleepCycle.build/Release-iphoneos/SleepCycle.build/SleepCycle-own-target-headers.hmap -I/Users/runner/Library/Developer/Xcode/DerivedData/SleepCycle-cbzxdwygtqvxpycjunkumnsgsekw/Build/Intermediates.noindex/ArchiveIntermediates/SleepCycle/IntermediateBuildFilesPath/SleepCycle.build/Release-iphoneos/SleepCycle.build/SleepCycle-all-non-framework-target-headers.hmap -ivfsoverlay /Users/runner/Library/Developer/Xcode/DerivedData/SleepCycle-cbzxdwygtqvxpycjunkumnsgsekw/Build/Intermediates.noindex/ArchiveIntermediates/SleepCycle/IntermediateBuildFilesPath/SleepCycle.build/Release-iphoneos/SleepCycle-c3e7bd4dd03994102489fc65901e5ef8-VFS-iphoneos/all-product-headers.yaml -iquote /Users/runner/Library/Developer/Xcode/DerivedData/SleepCycle-cbzxdwygtqvxpycjunkumnsgsekw/Build/Intermediates.noindex/ArchiveIntermediates/SleepCycle/IntermediateBuildFilesPath/SleepCycle.build/Release-iphoneos/SleepCycle.build/SleepCycle-project-headers.hmap -I/Users/runner/Library/Developer/Xcode/DerivedData/SleepCycle-cbzxdwygtqvxpycjunkumnsgsekw/Build/Intermediates.noindex/ArchiveIntermediates/SleepCycle/BuildProductsPath/Release-iphoneos/include -I/Users/runner/Library/Developer/Xcode/DerivedData/SleepCycle-cbzxdwygtqvxpycjunkumnsgsekw/Build/Intermediates.noindex/ArchiveIntermediates/SleepCycle/BuildProductsPath/Release-iphoneos/SubscriptionKit/SubscriptionKit.framework/Headers -I/Users/runner/Library/Developer/Xcode/DerivedData/SleepCycle-cbzxdwygtqvxpycjunkumnsgsekw/Build/Intermediates.noindex/ArchiveIntermediates/SleepCycle/IntermediateBuildFilesPath/SleepCycle.build/Release-iphoneos/SleepCycle.build/DerivedSources-normal/arm64 -I/Users/runner/Library/Developer/Xcode/DerivedData/SleepCycle-cbzxdwygtqvxpycjunkumnsgsekw/Build/Intermediates.noindex/ArchiveIntermediates/SleepCycle/IntermediateBuildFilesPath/SleepCycle.build/Release-iphoneos/SleepCycle.build/DerivedSources/arm64 -I/Users/runner/Library/Developer/Xcode/DerivedData/SleepCycle-cbzxdwygtqvxpycjunkumnsgsekw/Build/Intermediates.noindex/ArchiveIntermediates/SleepCycle/IntermediateBuildFilesPath/SleepCycle.build/Release-iphoneos/SleepCycle.build/DerivedSources -F/Users/runner/Library/Developer/Xcode/DerivedData/SleepCycle-cbzxdwygtqvxpycjunkumnsgsekw/Build/Intermediates.noindex/ArchiveIntermediates/SleepCycle/BuildProductsPath/Release-iphoneos -F/Users/runner/Library/Developer/Xcode/DerivedData/SleepCycle-cbzxdwygtqvxpycjunkumnsgsekw/Build/Intermediates.noindex/ArchiveIntermediates/SleepCycle/BuildProductsPath/Release-iphoneos/SubscriptionKit -F/Users/runner/work/SleepCycle/SleepCycle/Pods/UMAPM/UMAPM_2.0.7 -F/Users/runner/work/SleepCycle/SleepCycle/Pods/UMCommon/UMCommon_7.6.7 -F/Users/runner/work/SleepCycle/SleepCycle/Pods/UMDevice/UMDevice_3.6.0 -F/Users/runner/Library/Developer/Xcode/DerivedData/SleepCycle-cbzxdwygtqvxpycjunkumnsgsekw/Build/Intermediates.noindex/ArchiveIntermediates/SleepCycle/BuildProductsPath/Release-iphoneos/XCFrameworkIntermediates/UMAPM -F/Users/runner/Library/Developer/Xcode/DerivedData/SleepCycle-cbzxdwygtqvxpycjunkumnsgsekw/Build/Intermediates.noindex/ArchiveIntermediates/SleepCycle/BuildProductsPath/Release-iphoneos/XCFrameworkIntermediates/UMCommon -F/Users/runner/Library/Developer/Xcode/DerivedData/SleepCycle-cbzxdwygtqvxpycjunkumnsgsekw/Build/Intermediates.noindex/ArchiveIntermediates/SleepCycle/BuildProductsPath/Release-iphoneos/XCFrameworkIntermediates/UMDevice

WriteAuxiliaryFile /Users/runner/Library/Developer/Xcode/DerivedData/SleepCycle-cbzxdwygtqvxpycjunkumnsgsekw/Build/Intermediates.noindex/ArchiveIntermediates/SleepCycle/IntermediateBuildFilesPath/SleepCycle.build/Release-iphoneos/SleepCycle.build/DerivedSources/SleepCycle_vers.c (in target 'SleepCycle' from project 'SleepCycle')
    cd /Users/runner/work/SleepCycle/SleepCycle
    write-file /Users/runner/Library/Developer/Xcode/DerivedData/SleepCycle-cbzxdwygtqvxpycjunkumnsgsekw/Build/Intermediates.noindex/ArchiveIntermediates/SleepCycle/IntermediateBuildFilesPath/SleepCycle.build/Release-iphoneos/SleepCycle.build/DerivedSources/SleepCycle_vers.c

WriteAuxiliaryFile /Users/runner/Library/Developer/Xcode/DerivedData/SleepCycle-cbzxdwygtqvxpycjunkumnsgsekw/Build/Intermediates.noindex/ArchiveIntermediates/SleepCycle/IntermediateBuildFilesPath/SleepCycle.build/Release-iphoneos/SleepCycle.build/DerivedSources/Entitlements.plist (in target 'SleepCycle' from project 'SleepCycle')
    cd /Users/runner/work/SleepCycle/SleepCycle
    write-file /Users/runner/Library/Developer/Xcode/DerivedData/SleepCycle-cbzxdwygtqvxpycjunkumnsgsekw/Build/Intermediates.noindex/ArchiveIntermediates/SleepCycle/IntermediateBuildFilesPath/SleepCycle.build/Release-iphoneos/SleepCycle.build/DerivedSources/Entitlements.plist

WriteAuxiliaryFile /Users/runner/Library/Developer/Xcode/DerivedData/SleepCycle-cbzxdwygtqvxpycjunkumnsgsekw/Build/Intermediates.noindex/ArchiveIntermediates/SleepCycle/IntermediateBuildFilesPath/Pods.build/Release-iphoneos/Pods-SleepCycle.build/Pods_SleepCycle.hmap (in target 'Pods-SleepCycle' from project 'Pods')
    cd /Users/runner/work/SleepCycle/SleepCycle/Pods
    write-file /Users/runner/Library/Developer/Xcode/DerivedData/SleepCycle-cbzxdwygtqvxpycjunkumnsgsekw/Build/Intermediates.noindex/ArchiveIntermediates/SleepCycle/IntermediateBuildFilesPath/Pods.build/Release-iphoneos/Pods-SleepCycle.build/Pods_SleepCycle.hmap

WriteAuxiliaryFile /Users/runner/Library/Developer/Xcode/DerivedData/SleepCycle-cbzxdwygtqvxpycjunkumnsgsekw/Build/Intermediates.noindex/ArchiveIntermediates/SleepCycle/IntermediateBuildFilesPath/Pods.build/Release-iphoneos/Pods-SleepCycle.build/Pods_SleepCycle.DependencyStaticMetadataFileList (in target 'Pods-SleepCycle' from project 'Pods')
    cd /Users/runner/work/SleepCycle/SleepCycle/Pods
    write-file /Users/runner/Library/Developer/Xcode/DerivedData/SleepCycle-cbzxdwygtqvxpycjunkumnsgsekw/Build/Intermediates.noindex/ArchiveIntermediates/SleepCycle/IntermediateBuildFilesPath/Pods.build/Release-iphoneos/Pods-SleepCycle.build/Pods_SleepCycle.DependencyStaticMetadataFileList

WriteAuxiliaryFile /Users/runner/Library/Developer/Xcode/DerivedData/SleepCycle-cbzxdwygtqvxpycjunkumnsgsekw/Build/Intermediates.noindex/ArchiveIntermediates/SleepCycle/IntermediateBuildFilesPath/Pods.build/Release-iphoneos/Pods-SleepCycle.build/Pods_SleepCycle.DependencyMetadataFileList (in target 'Pods-SleepCycle' from project 'Pods')
    cd /Users/runner/work/SleepCycle/SleepCycle/Pods
    write-file /Users/runner/Library/Developer/Xcode/DerivedData/SleepCycle-cbzxdwygtqvxpycjunkumnsgsekw/Build/Intermediates.noindex/ArchiveIntermediates/SleepCycle/IntermediateBuildFilesPath/Pods.build/Release-iphoneos/Pods-SleepCycle.build/Pods_SleepCycle.DependencyMetadataFileList

WriteAuxiliaryFile /Users/runner/Library/Developer/Xcode/DerivedData/SleepCycle-cbzxdwygtqvxpycjunkumnsgsekw/Build/Intermediates.noindex/ArchiveIntermediates/SleepCycle/IntermediateBuildFilesPath/Pods.build/Release-iphoneos/Pods-SleepCycle.build/Pods_SleepCycle-project-headers.hmap (in target 'Pods-SleepCycle' from project 'Pods')
    cd /Users/runner/work/SleepCycle/SleepCycle/Pods
    write-file /Users/runner/Library/Developer/Xcode/DerivedData/SleepCycle-cbzxdwygtqvxpycjunkumnsgsekw/Build/Intermediates.noindex/ArchiveIntermediates/SleepCycle/IntermediateBuildFilesPath/Pods.build/Release-iphoneos/Pods-SleepCycle.build/Pods_SleepCycle-project-headers.hmap

WriteAuxiliaryFile /Users/runner/Library/Developer/Xcode/DerivedData/SleepCycle-cbzxdwygtqvxpycjunkumnsgsekw/Build/Intermediates.noindex/ArchiveIntermediates/SleepCycle/IntermediateBuildFilesPath/Pods.build/Release-iphoneos/Pods-SleepCycle.build/Pods_SleepCycle-own-target-headers.hmap (in target 'Pods-SleepCycle' from project 'Pods')
    cd /Users/runner/work/SleepCycle/SleepCycle/Pods
    write-file /Users/runner/Library/Developer/Xcode/DerivedData/SleepCycle-cbzxdwygtqvxpycjunkumnsgsekw/Build/Intermediates.noindex/ArchiveIntermediates/SleepCycle/IntermediateBuildFilesPath/Pods.build/Release-iphoneos/Pods-SleepCycle.build/Pods_SleepCycle-own-target-headers.hmap

WriteAuxiliaryFile /Users/runner/Library/Developer/Xcode/DerivedData/SleepCycle-cbzxdwygtqvxpycjunkumnsgsekw/Build/Intermediates.noindex/ArchiveIntermediates/SleepCycle/IntermediateBuildFilesPath/Pods.build/Release-iphoneos/Pods-SleepCycle.build/Pods_SleepCycle-generated-files.hmap (in target 'Pods-SleepCycle' from project 'Pods')
    cd /Users/runner/work/SleepCycle/SleepCycle/Pods
    write-file /Users/runner/Library/Developer/Xcode/DerivedData/SleepCycle-cbzxdwygtqvxpycjunkumnsgsekw/Build/Intermediates.noindex/ArchiveIntermediates/SleepCycle/IntermediateBuildFilesPath/Pods.build/Release-iphoneos/Pods-SleepCycle.build/Pods_SleepCycle-generated-files.hmap

WriteAuxiliaryFile /Users/runner/Library/Developer/Xcode/DerivedData/SleepCycle-cbzxdwygtqvxpycjunkumnsgsekw/Build/Intermediates.noindex/ArchiveIntermediates/SleepCycle/IntermediateBuildFilesPath/Pods.build/Release-iphoneos/Pods-SleepCycle.build/Pods_SleepCycle-all-target-headers.hmap (in target 'Pods-SleepCycle' from project 'Pods')
    cd /Users/runner/work/SleepCycle/SleepCycle/Pods
    write-file /Users/runner/Library/Developer/Xcode/DerivedData/SleepCycle-cbzxdwygtqvxpycjunkumnsgsekw/Build/Intermediates.noindex/ArchiveIntermediates/SleepCycle/IntermediateBuildFilesPath/Pods.build/Release-iphoneos/Pods-SleepCycle.build/Pods_SleepCycle-all-target-headers.hmap

WriteAuxiliaryFile /Users/runner/Library/Developer/Xcode/DerivedData/SleepCycle-cbzxdwygtqvxpycjunkumnsgsekw/Build/Intermediates.noindex/ArchiveIntermediates/SleepCycle/IntermediateBuildFilesPath/Pods.build/Release-iphoneos/Pods-SleepCycle.build/Pods_SleepCycle-all-non-framework-target-headers.hmap (in target 'Pods-SleepCycle' from project 'Pods')
    cd /Users/runner/work/SleepCycle/SleepCycle/Pods
    write-file /Users/runner/Library/Developer/Xcode/DerivedData/SleepCycle-cbzxdwygtqvxpycjunkumnsgsekw/Build/Intermediates.noindex/ArchiveIntermediates/SleepCycle/IntermediateBuildFilesPath/Pods.build/Release-iphoneos/Pods-SleepCycle.build/Pods_SleepCycle-all-non-framework-target-headers.hmap

WriteAuxiliaryFile /Users/runner/Library/Developer/Xcode/DerivedData/SleepCycle-cbzxdwygtqvxpycjunkumnsgsekw/Build/Intermediates.noindex/ArchiveIntermediates/SleepCycle/IntermediateBuildFilesPath/Pods.build/Release-iphoneos/Pods-SleepCycle.build/Objects-normal/arm64/e6072d4f65d7061329687fe24e3d63a7-common-args.resp (in target 'Pods-SleepCycle' from project 'Pods')
    cd /Users/runner/work/SleepCycle/SleepCycle/Pods
    write-file /Users/runner/Library/Developer/Xcode/DerivedData/SleepCycle-cbzxdwygtqvxpycjunkumnsgsekw/Build/Intermediates.noindex/ArchiveIntermediates/SleepCycle/IntermediateBuildFilesPath/Pods.build/Release-iphoneos/Pods-SleepCycle.build/Objects-normal/arm64/e6072d4f65d7061329687fe24e3d63a7-common-args.resp
-target arm64-apple-ios15.0 '-std=gnu11' -fobjc-arc -fmodules -gmodules '-fmodules-cache-path=/Users/runner/Library/Developer/Xcode/DerivedData/ModuleCache.noindex' '-fmodule-name=Pods_SleepCycle' -fpascal-strings -Os -fno-common '-DPOD_CONFIGURATION_RELEASE=1' '-DCOCOAPODS=1' '-DNS_BLOCK_ASSERTIONS=1' '-DOBJC_OLD_DISPATCH_PROTOTYPES=0' -isysroot /Applications/Xcode_26.3.app/Contents/Developer/Platforms/iPhoneOS.platform/Developer/SDKs/iPhoneOS26.2.sdk -g -iquote /Users/runner/Library/Developer/Xcode/DerivedData/SleepCycle-cbzxdwygtqvxpycjunkumnsgsekw/Build/Intermediates.noindex/ArchiveIntermediates/SleepCycle/IntermediateBuildFilesPath/Pods.build/Release-iphoneos/Pods-SleepCycle.build/Pods_SleepCycle-generated-files.hmap -I/Users/runner/Library/Developer/Xcode/DerivedData/SleepCycle-cbzxdwygtqvxpycjunkumnsgsekw/Build/Intermediates.noindex/ArchiveIntermediates/SleepCycle/IntermediateBuildFilesPath/Pods.build/Release-iphoneos/Pods-SleepCycle.build/Pods_SleepCycle-own-target-headers.hmap -I/Users/runner/Library/Developer/Xcode/DerivedData/SleepCycle-cbzxdwygtqvxpycjunkumnsgsekw/Build/Intermediates.noindex/ArchiveIntermediates/SleepCycle/IntermediateBuildFilesPath/Pods.build/Release-iphoneos/Pods-SleepCycle.build/Pods_SleepCycle-all-non-framework-target-headers.hmap -ivfsoverlay /Users/runner/Library/Developer/Xcode/DerivedData/SleepCycle-cbzxdwygtqvxpycjunkumnsgsekw/Build/Intermediates.noindex/ArchiveIntermediates/SleepCycle/IntermediateBuildFilesPath/Pods.build/Release-iphoneos/Pods-8699adb1dd336b26511df848a716bd42-VFS-iphoneos/all-product-headers.yaml -iquote /Users/runner/Library/Developer/Xcode/DerivedData/SleepCycle-cbzxdwygtqvxpycjunkumnsgsekw/Build/Intermediates.noindex/ArchiveIntermediates/SleepCycle/IntermediateBuildFilesPath/Pods.build/Release-iphoneos/Pods-SleepCycle.build/Pods_SleepCycle-project-headers.hmap -I/Users/runner/Library/Developer/Xcode/DerivedData/SleepCycle-cbzxdwygtqvxpycjunkumnsgsekw/Build/Intermediates.noindex/ArchiveIntermediates/SleepCycle/BuildProductsPath/Release-iphoneos/include -I/Users/runner/Library/Developer/Xcode/DerivedData/SleepCycle-cbzxdwygtqvxpycjunkumnsgsekw/Build/Intermediates.noindex/ArchiveIntermediates/SleepCycle/BuildProductsPath/Release-iphoneos/SubscriptionKit/SubscriptionKit.framework/Headers -I/Users/runner/Library/Developer/Xcode/DerivedData/SleepCycle-cbzxdwygtqvxpycjunkumnsgsekw/Build/Intermediates.noindex/ArchiveIntermediates/SleepCycle/IntermediateBuildFilesPath/Pods.build/Release-iphoneos/Pods-SleepCycle.build/DerivedSources-normal/arm64 -I/Users/runner/Library/Developer/Xcode/DerivedData/SleepCycle-cbzxdwygtqvxpycjunkumnsgsekw/Build/Intermediates.noindex/ArchiveIntermediates/SleepCycle/IntermediateBuildFilesPath/Pods.build/Release-iphoneos/Pods-SleepCycle.build/DerivedSources/arm64 -I/Users/runner/Library/Developer/Xcode/DerivedData/SleepCycle-cbzxdwygtqvxpycjunkumnsgsekw/Build/Intermediates.noindex/ArchiveIntermediates/SleepCycle/IntermediateBuildFilesPath/Pods.build/Release-iphoneos/Pods-SleepCycle.build/DerivedSources -F/Users/runner/Library/Developer/Xcode/DerivedData/SleepCycle-cbzxdwygtqvxpycjunkumnsgsekw/Build/Intermediates.noindex/ArchiveIntermediates/SleepCycle/BuildProductsPath/Release-iphoneos -F/Users/runner/Library/Developer/Xcode/DerivedData/SleepCycle-cbzxdwygtqvxpycjunkumnsgsekw/Build/Intermediates.noindex/ArchiveIntermediates/SleepCycle/BuildProductsPath/Release-iphoneos/SubscriptionKit -F/Users/runner/work/SleepCycle/SleepCycle/Pods/UMAPM/UMAPM_2.0.7 -F/Users/runner/work/SleepCycle/SleepCycle/Pods/UMCommon/UMCommon_7.6.7 -F/Users/runner/work/SleepCycle/SleepCycle/Pods/UMDevice/UMDevice_3.6.0 -F/Users/runner/Library/Developer/Xcode/DerivedData/SleepCycle-cbzxdwygtqvxpycjunkumnsgsekw/Build/Intermediates.noindex/ArchiveIntermediates/SleepCycle/BuildProductsPath/Release-iphoneos/XCFrameworkIntermediates/UMAPM -F/Users/runner/Library/Developer/Xcode/DerivedData/SleepCycle-cbzxdwygtqvxpycjunkumnsgsekw/Build/Intermediates.noindex/ArchiveIntermediates/SleepCycle/BuildProductsPath/Release-iphoneos/XCFrameworkIntermediates/UMCommon -F/Users/runner/Library/Developer/Xcode/DerivedData/SleepCycle-cbzxdwygtqvxpycjunkumnsgsekw/Build/Intermediates.noindex/ArchiveIntermediates/SleepCycle/BuildProductsPath/Release-iphoneos/XCFrameworkIntermediates/UMDevice

WriteAuxiliaryFile /Users/runner/Library/Developer/Xcode/DerivedData/SleepCycle-cbzxdwygtqvxpycjunkumnsgsekw/Build/Intermediates.noindex/ArchiveIntermediates/SleepCycle/IntermediateBuildFilesPath/Pods.build/Release-iphoneos/Pods-SleepCycle.build/Objects-normal/arm64/Pods_SleepCycle.LinkFileList (in target 'Pods-SleepCycle' from project 'Pods')
    cd /Users/runner/work/SleepCycle/SleepCycle/Pods
    write-file /Users/runner/Library/Developer/Xcode/DerivedData/SleepCycle-cbzxdwygtqvxpycjunkumnsgsekw/Build/Intermediates.noindex/ArchiveIntermediates/SleepCycle/IntermediateBuildFilesPath/Pods.build/Release-iphoneos/Pods-SleepCycle.build/Objects-normal/arm64/Pods_SleepCycle.LinkFileList

WriteAuxiliaryFile /Users/runner/Library/Developer/Xcode/DerivedData/SleepCycle-cbzxdwygtqvxpycjunkumnsgsekw/Build/Intermediates.noindex/ArchiveIntermediates/SleepCycle/IntermediateBuildFilesPath/Pods.build/Release-iphoneos/Pods-SleepCycle.build/Objects-normal/arm64/7187679823f38a2a940e0043cdf9d637-common-args.resp (in target 'Pods-SleepCycle' from project 'Pods')
    cd /Users/runner/work/SleepCycle/SleepCycle/Pods
    write-file /Users/runner/Library/Developer/Xcode/DerivedData/SleepCycle-cbzxdwygtqvxpycjunkumnsgsekw/Build/Intermediates.noindex/ArchiveIntermediates/SleepCycle/IntermediateBuildFilesPath/Pods.build/Release-iphoneos/Pods-SleepCycle.build/Objects-normal/arm64/7187679823f38a2a940e0043cdf9d637-common-args.resp
-target arm64-apple-ios15.0 '-std=gnu11' -fmodules -gmodules '-fmodules-cache-path=/Users/runner/Library/Developer/Xcode/DerivedData/ModuleCache.noindex' '-fmodule-name=Pods_SleepCycle' -fpascal-strings -Os -fno-common '-DPOD_CONFIGURATION_RELEASE=1' '-DCOCOAPODS=1' -isysroot /Applications/Xcode_26.3.app/Contents/Developer/Platforms/iPhoneOS.platform/Developer/SDKs/iPhoneOS26.2.sdk -g -iquote /Users/runner/Library/Developer/Xcode/DerivedData/SleepCycle-cbzxdwygtqvxpycjunkumnsgsekw/Build/Intermediates.noindex/ArchiveIntermediates/SleepCycle/IntermediateBuildFilesPath/Pods.build/Release-iphoneos/Pods-SleepCycle.build/Pods_SleepCycle-generated-files.hmap -I/Users/runner/Library/Developer/Xcode/DerivedData/SleepCycle-cbzxdwygtqvxpycjunkumnsgsekw/Build/Intermediates.noindex/ArchiveIntermediates/SleepCycle/IntermediateBuildFilesPath/Pods.build/Release-iphoneos/Pods-SleepCycle.build/Pods_SleepCycle-own-target-headers.hmap -I/Users/runner/Library/Developer/Xcode/DerivedData/SleepCycle-cbzxdwygtqvxpycjunkumnsgsekw/Build/Intermediates.noindex/ArchiveIntermediates/SleepCycle/IntermediateBuildFilesPath/Pods.build/Release-iphoneos/Pods-SleepCycle.build/Pods_SleepCycle-all-non-framework-target-headers.hmap -ivfsoverlay /Users/runner/Library/Developer/Xcode/DerivedData/SleepCycle-cbzxdwygtqvxpycjunkumnsgsekw/Build/Intermediates.noindex/ArchiveIntermediates/SleepCycle/IntermediateBuildFilesPath/Pods.build/Release-iphoneos/Pods-8699adb1dd336b26511df848a716bd42-VFS-iphoneos/all-product-headers.yaml -iquote /Users/runner/Library/Developer/Xcode/DerivedData/SleepCycle-cbzxdwygtqvxpycjunkumnsgsekw/Build/Intermediates.noindex/ArchiveIntermediates/SleepCycle/IntermediateBuildFilesPath/Pods.build/Release-iphoneos/Pods-SleepCycle.build/Pods_SleepCycle-project-headers.hmap -I/Users/runner/Library/Developer/Xcode/DerivedData/SleepCycle-cbzxdwygtqvxpycjunkumnsgsekw/Build/Intermediates.noindex/ArchiveIntermediates/SleepCycle/BuildProductsPath/Release-iphoneos/include -I/Users/runner/Library/Developer/Xcode/DerivedData/SleepCycle-cbzxdwygtqvxpycjunkumnsgsekw/Build/Intermediates.noindex/ArchiveIntermediates/SleepCycle/BuildProductsPath/Release-iphoneos/SubscriptionKit/SubscriptionKit.framework/Headers -I/Users/runner/Library/Developer/Xcode/DerivedData/SleepCycle-cbzxdwygtqvxpycjunkumnsgsekw/Build/Intermediates.noindex/ArchiveIntermediates/SleepCycle/IntermediateBuildFilesPath/Pods.build/Release-iphoneos/Pods-SleepCycle.build/DerivedSources-normal/arm64 -I/Users/runner/Library/Developer/Xcode/DerivedData/SleepCycle-cbzxdwygtqvxpycjunkumnsgsekw/Build/Intermediates.noindex/ArchiveIntermediates/SleepCycle/IntermediateBuildFilesPath/Pods.build/Release-iphoneos/Pods-SleepCycle.build/DerivedSources/arm64 -I/Users/runner/Library/Developer/Xcode/DerivedData/SleepCycle-cbzxdwygtqvxpycjunkumnsgsekw/Build/Intermediates.noindex/ArchiveIntermediates/SleepCycle/IntermediateBuildFilesPath/Pods.build/Release-iphoneos/Pods-SleepCycle.build/DerivedSources -F/Users/runner/Library/Developer/Xcode/DerivedData/SleepCycle-cbzxdwygtqvxpycjunkumnsgsekw/Build/Intermediates.noindex/ArchiveIntermediates/SleepCycle/BuildProductsPath/Release-iphoneos -F/Users/runner/Library/Developer/Xcode/DerivedData/SleepCycle-cbzxdwygtqvxpycjunkumnsgsekw/Build/Intermediates.noindex/ArchiveIntermediates/SleepCycle/BuildProductsPath/Release-iphoneos/SubscriptionKit -F/Users/runner/work/SleepCycle/SleepCycle/Pods/UMAPM/UMAPM_2.0.7 -F/Users/runner/work/SleepCycle/SleepCycle/Pods/UMCommon/UMCommon_7.6.7 -F/Users/runner/work/SleepCycle/SleepCycle/Pods/UMDevice/UMDevice_3.6.0 -F/Users/runner/Library/Developer/Xcode/DerivedData/SleepCycle-cbzxdwygtqvxpycjunkumnsgsekw/Build/Intermediates.noindex/ArchiveIntermediates/SleepCycle/BuildProductsPath/Release-iphoneos/XCFrameworkIntermediates/UMAPM -F/Users/runner/Library/Developer/Xcode/DerivedData/SleepCycle-cbzxdwygtqvxpycjunkumnsgsekw/Build/Intermediates.noindex/ArchiveIntermediates/SleepCycle/BuildProductsPath/Release-iphoneos/XCFrameworkIntermediates/UMCommon -F/Users/runner/Library/Developer/Xcode/DerivedData/SleepCycle-cbzxdwygtqvxpycjunkumnsgsekw/Build/Intermediates.noindex/ArchiveIntermediates/SleepCycle/BuildProductsPath/Release-iphoneos/XCFrameworkIntermediates/UMDevice

WriteAuxiliaryFile /Users/runner/Library/Developer/Xcode/DerivedData/SleepCycle-cbzxdwygtqvxpycjunkumnsgsekw/Build/Intermediates.noindex/ArchiveIntermediates/SleepCycle/IntermediateBuildFilesPath/Pods.build/Release-iphoneos/Pods-SleepCycle.build/DerivedSources/Pods_SleepCycle_vers.c (in target 'Pods-SleepCycle' from project 'Pods')
    cd /Users/runner/work/SleepCycle/SleepCycle/Pods
    write-file /Users/runner/Library/Developer/Xcode/DerivedData/SleepCycle-cbzxdwygtqvxpycjunkumnsgsekw/Build/Intermediates.noindex/ArchiveIntermediates/SleepCycle/IntermediateBuildFilesPath/Pods.build/Release-iphoneos/Pods-SleepCycle.build/DerivedSources/Pods_SleepCycle_vers.c

CpHeader /Users/runner/Library/Developer/Xcode/DerivedData/SleepCycle-cbzxdwygtqvxpycjunkumnsgsekw/Build/Intermediates.noindex/ArchiveIntermediates/SleepCycle/IntermediateBuildFilesPath/UninstalledProducts/iphoneos/Pods_SleepCycle.framework/Headers/Pods-SleepCycle-umbrella.h /Users/runner/work/SleepCycle/SleepCycle/Pods/Target\ Support\ Files/Pods-SleepCycle/Pods-SleepCycle-umbrella.h (in target 'Pods-SleepCycle' from project 'Pods')
    cd /Users/runner/work/SleepCycle/SleepCycle/Pods
    builtin-copy -exclude .DS_Store -exclude CVS -exclude .svn -exclude .git -exclude .hg -resolve-src-symlinks /Users/runner/work/SleepCycle/SleepCycle/Pods/Target\ Support\ Files/Pods-SleepCycle/Pods-SleepCycle-umbrella.h /Users/runner/Library/Developer/Xcode/DerivedData/SleepCycle-cbzxdwygtqvxpycjunkumnsgsekw/Build/Intermediates.noindex/ArchiveIntermediates/SleepCycle/IntermediateBuildFilesPath/UninstalledProducts/iphoneos/Pods_SleepCycle.framework/Headers

Copy /Users/runner/Library/Developer/Xcode/DerivedData/SleepCycle-cbzxdwygtqvxpycjunkumnsgsekw/Build/Intermediates.noindex/ArchiveIntermediates/SleepCycle/IntermediateBuildFilesPath/Pods.build/Release-iphoneos/Pods-SleepCycle.build/module.modulemap /Users/runner/work/SleepCycle/SleepCycle/Pods/Target\ Support\ Files/Pods-SleepCycle/Pods-SleepCycle.modulemap (in target 'Pods-SleepCycle' from project 'Pods')
    cd /Users/runner/work/SleepCycle/SleepCycle/Pods
    builtin-copy -exclude .DS_Store -exclude CVS -exclude .svn -exclude .git -exclude .hg -resolve-src-symlinks -rename /Users/runner/work/SleepCycle/SleepCycle/Pods/Target\ Support\ Files/Pods-SleepCycle/Pods-SleepCycle.modulemap /Users/runner/Library/Developer/Xcode/DerivedData/SleepCycle-cbzxdwygtqvxpycjunkumnsgsekw/Build/Intermediates.noindex/ArchiveIntermediates/SleepCycle/IntermediateBuildFilesPath/Pods.build/Release-iphoneos/Pods-SleepCycle.build/module.modulemap

SymLink /Users/runner/Library/Developer/Xcode/DerivedData/SleepCycle-cbzxdwygtqvxpycjunkumnsgsekw/Build/Intermediates.noindex/ArchiveIntermediates/SleepCycle/BuildProductsPath/Release-iphoneos/SleepCycle.app ../../InstallationBuildProductsLocation/Applications/SleepCycle.app (in target 'SleepCycle' from project 'SleepCycle')
    cd /Users/runner/work/SleepCycle/SleepCycle
    /bin/ln -sfh ../../InstallationBuildProductsLocation/Applications/SleepCycle.app /Users/runner/Library/Developer/Xcode/DerivedData/SleepCycle-cbzxdwygtqvxpycjunkumnsgsekw/Build/Intermediates.noindex/ArchiveIntermediates/SleepCycle/BuildProductsPath/Release-iphoneos/SleepCycle.app

WriteAuxiliaryFile /Users/runner/Library/Developer/Xcode/DerivedData/SleepCycle-cbzxdwygtqvxpycjunkumnsgsekw/Build/Intermediates.noindex/ArchiveIntermediates/SleepCycle/IntermediateBuildFilesPath/Pods.build/Release-iphoneos/SubscriptionKit.build/unextended-module-swiftunextension.modulemap (in target 'SubscriptionKit' from project 'Pods')
    cd /Users/runner/work/SleepCycle/SleepCycle/Pods
    write-file /Users/runner/Library/Developer/Xcode/DerivedData/SleepCycle-cbzxdwygtqvxpycjunkumnsgsekw/Build/Intermediates.noindex/ArchiveIntermediates/SleepCycle/IntermediateBuildFilesPath/Pods.build/Release-iphoneos/SubscriptionKit.build/unextended-module-swiftunextension.modulemap

WriteAuxiliaryFile /Users/runner/Library/Developer/Xcode/DerivedData/SleepCycle-cbzxdwygtqvxpycjunkumnsgsekw/Build/Intermediates.noindex/ArchiveIntermediates/SleepCycle/IntermediateBuildFilesPath/Pods.build/Release-iphoneos/SubscriptionKit.build/module-swiftextension.modulemap (in target 'SubscriptionKit' from project 'Pods')
    cd /Users/runner/work/SleepCycle/SleepCycle/Pods
    write-file /Users/runner/Library/Developer/Xcode/DerivedData/SleepCycle-cbzxdwygtqvxpycjunkumnsgsekw/Build/Intermediates.noindex/ArchiveIntermediates/SleepCycle/IntermediateBuildFilesPath/Pods.build/Release-iphoneos/SubscriptionKit.build/module-swiftextension.modulemap

WriteAuxiliaryFile /Users/runner/Library/Developer/Xcode/DerivedData/SleepCycle-cbzxdwygtqvxpycjunkumnsgsekw/Build/Intermediates.noindex/ArchiveIntermediates/SleepCycle/IntermediateBuildFilesPath/Pods.build/Release-iphoneos/SubscriptionKit.build/unextended-module-overlay.yaml (in target 'SubscriptionKit' from project 'Pods')
    cd /Users/runner/work/SleepCycle/SleepCycle/Pods
    write-file /Users/runner/Library/Developer/Xcode/DerivedData/SleepCycle-cbzxdwygtqvxpycjunkumnsgsekw/Build/Intermediates.noindex/ArchiveIntermediates/SleepCycle/IntermediateBuildFilesPath/Pods.build/Release-iphoneos/SubscriptionKit.build/unextended-module-overlay.yaml

WriteAuxiliaryFile /Users/runner/Library/Developer/Xcode/DerivedData/SleepCycle-cbzxdwygtqvxpycjunkumnsgsekw/Build/Intermediates.noindex/ArchiveIntermediates/SleepCycle/IntermediateBuildFilesPath/Pods.build/Release-iphoneos/SubscriptionKit.build/SubscriptionKit.hmap (in target 'SubscriptionKit' from project 'Pods')
    cd /Users/runner/work/SleepCycle/SleepCycle/Pods
    write-file /Users/runner/Library/Developer/Xcode/DerivedData/SleepCycle-cbzxdwygtqvxpycjunkumnsgsekw/Build/Intermediates.noindex/ArchiveIntermediates/SleepCycle/IntermediateBuildFilesPath/Pods.build/Release-iphoneos/SubscriptionKit.build/SubscriptionKit.hmap

WriteAuxiliaryFile /Users/runner/Library/Developer/Xcode/DerivedData/SleepCycle-cbzxdwygtqvxpycjunkumnsgsekw/Build/Intermediates.noindex/ArchiveIntermediates/SleepCycle/IntermediateBuildFilesPath/Pods.build/Release-iphoneos/SubscriptionKit.build/SubscriptionKit.DependencyStaticMetadataFileList (in target 'SubscriptionKit' from project 'Pods')
    cd /Users/runner/work/SleepCycle/SleepCycle/Pods
    write-file /Users/runner/Library/Developer/Xcode/DerivedData/SleepCycle-cbzxdwygtqvxpycjunkumnsgsekw/Build/Intermediates.noindex/ArchiveIntermediates/SleepCycle/IntermediateBuildFilesPath/Pods.build/Release-iphoneos/SubscriptionKit.build/SubscriptionKit.DependencyStaticMetadataFileList

WriteAuxiliaryFile /Users/runner/Library/Developer/Xcode/DerivedData/SleepCycle-cbzxdwygtqvxpycjunkumnsgsekw/Build/Intermediates.noindex/ArchiveIntermediates/SleepCycle/IntermediateBuildFilesPath/Pods.build/Release-iphoneos/SubscriptionKit.build/SubscriptionKit.DependencyMetadataFileList (in target 'SubscriptionKit' from project 'Pods')
    cd /Users/runner/work/SleepCycle/SleepCycle/Pods
    write-file /Users/runner/Library/Developer/Xcode/DerivedData/SleepCycle-cbzxdwygtqvxpycjunkumnsgsekw/Build/Intermediates.noindex/ArchiveIntermediates/SleepCycle/IntermediateBuildFilesPath/Pods.build/Release-iphoneos/SubscriptionKit.build/SubscriptionKit.DependencyMetadataFileList

WriteAuxiliaryFile /Users/runner/Library/Developer/Xcode/DerivedData/SleepCycle-cbzxdwygtqvxpycjunkumnsgsekw/Build/Intermediates.noindex/ArchiveIntermediates/SleepCycle/IntermediateBuildFilesPath/Pods.build/Release-iphoneos/SubscriptionKit.build/SubscriptionKit-project-headers.hmap (in target 'SubscriptionKit' from project 'Pods')
    cd /Users/runner/work/SleepCycle/SleepCycle/Pods
    write-file /Users/runner/Library/Developer/Xcode/DerivedData/SleepCycle-cbzxdwygtqvxpycjunkumnsgsekw/Build/Intermediates.noindex/ArchiveIntermediates/SleepCycle/IntermediateBuildFilesPath/Pods.build/Release-iphoneos/SubscriptionKit.build/SubscriptionKit-project-headers.hmap

WriteAuxiliaryFile /Users/runner/Library/Developer/Xcode/DerivedData/SleepCycle-cbzxdwygtqvxpycjunkumnsgsekw/Build/Intermediates.noindex/ArchiveIntermediates/SleepCycle/IntermediateBuildFilesPath/Pods.build/Release-iphoneos/SubscriptionKit.build/SubscriptionKit-own-target-headers.hmap (in target 'SubscriptionKit' from project 'Pods')
    cd /Users/runner/work/SleepCycle/SleepCycle/Pods
    write-file /Users/runner/Library/Developer/Xcode/DerivedData/SleepCycle-cbzxdwygtqvxpycjunkumnsgsekw/Build/Intermediates.noindex/ArchiveIntermediates/SleepCycle/IntermediateBuildFilesPath/Pods.build/Release-iphoneos/SubscriptionKit.build/SubscriptionKit-own-target-headers.hmap

WriteAuxiliaryFile /Users/runner/Library/Developer/Xcode/DerivedData/SleepCycle-cbzxdwygtqvxpycjunkumnsgsekw/Build/Intermediates.noindex/ArchiveIntermediates/SleepCycle/IntermediateBuildFilesPath/Pods.build/Release-iphoneos/SubscriptionKit.build/SubscriptionKit-generated-files.hmap (in target 'SubscriptionKit' from project 'Pods')
    cd /Users/runner/work/SleepCycle/SleepCycle/Pods
    write-file /Users/runner/Library/Developer/Xcode/DerivedData/SleepCycle-cbzxdwygtqvxpycjunkumnsgsekw/Build/Intermediates.noindex/ArchiveIntermediates/SleepCycle/IntermediateBuildFilesPath/Pods.build/Release-iphoneos/SubscriptionKit.build/SubscriptionKit-generated-files.hmap

WriteAuxiliaryFile /Users/runner/Library/Developer/Xcode/DerivedData/SleepCycle-cbzxdwygtqvxpycjunkumnsgsekw/Build/Intermediates.noindex/ArchiveIntermediates/SleepCycle/IntermediateBuildFilesPath/Pods.build/Release-iphoneos/SubscriptionKit.build/SubscriptionKit-all-target-headers.hmap (in target 'SubscriptionKit' from project 'Pods')
    cd /Users/runner/work/SleepCycle/SleepCycle/Pods
    write-file /Users/runner/Library/Developer/Xcode/DerivedData/SleepCycle-cbzxdwygtqvxpycjunkumnsgsekw/Build/Intermediates.noindex/ArchiveIntermediates/SleepCycle/IntermediateBuildFilesPath/Pods.build/Release-iphoneos/SubscriptionKit.build/SubscriptionKit-all-target-headers.hmap

WriteAuxiliaryFile /Users/runner/Library/Developer/Xcode/DerivedData/SleepCycle-cbzxdwygtqvxpycjunkumnsgsekw/Build/Intermediates.noindex/ArchiveIntermediates/SleepCycle/IntermediateBuildFilesPath/Pods.build/Release-iphoneos/SubscriptionKit.build/SubscriptionKit-all-non-framework-target-headers.hmap (in target 'SubscriptionKit' from project 'Pods')
    cd /Users/runner/work/SleepCycle/SleepCycle/Pods
    write-file /Users/runner/Library/Developer/Xcode/DerivedData/SleepCycle-cbzxdwygtqvxpycjunkumnsgsekw/Build/Intermediates.noindex/ArchiveIntermediates/SleepCycle/IntermediateBuildFilesPath/Pods.build/Release-iphoneos/SubscriptionKit.build/SubscriptionKit-all-non-framework-target-headers.hmap

WriteAuxiliaryFile /Users/runner/Library/Developer/Xcode/DerivedData/SleepCycle-cbzxdwygtqvxpycjunkumnsgsekw/Build/Intermediates.noindex/ArchiveIntermediates/SleepCycle/IntermediateBuildFilesPath/Pods.build/Release-iphoneos/SubscriptionKit.build/Objects-normal/arm64/e6072d4f65d7061329687fe24e3d63a7-common-args.resp (in target 'SubscriptionKit' from project 'Pods')
    cd /Users/runner/work/SleepCycle/SleepCycle/Pods
    write-file /Users/runner/Library/Developer/Xcode/DerivedData/SleepCycle-cbzxdwygtqvxpycjunkumnsgsekw/Build/Intermediates.noindex/ArchiveIntermediates/SleepCycle/IntermediateBuildFilesPath/Pods.build/Release-iphoneos/SubscriptionKit.build/Objects-normal/arm64/e6072d4f65d7061329687fe24e3d63a7-common-args.resp
-target arm64-apple-ios15.0 '-std=gnu11' -fobjc-arc -fmodules -gmodules '-fmodules-cache-path=/Users/runner/Library/Developer/Xcode/DerivedData/ModuleCache.noindex' '-fmodule-name=SubscriptionKit' -fpascal-strings -Os -fno-common '-DPOD_CONFIGURATION_RELEASE=1' '-DCOCOAPODS=1' '-DNS_BLOCK_ASSERTIONS=1' '-DOBJC_OLD_DISPATCH_PROTOTYPES=0' -isysroot /Applications/Xcode_26.3.app/Contents/Developer/Platforms/iPhoneOS.platform/Developer/SDKs/iPhoneOS26.2.sdk -g -iquote /Users/runner/Library/Developer/Xcode/DerivedData/SleepCycle-cbzxdwygtqvxpycjunkumnsgsekw/Build/Intermediates.noindex/ArchiveIntermediates/SleepCycle/IntermediateBuildFilesPath/Pods.build/Release-iphoneos/SubscriptionKit.build/SubscriptionKit-generated-files.hmap -I/Users/runner/Library/Developer/Xcode/DerivedData/SleepCycle-cbzxdwygtqvxpycjunkumnsgsekw/Build/Intermediates.noindex/ArchiveIntermediates/SleepCycle/IntermediateBuildFilesPath/Pods.build/Release-iphoneos/SubscriptionKit.build/SubscriptionKit-own-target-headers.hmap -I/Users/runner/Library/Developer/Xcode/DerivedData/SleepCycle-cbzxdwygtqvxpycjunkumnsgsekw/Build/Intermediates.noindex/ArchiveIntermediates/SleepCycle/IntermediateBuildFilesPath/Pods.build/Release-iphoneos/SubscriptionKit.build/SubscriptionKit-all-non-framework-target-headers.hmap -ivfsoverlay /Users/runner/Library/Developer/Xcode/DerivedData/SleepCycle-cbzxdwygtqvxpycjunkumnsgsekw/Build/Intermediates.noindex/ArchiveIntermediates/SleepCycle/IntermediateBuildFilesPath/Pods.build/Release-iphoneos/Pods-8699adb1dd336b26511df848a716bd42-VFS-iphoneos/all-product-headers.yaml -iquote /Users/runner/Library/Developer/Xcode/DerivedData/SleepCycle-cbzxdwygtqvxpycjunkumnsgsekw/Build/Intermediates.noindex/ArchiveIntermediates/SleepCycle/IntermediateBuildFilesPath/Pods.build/Release-iphoneos/SubscriptionKit.build/SubscriptionKit-project-headers.hmap -I/Users/runner/Library/Developer/Xcode/DerivedData/SleepCycle-cbzxdwygtqvxpycjunkumnsgsekw/Build/Intermediates.noindex/ArchiveIntermediates/SleepCycle/BuildProductsPath/Release-iphoneos/SubscriptionKit/include -I/Users/runner/Library/Developer/Xcode/DerivedData/SleepCycle-cbzxdwygtqvxpycjunkumnsgsekw/Build/Intermediates.noindex/ArchiveIntermediates/SleepCycle/IntermediateBuildFilesPath/Pods.build/Release-iphoneos/SubscriptionKit.build/DerivedSources-normal/arm64 -I/Users/runner/Library/Developer/Xcode/DerivedData/SleepCycle-cbzxdwygtqvxpycjunkumnsgsekw/Build/Intermediates.noindex/ArchiveIntermediates/SleepCycle/IntermediateBuildFilesPath/Pods.build/Release-iphoneos/SubscriptionKit.build/DerivedSources/arm64 -I/Users/runner/Library/Developer/Xcode/DerivedData/SleepCycle-cbzxdwygtqvxpycjunkumnsgsekw/Build/Intermediates.noindex/ArchiveIntermediates/SleepCycle/IntermediateBuildFilesPath/Pods.build/Release-iphoneos/SubscriptionKit.build/DerivedSources -F/Users/runner/Library/Developer/Xcode/DerivedData/SleepCycle-cbzxdwygtqvxpycjunkumnsgsekw/Build/Intermediates.noindex/ArchiveIntermediates/SleepCycle/BuildProductsPath/Release-iphoneos/SubscriptionKit -F/Users/runner/work/SleepCycle/SleepCycle/Pods/UMAPM/UMAPM_2.0.7 -F/Users/runner/work/SleepCycle/SleepCycle/Pods/UMCommon/UMCommon_7.6.7 -F/Users/runner/work/SleepCycle/SleepCycle/Pods/UMDevice/UMDevice_3.6.0 -F/Users/runner/Library/Developer/Xcode/DerivedData/SleepCycle-cbzxdwygtqvxpycjunkumnsgsekw/Build/Intermediates.noindex/ArchiveIntermediates/SleepCycle/BuildProductsPath/Release-iphoneos/XCFrameworkIntermediates/UMAPM -F/Users/runner/Library/Developer/Xcode/DerivedData/SleepCycle-cbzxdwygtqvxpycjunkumnsgsekw/Build/Intermediates.noindex/ArchiveIntermediates/SleepCycle/BuildProductsPath/Release-iphoneos/XCFrameworkIntermediates/UMCommon -F/Users/runner/Library/Developer/Xcode/DerivedData/SleepCycle-cbzxdwygtqvxpycjunkumnsgsekw/Build/Intermediates.noindex/ArchiveIntermediates/SleepCycle/BuildProductsPath/Release-iphoneos/XCFrameworkIntermediates/UMDevice

WriteAuxiliaryFile /Users/runner/Library/Developer/Xcode/DerivedData/SleepCycle-cbzxdwygtqvxpycjunkumnsgsekw/Build/Intermediates.noindex/ArchiveIntermediates/SleepCycle/IntermediateBuildFilesPath/Pods.build/Release-iphoneos/SubscriptionKit.build/Objects-normal/arm64/SubscriptionKit_const_extract_protocols.json (in target 'SubscriptionKit' from project 'Pods')
    cd /Users/runner/work/SleepCycle/SleepCycle/Pods
    write-file /Users/runner/Library/Developer/Xcode/DerivedData/SleepCycle-cbzxdwygtqvxpycjunkumnsgsekw/Build/Intermediates.noindex/ArchiveIntermediates/SleepCycle/IntermediateBuildFilesPath/Pods.build/Release-iphoneos/SubscriptionKit.build/Objects-normal/arm64/SubscriptionKit_const_extract_protocols.json

WriteAuxiliaryFile /Users/runner/Library/Developer/Xcode/DerivedData/SleepCycle-cbzxdwygtqvxpycjunkumnsgsekw/Build/Intermediates.noindex/ArchiveIntermediates/SleepCycle/IntermediateBuildFilesPath/Pods.build/Release-iphoneos/SubscriptionKit.build/Objects-normal/arm64/SubscriptionKit.SwiftFileList (in target 'SubscriptionKit' from project 'Pods')
    cd /Users/runner/work/SleepCycle/SleepCycle/Pods
    write-file /Users/runner/Library/Developer/Xcode/DerivedData/SleepCycle-cbzxdwygtqvxpycjunkumnsgsekw/Build/Intermediates.noindex/ArchiveIntermediates/SleepCycle/IntermediateBuildFilesPath/Pods.build/Release-iphoneos/SubscriptionKit.build/Objects-normal/arm64/SubscriptionKit.SwiftFileList

WriteAuxiliaryFile /Users/runner/Library/Developer/Xcode/DerivedData/SleepCycle-cbzxdwygtqvxpycjunkumnsgsekw/Build/Intermediates.noindex/ArchiveIntermediates/SleepCycle/IntermediateBuildFilesPath/Pods.build/Release-iphoneos/SubscriptionKit.build/Objects-normal/arm64/SubscriptionKit.SwiftConstValuesFileList (in target 'SubscriptionKit' from project 'Pods')
    cd /Users/runner/work/SleepCycle/SleepCycle/Pods
    write-file /Users/runner/Library/Developer/Xcode/DerivedData/SleepCycle-cbzxdwygtqvxpycjunkumnsgsekw/Build/Intermediates.noindex/ArchiveIntermediates/SleepCycle/IntermediateBuildFilesPath/Pods.build/Release-iphoneos/SubscriptionKit.build/Objects-normal/arm64/SubscriptionKit.SwiftConstValuesFileList

WriteAuxiliaryFile /Users/runner/Library/Developer/Xcode/DerivedData/SleepCycle-cbzxdwygtqvxpycjunkumnsgsekw/Build/Intermediates.noindex/ArchiveIntermediates/SleepCycle/IntermediateBuildFilesPath/Pods.build/Release-iphoneos/SubscriptionKit.build/Objects-normal/arm64/SubscriptionKit.LinkFileList (in target 'SubscriptionKit' from project 'Pods')
    cd /Users/runner/work/SleepCycle/SleepCycle/Pods
    write-file /Users/runner/Library/Developer/Xcode/DerivedData/SleepCycle-cbzxdwygtqvxpycjunkumnsgsekw/Build/Intermediates.noindex/ArchiveIntermediates/SleepCycle/IntermediateBuildFilesPath/Pods.build/Release-iphoneos/SubscriptionKit.build/Objects-normal/arm64/SubscriptionKit.LinkFileList

WriteAuxiliaryFile /Users/runner/Library/Developer/Xcode/DerivedData/SleepCycle-cbzxdwygtqvxpycjunkumnsgsekw/Build/Intermediates.noindex/ArchiveIntermediates/SleepCycle/IntermediateBuildFilesPath/Pods.build/Release-iphoneos/SubscriptionKit.build/Objects-normal/arm64/SubscriptionKit-OutputFileMap.json (in target 'SubscriptionKit' from project 'Pods')
    cd /Users/runner/work/SleepCycle/SleepCycle/Pods
    write-file /Users/runner/Library/Developer/Xcode/DerivedData/SleepCycle-cbzxdwygtqvxpycjunkumnsgsekw/Build/Intermediates.noindex/ArchiveIntermediates/SleepCycle/IntermediateBuildFilesPath/Pods.build/Release-iphoneos/SubscriptionKit.build/Objects-normal/arm64/SubscriptionKit-OutputFileMap.json

WriteAuxiliaryFile /Users/runner/Library/Developer/Xcode/DerivedData/SleepCycle-cbzxdwygtqvxpycjunkumnsgsekw/Build/Intermediates.noindex/ArchiveIntermediates/SleepCycle/IntermediateBuildFilesPath/Pods.build/Release-iphoneos/SubscriptionKit.build/Objects-normal/arm64/7187679823f38a2a940e0043cdf9d637-common-args.resp (in target 'SubscriptionKit' from project 'Pods')
    cd /Users/runner/work/SleepCycle/SleepCycle/Pods
    write-file /Users/runner/Library/Developer/Xcode/DerivedData/SleepCycle-cbzxdwygtqvxpycjunkumnsgsekw/Build/Intermediates.noindex/ArchiveIntermediates/SleepCycle/IntermediateBuildFilesPath/Pods.build/Release-iphoneos/SubscriptionKit.build/Objects-normal/arm64/7187679823f38a2a940e0043cdf9d637-common-args.resp
-target arm64-apple-ios15.0 '-std=gnu11' -fmodules -gmodules '-fmodules-cache-path=/Users/runner/Library/Developer/Xcode/DerivedData/ModuleCache.noindex' '-fmodule-name=SubscriptionKit' -fpascal-strings -Os -fno-common '-DPOD_CONFIGURATION_RELEASE=1' '-DCOCOAPODS=1' -isysroot /Applications/Xcode_26.3.app/Contents/Developer/Platforms/iPhoneOS.platform/Developer/SDKs/iPhoneOS26.2.sdk -g -iquote /Users/runner/Library/Developer/Xcode/DerivedData/SleepCycle-cbzxdwygtqvxpycjunkumnsgsekw/Build/Intermediates.noindex/ArchiveIntermediates/SleepCycle/IntermediateBuildFilesPath/Pods.build/Release-iphoneos/SubscriptionKit.build/SubscriptionKit-generated-files.hmap -I/Users/runner/Library/Developer/Xcode/DerivedData/SleepCycle-cbzxdwygtqvxpycjunkumnsgsekw/Build/Intermediates.noindex/ArchiveIntermediates/SleepCycle/IntermediateBuildFilesPath/Pods.build/Release-iphoneos/SubscriptionKit.build/SubscriptionKit-own-target-headers.hmap -I/Users/runner/Library/Developer/Xcode/DerivedData/SleepCycle-cbzxdwygtqvxpycjunkumnsgsekw/Build/Intermediates.noindex/ArchiveIntermediates/SleepCycle/IntermediateBuildFilesPath/Pods.build/Release-iphoneos/SubscriptionKit.build/SubscriptionKit-all-non-framework-target-headers.hmap -ivfsoverlay /Users/runner/Library/Developer/Xcode/DerivedData/SleepCycle-cbzxdwygtqvxpycjunkumnsgsekw/Build/Intermediates.noindex/ArchiveIntermediates/SleepCycle/IntermediateBuildFilesPath/Pods.build/Release-iphoneos/Pods-8699adb1dd336b26511df848a716bd42-VFS-iphoneos/all-product-headers.yaml -iquote /Users/runner/Library/Developer/Xcode/DerivedData/SleepCycle-cbzxdwygtqvxpycjunkumnsgsekw/Build/Intermediates.noindex/ArchiveIntermediates/SleepCycle/IntermediateBuildFilesPath/Pods.build/Release-iphoneos/SubscriptionKit.build/SubscriptionKit-project-headers.hmap -I/Users/runner/Library/Developer/Xcode/DerivedData/SleepCycle-cbzxdwygtqvxpycjunkumnsgsekw/Build/Intermediates.noindex/ArchiveIntermediates/SleepCycle/BuildProductsPath/Release-iphoneos/SubscriptionKit/include -I/Users/runner/Library/Developer/Xcode/DerivedData/SleepCycle-cbzxdwygtqvxpycjunkumnsgsekw/Build/Intermediates.noindex/ArchiveIntermediates/SleepCycle/IntermediateBuildFilesPath/Pods.build/Release-iphoneos/SubscriptionKit.build/DerivedSources-normal/arm64 -I/Users/runner/Library/Developer/Xcode/DerivedData/SleepCycle-cbzxdwygtqvxpycjunkumnsgsekw/Build/Intermediates.noindex/ArchiveIntermediates/SleepCycle/IntermediateBuildFilesPath/Pods.build/Release-iphoneos/SubscriptionKit.build/DerivedSources/arm64 -I/Users/runner/Library/Developer/Xcode/DerivedData/SleepCycle-cbzxdwygtqvxpycjunkumnsgsekw/Build/Intermediates.noindex/ArchiveIntermediates/SleepCycle/IntermediateBuildFilesPath/Pods.build/Release-iphoneos/SubscriptionKit.build/DerivedSources -F/Users/runner/Library/Developer/Xcode/DerivedData/SleepCycle-cbzxdwygtqvxpycjunkumnsgsekw/Build/Intermediates.noindex/ArchiveIntermediates/SleepCycle/BuildProductsPath/Release-iphoneos/SubscriptionKit -F/Users/runner/work/SleepCycle/SleepCycle/Pods/UMAPM/UMAPM_2.0.7 -F/Users/runner/work/SleepCycle/SleepCycle/Pods/UMCommon/UMCommon_7.6.7 -F/Users/runner/work/SleepCycle/SleepCycle/Pods/UMDevice/UMDevice_3.6.0 -F/Users/runner/Library/Developer/Xcode/DerivedData/SleepCycle-cbzxdwygtqvxpycjunkumnsgsekw/Build/Intermediates.noindex/ArchiveIntermediates/SleepCycle/BuildProductsPath/Release-iphoneos/XCFrameworkIntermediates/UMAPM -F/Users/runner/Library/Developer/Xcode/DerivedData/SleepCycle-cbzxdwygtqvxpycjunkumnsgsekw/Build/Intermediates.noindex/ArchiveIntermediates/SleepCycle/BuildProductsPath/Release-iphoneos/XCFrameworkIntermediates/UMCommon -F/Users/runner/Library/Developer/Xcode/DerivedData/SleepCycle-cbzxdwygtqvxpycjunkumnsgsekw/Build/Intermediates.noindex/ArchiveIntermediates/SleepCycle/BuildProductsPath/Release-iphoneos/XCFrameworkIntermediates/UMDevice

WriteAuxiliaryFile /Users/runner/Library/Developer/Xcode/DerivedData/SleepCycle-cbzxdwygtqvxpycjunkumnsgsekw/Build/Intermediates.noindex/ArchiveIntermediates/SleepCycle/IntermediateBuildFilesPath/Pods.build/Release-iphoneos/SubscriptionKit.build/DerivedSources/SubscriptionKit_vers.c (in target 'SubscriptionKit' from project 'Pods')
    cd /Users/runner/work/SleepCycle/SleepCycle/Pods
    write-file /Users/runner/Library/Developer/Xcode/DerivedData/SleepCycle-cbzxdwygtqvxpycjunkumnsgsekw/Build/Intermediates.noindex/ArchiveIntermediates/SleepCycle/IntermediateBuildFilesPath/Pods.build/Release-iphoneos/SubscriptionKit.build/DerivedSources/SubscriptionKit_vers.c

Concatenate /Users/runner/Library/Developer/Xcode/DerivedData/SleepCycle-cbzxdwygtqvxpycjunkumnsgsekw/Build/Intermediates.noindex/ArchiveIntermediates/SleepCycle/IntermediateBuildFilesPath/Pods.build/Release-iphoneos/SubscriptionKit.build/unextended-module.modulemap /Users/runner/work/SleepCycle/SleepCycle/Pods/Target\ Support\ Files/SubscriptionKit/SubscriptionKit.modulemap /Users/runner/Library/Developer/Xcode/DerivedData/SleepCycle-cbzxdwygtqvxpycjunkumnsgsekw/Build/Intermediates.noindex/ArchiveIntermediates/SleepCycle/IntermediateBuildFilesPath/Pods.build/Release-iphoneos/SubscriptionKit.build/unextended-module-swiftunextension.modulemap (in target 'SubscriptionKit' from project 'Pods')
    cd /Users/runner/work/SleepCycle/SleepCycle/Pods
    builtin-concatenate /Users/runner/Library/Developer/Xcode/DerivedData/SleepCycle-cbzxdwygtqvxpycjunkumnsgsekw/Build/Intermediates.noindex/ArchiveIntermediates/SleepCycle/IntermediateBuildFilesPath/Pods.build/Release-iphoneos/SubscriptionKit.build/unextended-module.modulemap /Users/runner/work/SleepCycle/SleepCycle/Pods/Target\ Support\ Files/SubscriptionKit/SubscriptionKit.modulemap /Users/runner/Library/Developer/Xcode/DerivedData/SleepCycle-cbzxdwygtqvxpycjunkumnsgsekw/Build/Intermediates.noindex/ArchiveIntermediates/SleepCycle/IntermediateBuildFilesPath/Pods.build/Release-iphoneos/SubscriptionKit.build/unextended-module-swiftunextension.modulemap

CpHeader /Users/runner/Library/Developer/Xcode/DerivedData/SleepCycle-cbzxdwygtqvxpycjunkumnsgsekw/Build/Intermediates.noindex/ArchiveIntermediates/SleepCycle/IntermediateBuildFilesPath/UninstalledProducts/iphoneos/SubscriptionKit.framework/Headers/SubscriptionKit-umbrella.h /Users/runner/work/SleepCycle/SleepCycle/Pods/Target\ Support\ Files/SubscriptionKit/SubscriptionKit-umbrella.h (in target 'SubscriptionKit' from project 'Pods')
    cd /Users/runner/work/SleepCycle/SleepCycle/Pods
    builtin-copy -exclude .DS_Store -exclude CVS -exclude .svn -exclude .git -exclude .hg -resolve-src-symlinks /Users/runner/work/SleepCycle/SleepCycle/Pods/Target\ Support\ Files/SubscriptionKit/SubscriptionKit-umbrella.h /Users/runner/Library/Developer/Xcode/DerivedData/SleepCycle-cbzxdwygtqvxpycjunkumnsgsekw/Build/Intermediates.noindex/ArchiveIntermediates/SleepCycle/IntermediateBuildFilesPath/UninstalledProducts/iphoneos/SubscriptionKit.framework/Headers

Concatenate /Users/runner/Library/Developer/Xcode/DerivedData/SleepCycle-cbzxdwygtqvxpycjunkumnsgsekw/Build/Intermediates.noindex/ArchiveIntermediates/SleepCycle/IntermediateBuildFilesPath/Pods.build/Release-iphoneos/SubscriptionKit.build/module.modulemap /Users/runner/work/SleepCycle/SleepCycle/Pods/Target\ Support\ Files/SubscriptionKit/SubscriptionKit.modulemap /Users/runner/Library/Developer/Xcode/DerivedData/SleepCycle-cbzxdwygtqvxpycjunkumnsgsekw/Build/Intermediates.noindex/ArchiveIntermediates/SleepCycle/IntermediateBuildFilesPath/Pods.build/Release-iphoneos/SubscriptionKit.build/module-swiftextension.modulemap (in target 'SubscriptionKit' from project 'Pods')
    cd /Users/runner/work/SleepCycle/SleepCycle/Pods
    builtin-concatenate /Users/runner/Library/Developer/Xcode/DerivedData/SleepCycle-cbzxdwygtqvxpycjunkumnsgsekw/Build/Intermediates.noindex/ArchiveIntermediates/SleepCycle/IntermediateBuildFilesPath/Pods.build/Release-iphoneos/SubscriptionKit.build/module.modulemap /Users/runner/work/SleepCycle/SleepCycle/Pods/Target\ Support\ Files/SubscriptionKit/SubscriptionKit.modulemap /Users/runner/Library/Developer/Xcode/DerivedData/SleepCycle-cbzxdwygtqvxpycjunkumnsgsekw/Build/Intermediates.noindex/ArchiveIntermediates/SleepCycle/IntermediateBuildFilesPath/Pods.build/Release-iphoneos/SubscriptionKit.build/module-swiftextension.modulemap

Copy /Users/runner/Library/Developer/Xcode/DerivedData/SleepCycle-cbzxdwygtqvxpycjunkumnsgsekw/Build/Intermediates.noindex/ArchiveIntermediates/SleepCycle/IntermediateBuildFilesPath/UninstalledProducts/iphoneos/Pods_SleepCycle.framework/Modules/module.modulemap /Users/runner/Library/Developer/Xcode/DerivedData/SleepCycle-cbzxdwygtqvxpycjunkumnsgsekw/Build/Intermediates.noindex/ArchiveIntermediates/SleepCycle/IntermediateBuildFilesPath/Pods.build/Release-iphoneos/Pods-SleepCycle.build/module.modulemap (in target 'Pods-SleepCycle' from project 'Pods')
    cd /Users/runner/work/SleepCycle/SleepCycle/Pods
    builtin-copy -exclude .DS_Store -exclude CVS -exclude .svn -exclude .git -exclude .hg -resolve-src-symlinks /Users/runner/Library/Developer/Xcode/DerivedData/SleepCycle-cbzxdwygtqvxpycjunkumnsgsekw/Build/Intermediates.noindex/ArchiveIntermediates/SleepCycle/IntermediateBuildFilesPath/Pods.build/Release-iphoneos/Pods-SleepCycle.build/module.modulemap /Users/runner/Library/Developer/Xcode/DerivedData/SleepCycle-cbzxdwygtqvxpycjunkumnsgsekw/Build/Intermediates.noindex/ArchiveIntermediates/SleepCycle/IntermediateBuildFilesPath/UninstalledProducts/iphoneos/Pods_SleepCycle.framework/Modules

SymLink /Users/runner/Library/Developer/Xcode/DerivedData/SleepCycle-cbzxdwygtqvxpycjunkumnsgsekw/Build/Intermediates.noindex/ArchiveIntermediates/SleepCycle/BuildProductsPath/Release-iphoneos/SubscriptionKit/SubscriptionKit.framework ../../../IntermediateBuildFilesPath/UninstalledProducts/iphoneos/SubscriptionKit.framework (in target 'SubscriptionKit' from project 'Pods')
    cd /Users/runner/work/SleepCycle/SleepCycle/Pods
    /bin/ln -sfh ../../../IntermediateBuildFilesPath/UninstalledProducts/iphoneos/SubscriptionKit.framework /Users/runner/Library/Developer/Xcode/DerivedData/SleepCycle-cbzxdwygtqvxpycjunkumnsgsekw/Build/Intermediates.noindex/ArchiveIntermediates/SleepCycle/BuildProductsPath/Release-iphoneos/SubscriptionKit/SubscriptionKit.framework

MkDir /Users/runner/Library/Developer/Xcode/DerivedData/SleepCycle-cbzxdwygtqvxpycjunkumnsgsekw/Build/Intermediates.noindex/ArchiveIntermediates/SleepCycle/IntermediateBuildFilesPath/UninstalledProducts/iphoneos/SubscriptionKit.framework/Headers (in target 'SubscriptionKit' from project 'Pods')
    cd /Users/runner/work/SleepCycle/SleepCycle/Pods
    /bin/mkdir -p /Users/runner/Library/Developer/Xcode/DerivedData/SleepCycle-cbzxdwygtqvxpycjunkumnsgsekw/Build/Intermediates.noindex/ArchiveIntermediates/SleepCycle/IntermediateBuildFilesPath/UninstalledProducts/iphoneos/SubscriptionKit.framework/Headers

Copy /Users/runner/Library/Developer/Xcode/DerivedData/SleepCycle-cbzxdwygtqvxpycjunkumnsgsekw/Build/Intermediates.noindex/ArchiveIntermediates/SleepCycle/IntermediateBuildFilesPath/UninstalledProducts/iphoneos/SubscriptionKit.framework/Modules/module.modulemap /Users/runner/Library/Developer/Xcode/DerivedData/SleepCycle-cbzxdwygtqvxpycjunkumnsgsekw/Build/Intermediates.noindex/ArchiveIntermediates/SleepCycle/IntermediateBuildFilesPath/Pods.build/Release-iphoneos/SubscriptionKit.build/module.modulemap (in target 'SubscriptionKit' from project 'Pods')
    cd /Users/runner/work/SleepCycle/SleepCycle/Pods
    builtin-copy -exclude .DS_Store -exclude CVS -exclude .svn -exclude .git -exclude .hg -resolve-src-symlinks /Users/runner/Library/Developer/Xcode/DerivedData/SleepCycle-cbzxdwygtqvxpycjunkumnsgsekw/Build/Intermediates.noindex/ArchiveIntermediates/SleepCycle/IntermediateBuildFilesPath/Pods.build/Release-iphoneos/SubscriptionKit.build/module.modulemap /Users/runner/Library/Developer/Xcode/DerivedData/SleepCycle-cbzxdwygtqvxpycjunkumnsgsekw/Build/Intermediates.noindex/ArchiveIntermediates/SleepCycle/IntermediateBuildFilesPath/UninstalledProducts/iphoneos/SubscriptionKit.framework/Modules

MkDir /Users/runner/Library/Developer/Xcode/DerivedData/SleepCycle-cbzxdwygtqvxpycjunkumnsgsekw/Build/Intermediates.noindex/ArchiveIntermediates/SleepCycle/IntermediateBuildFilesPath/UninstalledProducts/iphoneos/SubscriptionKit.framework (in target 'SubscriptionKit' from project 'Pods')
    cd /Users/runner/work/SleepCycle/SleepCycle/Pods
    /bin/mkdir -p /Users/runner/Library/Developer/Xcode/DerivedData/SleepCycle-cbzxdwygtqvxpycjunkumnsgsekw/Build/Intermediates.noindex/ArchiveIntermediates/SleepCycle/IntermediateBuildFilesPath/UninstalledProducts/iphoneos/SubscriptionKit.framework

MkDir /Users/runner/Library/Developer/Xcode/DerivedData/SleepCycle-cbzxdwygtqvxpycjunkumnsgsekw/Build/Intermediates.noindex/ArchiveIntermediates/SleepCycle/InstallationBuildProductsLocation/Applications/SleepCycle.app (in target 'SleepCycle' from project 'SleepCycle')
    cd /Users/runner/work/SleepCycle/SleepCycle
    /bin/mkdir -p /Users/runner/Library/Developer/Xcode/DerivedData/SleepCycle-cbzxdwygtqvxpycjunkumnsgsekw/Build/Intermediates.noindex/ArchiveIntermediates/SleepCycle/InstallationBuildProductsLocation/Applications/SleepCycle.app

SymLink /Users/runner/Library/Developer/Xcode/DerivedData/SleepCycle-cbzxdwygtqvxpycjunkumnsgsekw/Build/Intermediates.noindex/ArchiveIntermediates/SleepCycle/BuildProductsPath/Release-iphoneos/Pods_SleepCycle.framework ../../IntermediateBuildFilesPath/UninstalledProducts/iphoneos/Pods_SleepCycle.framework (in target 'Pods-SleepCycle' from project 'Pods')
    cd /Users/runner/work/SleepCycle/SleepCycle/Pods
    /bin/ln -sfh ../../IntermediateBuildFilesPath/UninstalledProducts/iphoneos/Pods_SleepCycle.framework /Users/runner/Library/Developer/Xcode/DerivedData/SleepCycle-cbzxdwygtqvxpycjunkumnsgsekw/Build/Intermediates.noindex/ArchiveIntermediates/SleepCycle/BuildProductsPath/Release-iphoneos/Pods_SleepCycle.framework

MkDir /Users/runner/Library/Developer/Xcode/DerivedData/SleepCycle-cbzxdwygtqvxpycjunkumnsgsekw/Build/Intermediates.noindex/ArchiveIntermediates/SleepCycle/IntermediateBuildFilesPath/UninstalledProducts/iphoneos/Pods_SleepCycle.framework/Headers (in target 'Pods-SleepCycle' from project 'Pods')
    cd /Users/runner/work/SleepCycle/SleepCycle/Pods
    /bin/mkdir -p /Users/runner/Library/Developer/Xcode/DerivedData/SleepCycle-cbzxdwygtqvxpycjunkumnsgsekw/Build/Intermediates.noindex/ArchiveIntermediates/SleepCycle/IntermediateBuildFilesPath/UninstalledProducts/iphoneos/Pods_SleepCycle.framework/Headers

MkDir /Users/runner/Library/Developer/Xcode/DerivedData/SleepCycle-cbzxdwygtqvxpycjunkumnsgsekw/Build/Intermediates.noindex/ArchiveIntermediates/SleepCycle/IntermediateBuildFilesPath/UninstalledProducts/iphoneos/Pods_SleepCycle.framework (in target 'Pods-SleepCycle' from project 'Pods')
    cd /Users/runner/work/SleepCycle/SleepCycle/Pods
    /bin/mkdir -p /Users/runner/Library/Developer/Xcode/DerivedData/SleepCycle-cbzxdwygtqvxpycjunkumnsgsekw/Build/Intermediates.noindex/ArchiveIntermediates/SleepCycle/IntermediateBuildFilesPath/UninstalledProducts/iphoneos/Pods_SleepCycle.framework

PhaseScriptExecution [CP]\ Copy\ XCFrameworks /Users/runner/Library/Developer/Xcode/DerivedData/SleepCycle-cbzxdwygtqvxpycjunkumnsgsekw/Build/Intermediates.noindex/ArchiveIntermediates/SleepCycle/IntermediateBuildFilesPath/Pods.build/Release-iphoneos/UMCommon.build/Script-F7DAB2DD1967185BA263401DFF5949C5.sh (in target 'UMCommon' from project 'Pods')
    cd /Users/runner/work/SleepCycle/SleepCycle/Pods
    /bin/sh -c /Users/runner/Library/Developer/Xcode/DerivedData/SleepCycle-cbzxdwygtqvxpycjunkumnsgsekw/Build/Intermediates.noindex/ArchiveIntermediates/SleepCycle/IntermediateBuildFilesPath/Pods.build/Release-iphoneos/UMCommon.build/Script-F7DAB2DD1967185BA263401DFF5949C5.sh
Selected xcframework slice ios-arm64
rsync --delete -av --filter P .*.?????? --links --filter "- CVS/" --filter "- .svn/" --filter "- .git/" --filter "- .hg/" "/Users/runner/work/SleepCycle/SleepCycle/Pods/UMCommon/UMCommon_7.6.7/UMCommon.xcframework/ios-arm64/*" "/Users/runner/Library/Developer/Xcode/DerivedData/SleepCycle-cbzxdwygtqvxpycjunkumnsgsekw/Build/Intermediates.noindex/ArchiveIntermediates/SleepCycle/BuildProductsPath/Release-iphoneos/XCFrameworkIntermediates/UMCommon"
Transfer starting: 16 files
UMCommon.framework/
UMCommon.framework/Info.plist
UMCommon.framework/PrivacyInfo.xcprivacy
UMCommon.framework/UMCommon
UMCommon.framework/Headers/
UMCommon.framework/Headers/MobClick.h
UMCommon.framework/Headers/UMCommon.h
UMCommon.framework/Headers/UMCommonDeepLink.h
UMCommon.framework/Headers/UMConfigure.h
UMCommon.framework/Modules/
UMCommon.framework/Modules/module.modulemap
UMCommon.framework/_CodeSignature/
UMCommon.framework/_CodeSignature/CodeDirectory
UMCommon.framework/_CodeSignature/CodeRequirements
UMCommon.framework/_CodeSignature/CodeResources
UMCommon.framework/_CodeSignature/CodeSignature

sent 1823532 bytes  received 308 bytes  113281987 bytes/sec
total size is 1821637  speedup is 1.00
Copied /Users/runner/work/SleepCycle/SleepCycle/Pods/UMCommon/UMCommon_7.6.7/UMCommon.xcframework/ios-arm64 to /Users/runner/Library/Developer/Xcode/DerivedData/SleepCycle-cbzxdwygtqvxpycjunkumnsgsekw/Build/Intermediates.noindex/ArchiveIntermediates/SleepCycle/BuildProductsPath/Release-iphoneos/XCFrameworkIntermediates/UMCommon

PhaseScriptExecution [CP]\ Copy\ XCFrameworks /Users/runner/Library/Developer/Xcode/DerivedData/SleepCycle-cbzxdwygtqvxpycjunkumnsgsekw/Build/Intermediates.noindex/ArchiveIntermediates/SleepCycle/IntermediateBuildFilesPath/Pods.build/Release-iphoneos/UMAPM.build/Script-8CF92F6585502BAD178A94A1305B3276.sh (in target 'UMAPM' from project 'Pods')
    cd /Users/runner/work/SleepCycle/SleepCycle/Pods
    /bin/sh -c /Users/runner/Library/Developer/Xcode/DerivedData/SleepCycle-cbzxdwygtqvxpycjunkumnsgsekw/Build/Intermediates.noindex/ArchiveIntermediates/SleepCycle/IntermediateBuildFilesPath/Pods.build/Release-iphoneos/UMAPM.build/Script-8CF92F6585502BAD178A94A1305B3276.sh
Selected xcframework slice ios-arm64
rsync --delete -av --filter P .*.?????? --links --filter "- CVS/" --filter "- .svn/" --filter "- .git/" --filter "- .hg/" "/Users/runner/work/SleepCycle/SleepCycle/Pods/UMAPM/UMAPM_2.0.7/UMAPM.xcframework/ios-arm64/*" "/Users/runner/Library/Developer/Xcode/DerivedData/SleepCycle-cbzxdwygtqvxpycjunkumnsgsekw/Build/Intermediates.noindex/ArchiveIntermediates/SleepCycle/BuildProductsPath/Release-iphoneos/XCFrameworkIntermediates/UMAPM"
Transfer starting: 18 files
UMAPM.framework/
UMAPM.framework/Info.plist
UMAPM.framework/PrivacyInfo.xcprivacy
UMAPM.framework/UMAPM
UMAPM.framework/Headers/
UMAPM.framework/Headers/UAPMLog.h
UMAPM.framework/Headers/UMAPMConfig.h
UMAPM.framework/Headers/UMAPMCustomData.h
UMAPM.framework/Headers/UMAPMCustomLog.h
UMAPM.framework/Headers/UMCrashConfigure.h
UMAPM.framework/Headers/UMLaunch.h
UMAPM.framework/Headers/UMPage.h
UMAPM.framework/_CodeSignature/
UMAPM.framework/_CodeSignature/CodeDirectory
UMAPM.framework/_CodeSignature/CodeRequirements
UMAPM.framework/_CodeSignature/CodeRequirements-1
UMAPM.framework/_CodeSignature/CodeResources
UMAPM.framework/_CodeSignature/CodeSignature

sent 7193593 bytes  received 368 bytes  159511330 bytes/sec
total size is 7190813  speedup is 1.00
Copied /Users/runner/work/SleepCycle/SleepCycle/Pods/UMAPM/UMAPM_2.0.7/UMAPM.xcframework/ios-arm64 to /Users/runner/Library/Developer/Xcode/DerivedData/SleepCycle-cbzxdwygtqvxpycjunkumnsgsekw/Build/Intermediates.noindex/ArchiveIntermediates/SleepCycle/BuildProductsPath/Release-iphoneos/XCFrameworkIntermediates/UMAPM

ProcessInfoPlistFile /Users/runner/Library/Developer/Xcode/DerivedData/SleepCycle-cbzxdwygtqvxpycjunkumnsgsekw/Build/Intermediates.noindex/ArchiveIntermediates/SleepCycle/IntermediateBuildFilesPath/UninstalledProducts/iphoneos/SubscriptionKit.framework/Info.plist /Users/runner/work/SleepCycle/SleepCycle/Pods/Target\ Support\ Files/SubscriptionKit/SubscriptionKit-Info.plist (in target 'SubscriptionKit' from project 'Pods')
    cd /Users/runner/work/SleepCycle/SleepCycle/Pods
    builtin-infoPlistUtility /Users/runner/work/SleepCycle/SleepCycle/Pods/Target\ Support\ Files/SubscriptionKit/SubscriptionKit-Info.plist -producttype com.apple.product-type.framework -expandbuildsettings -format binary -platform iphoneos -requiredArchitecture arm64 -o /Users/runner/Library/Developer/Xcode/DerivedData/SleepCycle-cbzxdwygtqvxpycjunkumnsgsekw/Build/Intermediates.noindex/ArchiveIntermediates/SleepCycle/IntermediateBuildFilesPath/UninstalledProducts/iphoneos/SubscriptionKit.framework/Info.plist

SwiftDriver SubscriptionKit normal arm64 com.apple.xcode.tools.swift.compiler (in target 'SubscriptionKit' from project 'Pods')
    cd /Users/runner/work/SleepCycle/SleepCycle/Pods
    builtin-SwiftDriver -- /Applications/Xcode_26.3.app/Contents/Developer/Toolchains/XcodeDefault.xctoolchain/usr/bin/swiftc -module-name SubscriptionKit -O -whole-module-optimization -enforce-exclusivity\=checked @/Users/runner/Library/Developer/Xcode/DerivedData/SleepCycle-cbzxdwygtqvxpycjunkumnsgsekw/Build/Intermediates.noindex/ArchiveIntermediates/SleepCycle/IntermediateBuildFilesPath/Pods.build/Release-iphoneos/SubscriptionKit.build/Objects-normal/arm64/SubscriptionKit.SwiftFileList -D COCOAPODS -enable-bare-slash-regex -enable-experimental-feature DebugDescriptionMacro -sdk /Applications/Xcode_26.3.app/Contents/Developer/Platforms/iPhoneOS.platform/Developer/SDKs/iPhoneOS26.2.sdk -target arm64-apple-ios15.0 -g -module-cache-path /Users/runner/Library/Developer/Xcode/DerivedData/ModuleCache.noindex -Xfrontend -serialize-debugging-options -swift-version 5 -I /Users/runner/Library/Developer/Xcode/DerivedData/SleepCycle-cbzxdwygtqvxpycjunkumnsgsekw/Build/Intermediates.noindex/ArchiveIntermediates/SleepCycle/BuildProductsPath/Release-iphoneos/SubscriptionKit -F /Users/runner/Library/Developer/Xcode/DerivedData/SleepCycle-cbzxdwygtqvxpycjunkumnsgsekw/Build/Intermediates.noindex/ArchiveIntermediates/SleepCycle/BuildProductsPath/Release-iphoneos/SubscriptionKit -F /Users/runner/work/SleepCycle/SleepCycle/Pods/UMAPM/UMAPM_2.0.7 -F /Users/runner/work/SleepCycle/SleepCycle/Pods/UMCommon/UMCommon_7.6.7 -F /Users/runner/work/SleepCycle/SleepCycle/Pods/UMDevice/UMDevice_3.6.0 -F /Users/runner/Library/Developer/Xcode/DerivedData/SleepCycle-cbzxdwygtqvxpycjunkumnsgsekw/Build/Intermediates.noindex/ArchiveIntermediates/SleepCycle/BuildProductsPath/Release-iphoneos/XCFrameworkIntermediates/UMAPM -F /Users/runner/Library/Developer/Xcode/DerivedData/SleepCycle-cbzxdwygtqvxpycjunkumnsgsekw/Build/Intermediates.noindex/ArchiveIntermediates/SleepCycle/BuildProductsPath/Release-iphoneos/XCFrameworkIntermediates/UMCommon -F /Users/runner/Library/Developer/Xcode/DerivedData/SleepCycle-cbzxdwygtqvxpycjunkumnsgsekw/Build/Intermediates.noindex/ArchiveIntermediates/SleepCycle/BuildProductsPath/Release-iphoneos/XCFrameworkIntermediates/UMDevice -c -num-threads 5 -Xcc -ivfsstatcache -Xcc /Users/runner/Library/Developer/Xcode/DerivedData/SDKStatCaches.noindex/iphoneos26.2-23C57-dc75598d0054f22ec865fa860f139d722dd23b4ebda140f7210d155ff1243552.sdkstatcache -output-file-map /Users/runner/Library/Developer/Xcode/DerivedData/SleepCycle-cbzxdwygtqvxpycjunkumnsgsekw/Build/Intermediates.noindex/ArchiveIntermediates/SleepCycle/IntermediateBuildFilesPath/Pods.build/Release-iphoneos/SubscriptionKit.build/Objects-normal/arm64/SubscriptionKit-OutputFileMap.json -use-frontend-parseable-output -save-temps -no-color-diagnostics -explicit-module-build -module-cache-path /Users/runner/Library/Developer/Xcode/DerivedData/SleepCycle-cbzxdwygtqvxpycjunkumnsgsekw/Build/Intermediates.noindex/ArchiveIntermediates/SleepCycle/IntermediateBuildFilesPath/SwiftExplicitPrecompiledModules -clang-scanner-module-cache-path /Users/runner/Library/Developer/Xcode/DerivedData/ModuleCache.noindex -sdk-module-cache-path /Users/runner/Library/Developer/Xcode/DerivedData/ModuleCache.noindex -serialize-diagnostics -emit-dependencies -emit-module -emit-module-path /Users/runner/Library/Developer/Xcode/DerivedData/SleepCycle-cbzxdwygtqvxpycjunkumnsgsekw/Build/Intermediates.noindex/ArchiveIntermediates/SleepCycle/IntermediateBuildFilesPath/Pods.build/Release-iphoneos/SubscriptionKit.build/Objects-normal/arm64/SubscriptionKit.swiftmodule -validate-clang-modules-once -clang-build-session-file /Users/runner/Library/Developer/Xcode/DerivedData/ModuleCache.noindex/Session.modulevalidation -Xcc -I/Users/runner/Library/Developer/Xcode/DerivedData/SleepCycle-cbzxdwygtqvxpycjunkumnsgsekw/Build/Intermediates.noindex/ArchiveIntermediates/SleepCycle/IntermediateBuildFilesPath/Pods.build/Release-iphoneos/SubscriptionKit.build/swift-overrides.hmap -emit-const-values -Xfrontend -const-gather-protocols-file -Xfrontend /Users/runner/Library/Developer/Xcode/DerivedData/SleepCycle-cbzxdwygtqvxpycjunkumnsgsekw/Build/Intermediates.noindex/ArchiveIntermediates/SleepCycle/IntermediateBuildFilesPath/Pods.build/Release-iphoneos/SubscriptionKit.build/Objects-normal/arm64/SubscriptionKit_const_extract_protocols.json -Xcc -iquote -Xcc /Users/runner/Library/Developer/Xcode/DerivedData/SleepCycle-cbzxdwygtqvxpycjunkumnsgsekw/Build/Intermediates.noindex/ArchiveIntermediates/SleepCycle/IntermediateBuildFilesPath/Pods.build/Release-iphoneos/SubscriptionKit.build/SubscriptionKit-generated-files.hmap -Xcc -I/Users/runner/Library/Developer/Xcode/DerivedData/SleepCycle-cbzxdwygtqvxpycjunkumnsgsekw/Build/Intermediates.noindex/ArchiveIntermediates/SleepCycle/IntermediateBuildFilesPath/Pods.build/Release-iphoneos/SubscriptionKit.build/SubscriptionKit-own-target-headers.hmap -Xcc -I/Users/runner/Library/Developer/Xcode/DerivedData/SleepCycle-cbzxdwygtqvxpycjunkumnsgsekw/Build/Intermediates.noindex/ArchiveIntermediates/SleepCycle/IntermediateBuildFilesPath/Pods.build/Release-iphoneos/SubscriptionKit.build/SubscriptionKit-all-non-framework-target-headers.hmap -Xcc -ivfsoverlay -Xcc /Users/runner/Library/Developer/Xcode/DerivedData/SleepCycle-cbzxdwygtqvxpycjunkumnsgsekw/Build/Intermediates.noindex/ArchiveIntermediates/SleepCycle/IntermediateBuildFilesPath/Pods.build/Release-iphoneos/Pods-8699adb1dd336b26511df848a716bd42-VFS-iphoneos/all-product-headers.yaml -Xcc -iquote -Xcc /Users/runner/Library/Developer/Xcode/DerivedData/SleepCycle-cbzxdwygtqvxpycjunkumnsgsekw/Build/Intermediates.noindex/ArchiveIntermediates/SleepCycle/IntermediateBuildFilesPath/Pods.build/Release-iphoneos/SubscriptionKit.build/SubscriptionKit-project-headers.hmap -Xcc -I/Users/runner/Library/Developer/Xcode/DerivedData/SleepCycle-cbzxdwygtqvxpycjunkumnsgsekw/Build/Intermediates.noindex/ArchiveIntermediates/SleepCycle/BuildProductsPath/Release-iphoneos/SubscriptionKit/include -Xcc -I/Users/runner/Library/Developer/Xcode/DerivedData/SleepCycle-cbzxdwygtqvxpycjunkumnsgsekw/Build/Intermediates.noindex/ArchiveIntermediates/SleepCycle/IntermediateBuildFilesPath/Pods.build/Release-iphoneos/SubscriptionKit.build/DerivedSources-normal/arm64 -Xcc -I/Users/runner/Library/Developer/Xcode/DerivedData/SleepCycle-cbzxdwygtqvxpycjunkumnsgsekw/Build/Intermediates.noindex/ArchiveIntermediates/SleepCycle/IntermediateBuildFilesPath/Pods.build/Release-iphoneos/SubscriptionKit.build/DerivedSources/arm64 -Xcc -I/Users/runner/Library/Developer/Xcode/DerivedData/SleepCycle-cbzxdwygtqvxpycjunkumnsgsekw/Build/Intermediates.noindex/ArchiveIntermediates/SleepCycle/IntermediateBuildFilesPath/Pods.build/Release-iphoneos/SubscriptionKit.build/DerivedSources -Xcc -DPOD_CONFIGURATION_RELEASE\=1 -Xcc -DCOCOAPODS\=1 -emit-objc-header -emit-objc-header-path /Users/runner/Library/Developer/Xcode/DerivedData/SleepCycle-cbzxdwygtqvxpycjunkumnsgsekw/Build/Intermediates.noindex/ArchiveIntermediates/SleepCycle/IntermediateBuildFilesPath/Pods.build/Release-iphoneos/SubscriptionKit.build/Objects-normal/arm64/SubscriptionKit-Swift.h -import-underlying-module -Xcc -ivfsoverlay -Xcc /Users/runner/Library/Developer/Xcode/DerivedData/SleepCycle-cbzxdwygtqvxpycjunkumnsgsekw/Build/Intermediates.noindex/ArchiveIntermediates/SleepCycle/IntermediateBuildFilesPath/Pods.build/Release-iphoneos/SubscriptionKit.build/unextended-module-overlay.yaml -working-directory /Users/runner/work/SleepCycle/SleepCycle/Pods -no-emit-module-separately-wmo

SwiftDriver\ Compilation SubscriptionKit normal arm64 com.apple.xcode.tools.swift.compiler (in target 'SubscriptionKit' from project 'Pods')
    cd /Users/runner/work/SleepCycle/SleepCycle/Pods
    builtin-Swift-Compilation -- /Applications/Xcode_26.3.app/Contents/Developer/Toolchains/XcodeDefault.xctoolchain/usr/bin/swiftc -module-name SubscriptionKit -O -whole-module-optimization -enforce-exclusivity\=checked @/Users/runner/Library/Developer/Xcode/DerivedData/SleepCycle-cbzxdwygtqvxpycjunkumnsgsekw/Build/Intermediates.noindex/ArchiveIntermediates/SleepCycle/IntermediateBuildFilesPath/Pods.build/Release-iphoneos/SubscriptionKit.build/Objects-normal/arm64/SubscriptionKit.SwiftFileList -D COCOAPODS -enable-bare-slash-regex -enable-experimental-feature DebugDescriptionMacro -sdk /Applications/Xcode_26.3.app/Contents/Developer/Platforms/iPhoneOS.platform/Developer/SDKs/iPhoneOS26.2.sdk -target arm64-apple-ios15.0 -g -module-cache-path /Users/runner/Library/Developer/Xcode/DerivedData/ModuleCache.noindex -Xfrontend -serialize-debugging-options -swift-version 5 -I /Users/runner/Library/Developer/Xcode/DerivedData/SleepCycle-cbzxdwygtqvxpycjunkumnsgsekw/Build/Intermediates.noindex/ArchiveIntermediates/SleepCycle/BuildProductsPath/Release-iphoneos/SubscriptionKit -F /Users/runner/Library/Developer/Xcode/DerivedData/SleepCycle-cbzxdwygtqvxpycjunkumnsgsekw/Build/Intermediates.noindex/ArchiveIntermediates/SleepCycle/BuildProductsPath/Release-iphoneos/SubscriptionKit -F /Users/runner/work/SleepCycle/SleepCycle/Pods/UMAPM/UMAPM_2.0.7 -F /Users/runner/work/SleepCycle/SleepCycle/Pods/UMCommon/UMCommon_7.6.7 -F /Users/runner/work/SleepCycle/SleepCycle/Pods/UMDevice/UMDevice_3.6.0 -F /Users/runner/Library/Developer/Xcode/DerivedData/SleepCycle-cbzxdwygtqvxpycjunkumnsgsekw/Build/Intermediates.noindex/ArchiveIntermediates/SleepCycle/BuildProductsPath/Release-iphoneos/XCFrameworkIntermediates/UMAPM -F /Users/runner/Library/Developer/Xcode/DerivedData/SleepCycle-cbzxdwygtqvxpycjunkumnsgsekw/Build/Intermediates.noindex/ArchiveIntermediates/SleepCycle/BuildProductsPath/Release-iphoneos/XCFrameworkIntermediates/UMCommon -F /Users/runner/Library/Developer/Xcode/DerivedData/SleepCycle-cbzxdwygtqvxpycjunkumnsgsekw/Build/Intermediates.noindex/ArchiveIntermediates/SleepCycle/BuildProductsPath/Release-iphoneos/XCFrameworkIntermediates/UMDevice -c -num-threads 5 -Xcc -ivfsstatcache -Xcc /Users/runner/Library/Developer/Xcode/DerivedData/SDKStatCaches.noindex/iphoneos26.2-23C57-dc75598d0054f22ec865fa860f139d722dd23b4ebda140f7210d155ff1243552.sdkstatcache -output-file-map /Users/runner/Library/Developer/Xcode/DerivedData/SleepCycle-cbzxdwygtqvxpycjunkumnsgsekw/Build/Intermediates.noindex/ArchiveIntermediates/SleepCycle/IntermediateBuildFilesPath/Pods.build/Release-iphoneos/SubscriptionKit.build/Objects-normal/arm64/SubscriptionKit-OutputFileMap.json -use-frontend-parseable-output -save-temps -no-color-diagnostics -explicit-module-build -module-cache-path /Users/runner/Library/Developer/Xcode/DerivedData/SleepCycle-cbzxdwygtqvxpycjunkumnsgsekw/Build/Intermediates.noindex/ArchiveIntermediates/SleepCycle/IntermediateBuildFilesPath/SwiftExplicitPrecompiledModules -clang-scanner-module-cache-path /Users/runner/Library/Developer/Xcode/DerivedData/ModuleCache.noindex -sdk-module-cache-path /Users/runner/Library/Developer/Xcode/DerivedData/ModuleCache.noindex -serialize-diagnostics -emit-dependencies -emit-module -emit-module-path /Users/runner/Library/Developer/Xcode/DerivedData/SleepCycle-cbzxdwygtqvxpycjunkumnsgsekw/Build/Intermediates.noindex/ArchiveIntermediates/SleepCycle/IntermediateBuildFilesPath/Pods.build/Release-iphoneos/SubscriptionKit.build/Objects-normal/arm64/SubscriptionKit.swiftmodule -validate-clang-modules-once -clang-build-session-file /Users/runner/Library/Developer/Xcode/DerivedData/ModuleCache.noindex/Session.modulevalidation -Xcc -I/Users/runner/Library/Developer/Xcode/DerivedData/SleepCycle-cbzxdwygtqvxpycjunkumnsgsekw/Build/Intermediates.noindex/ArchiveIntermediates/SleepCycle/IntermediateBuildFilesPath/Pods.build/Release-iphoneos/SubscriptionKit.build/swift-overrides.hmap -emit-const-values -Xfrontend -const-gather-protocols-file -Xfrontend /Users/runner/Library/Developer/Xcode/DerivedData/SleepCycle-cbzxdwygtqvxpycjunkumnsgsekw/Build/Intermediates.noindex/ArchiveIntermediates/SleepCycle/IntermediateBuildFilesPath/Pods.build/Release-iphoneos/SubscriptionKit.build/Objects-normal/arm64/SubscriptionKit_const_extract_protocols.json -Xcc -iquote -Xcc /Users/runner/Library/Developer/Xcode/DerivedData/SleepCycle-cbzxdwygtqvxpycjunkumnsgsekw/Build/Intermediates.noindex/ArchiveIntermediates/SleepCycle/IntermediateBuildFilesPath/Pods.build/Release-iphoneos/SubscriptionKit.build/SubscriptionKit-generated-files.hmap -Xcc -I/Users/runner/Library/Developer/Xcode/DerivedData/SleepCycle-cbzxdwygtqvxpycjunkumnsgsekw/Build/Intermediates.noindex/ArchiveIntermediates/SleepCycle/IntermediateBuildFilesPath/Pods.build/Release-iphoneos/SubscriptionKit.build/SubscriptionKit-own-target-headers.hmap -Xcc -I/Users/runner/Library/Developer/Xcode/DerivedData/SleepCycle-cbzxdwygtqvxpycjunkumnsgsekw/Build/Intermediates.noindex/ArchiveIntermediates/SleepCycle/IntermediateBuildFilesPath/Pods.build/Release-iphoneos/SubscriptionKit.build/SubscriptionKit-all-non-framework-target-headers.hmap -Xcc -ivfsoverlay -Xcc /Users/runner/Library/Developer/Xcode/DerivedData/SleepCycle-cbzxdwygtqvxpycjunkumnsgsekw/Build/Intermediates.noindex/ArchiveIntermediates/SleepCycle/IntermediateBuildFilesPath/Pods.build/Release-iphoneos/Pods-8699adb1dd336b26511df848a716bd42-VFS-iphoneos/all-product-headers.yaml -Xcc -iquote -Xcc /Users/runner/Library/Developer/Xcode/DerivedData/SleepCycle-cbzxdwygtqvxpycjunkumnsgsekw/Build/Intermediates.noindex/ArchiveIntermediates/SleepCycle/IntermediateBuildFilesPath/Pods.build/Release-iphoneos/SubscriptionKit.build/SubscriptionKit-project-headers.hmap -Xcc -I/Users/runner/Library/Developer/Xcode/DerivedData/SleepCycle-cbzxdwygtqvxpycjunkumnsgsekw/Build/Intermediates.noindex/ArchiveIntermediates/SleepCycle/BuildProductsPath/Release-iphoneos/SubscriptionKit/include -Xcc -I/Users/runner/Library/Developer/Xcode/DerivedData/SleepCycle-cbzxdwygtqvxpycjunkumnsgsekw/Build/Intermediates.noindex/ArchiveIntermediates/SleepCycle/IntermediateBuildFilesPath/Pods.build/Release-iphoneos/SubscriptionKit.build/DerivedSources-normal/arm64 -Xcc -I/Users/runner/Library/Developer/Xcode/DerivedData/SleepCycle-cbzxdwygtqvxpycjunkumnsgsekw/Build/Intermediates.noindex/ArchiveIntermediates/SleepCycle/IntermediateBuildFilesPath/Pods.build/Release-iphoneos/SubscriptionKit.build/DerivedSources/arm64 -Xcc -I/Users/runner/Library/Developer/Xcode/DerivedData/SleepCycle-cbzxdwygtqvxpycjunkumnsgsekw/Build/Intermediates.noindex/ArchiveIntermediates/SleepCycle/IntermediateBuildFilesPath/Pods.build/Release-iphoneos/SubscriptionKit.build/DerivedSources -Xcc -DPOD_CONFIGURATION_RELEASE\=1 -Xcc -DCOCOAPODS\=1 -emit-objc-header -emit-objc-header-path /Users/runner/Library/Developer/Xcode/DerivedData/SleepCycle-cbzxdwygtqvxpycjunkumnsgsekw/Build/Intermediates.noindex/ArchiveIntermediates/SleepCycle/IntermediateBuildFilesPath/Pods.build/Release-iphoneos/SubscriptionKit.build/Objects-normal/arm64/SubscriptionKit-Swift.h -import-underlying-module -Xcc -ivfsoverlay -Xcc /Users/runner/Library/Developer/Xcode/DerivedData/SleepCycle-cbzxdwygtqvxpycjunkumnsgsekw/Build/Intermediates.noindex/ArchiveIntermediates/SleepCycle/IntermediateBuildFilesPath/Pods.build/Release-iphoneos/SubscriptionKit.build/unextended-module-overlay.yaml -working-directory /Users/runner/work/SleepCycle/SleepCycle/Pods -no-emit-module-separately-wmo

SwiftExplicitDependencyGeneratePcm arm64 /Users/runner/Library/Developer/Xcode/DerivedData/ModuleCache.noindex/_Builtin_stddef-8UE7IOOQG7TV7H43ZUUD8GK8A.pcm

SwiftExplicitDependencyGeneratePcm arm64 /Users/runner/Library/Developer/Xcode/DerivedData/ModuleCache.noindex/_Builtin_stdarg-EDLOZHOX1KIFA7V1RM8XK31ZD.pcm

SwiftExplicitDependencyGeneratePcm arm64 /Users/runner/Library/Developer/Xcode/DerivedData/ModuleCache.noindex/ptrauth-86XI3RI4Y6OV8TLD3O1D9X956.pcm

SwiftExplicitDependencyGeneratePcm arm64 /Users/runner/Library/Developer/Xcode/DerivedData/ModuleCache.noindex/_AvailabilityInternal-4ZSQ3YOKJ8FIZ9DE3N2N2155Z.pcm

SwiftExplicitDependencyGeneratePcm arm64 /Users/runner/Library/Developer/Xcode/DerivedData/ModuleCache.noindex/DeveloperToolsSupport-ED9Z3FLSATL8Q5V0PU1K6IANB.pcm

SwiftExplicitDependencyGeneratePcm arm64 /Users/runner/Library/Developer/Xcode/DerivedData/ModuleCache.noindex/_SwiftConcurrencyShims-39H4MYIONVMNULZUDLIS42DCD.pcm

SwiftExplicitDependencyGeneratePcm arm64 /Users/runner/Library/Developer/Xcode/DerivedData/ModuleCache.noindex/_Builtin_float-2AJTXFLH7UIA5W4QO5PEZJ067.pcm

SwiftExplicitDependencyGeneratePcm arm64 /Users/runner/Library/Developer/Xcode/DerivedData/ModuleCache.noindex/ptrcheck-33FG5PDOCYRR3L736CNG6XQW9.pcm

SwiftExplicitDependencyGeneratePcm arm64 /Users/runner/Library/Developer/Xcode/DerivedData/ModuleCache.noindex/SwiftShims-20449Z80VJ81TEPUGCZ2BPK28.pcm

SwiftExplicitDependencyGeneratePcm arm64 /Users/runner/Library/Developer/Xcode/DerivedData/ModuleCache.noindex/_Builtin_stdbool-BGMEK4M079WK80BJQAM92RKI5.pcm

SwiftExplicitDependencyGeneratePcm arm64 /Users/runner/Library/Developer/Xcode/DerivedData/ModuleCache.noindex/_StoreKit_SwiftUI-CJ7VPJ0R55XWV6J4SIQG3Q0SN.pcm

SwiftExplicitDependencyGeneratePcm arm64 /Users/runner/Library/Developer/Xcode/DerivedData/ModuleCache.noindex/_DarwinFoundation1-AMJ7P60XIICL2VTFWIYGS8CF9.pcm

SwiftExplicitDependencyGeneratePcm arm64 /Users/runner/Library/Developer/Xcode/DerivedData/ModuleCache.noindex/_Builtin_limits-BJTWRD4AU42QKMKA01HY9L3TT.pcm

SwiftExplicitDependencyGeneratePcm arm64 /Users/runner/Library/Developer/Xcode/DerivedData/ModuleCache.noindex/_DarwinFoundation2-EDY9TGJJ7VQW6W3MZ6ZHJSDEA.pcm

SwiftExplicitDependencyGeneratePcm arm64 /Users/runner/Library/Developer/Xcode/DerivedData/ModuleCache.noindex/ExtensionFoundation-A0S3OPW198NGUDFO95T120PT8.pcm

SwiftExplicitDependencyGeneratePcm arm64 /Users/runner/Library/Developer/Xcode/DerivedData/ModuleCache.noindex/_Builtin_tgmath-36PCZ8Q7BQHVIYC6NJI55XTTD.pcm

SwiftExplicitDependencyGeneratePcm arm64 /Users/runner/Library/Developer/Xcode/DerivedData/ModuleCache.noindex/sys_types-4PRH99LU2I59L83OSQHIOT0F4.pcm

SwiftExplicitDependencyGeneratePcm arm64 /Users/runner/Library/Developer/Xcode/DerivedData/ModuleCache.noindex/_Builtin_stdint-BE3PMKOR44C24VD6AB0E9PT2Y.pcm

SwiftExplicitDependencyGeneratePcm arm64 /Users/runner/Library/Developer/Xcode/DerivedData/ModuleCache.noindex/_Builtin_intrinsics-93WZHIX5LTJ27LNRZBT3YYLOY.pcm

SwiftExplicitDependencyGeneratePcm arm64 /Users/runner/Library/Developer/Xcode/DerivedData/ModuleCache.noindex/_Builtin_stdatomic-CAG3T5E54X9AQRZBTS0FH97YQ.pcm

SwiftExplicitDependencyGeneratePcm arm64 /Users/runner/Library/Developer/Xcode/DerivedData/ModuleCache.noindex/_DarwinFoundation3-5TXVJP44ZNRCILXS0UUPBK4DD.pcm

SwiftExplicitDependencyGeneratePcm arm64 /Users/runner/Library/Developer/Xcode/DerivedData/ModuleCache.noindex/_Builtin_inttypes-2VJE3Q7LACMOFWR8DFDHES3LO.pcm

SwiftExplicitDependencyGeneratePcm arm64 /Users/runner/Library/Developer/Xcode/DerivedData/ModuleCache.noindex/Darwin-7J9VQ7MSQL9D8T4I20DHTTXMN.pcm

SwiftExplicitDependencyGeneratePcm arm64 /Users/runner/Library/Developer/Xcode/DerivedData/ModuleCache.noindex/simd-EKDSHS7PDC46UFCMUDSH45MOM.pcm

SwiftExplicitDependencyGeneratePcm arm64 /Users/runner/Library/Developer/Xcode/DerivedData/ModuleCache.noindex/ObjectiveC-5VSVEYOBD2W8ODIR62UXGHN1A.pcm

SwiftExplicitDependencyGeneratePcm arm64 /Users/runner/Library/Developer/Xcode/DerivedData/ModuleCache.noindex/MachO-54DTBJPYX9C6511T08NSLUZL9.pcm

SwiftExplicitDependencyGeneratePcm arm64 /Users/runner/Library/Developer/Xcode/DerivedData/ModuleCache.noindex/os_object-33Y7Q77K15NGPIUTH04U0YZZ0.pcm

SwiftExplicitDependencyGeneratePcm arm64 /Users/runner/Library/Developer/Xcode/DerivedData/ModuleCache.noindex/os_workgroup-ENDJ0LY6OCCSKSAFTNL3OFKV8.pcm

SwiftExplicitDependencyGeneratePcm arm64 /Users/runner/Library/Developer/Xcode/DerivedData/ModuleCache.noindex/Dispatch-EKE822JWOQ61ZVGWM0IBBM9AW.pcm

SwiftExplicitDependencyGeneratePcm arm64 /Users/runner/Library/Developer/Xcode/DerivedData/ModuleCache.noindex/Spatial-T1KOLPD36GONG50BZS42I4BU.pcm

SwiftExplicitDependencyGeneratePcm arm64 /Users/runner/Library/Developer/Xcode/DerivedData/ModuleCache.noindex/CoreFoundation-655HAZYSA9T1LJUAJYYW431AP.pcm

SwiftExplicitDependencyGeneratePcm arm64 /Users/runner/Library/Developer/Xcode/DerivedData/ModuleCache.noindex/XPC-AHIPVKHNAFTNRZR9O59ACQZQI.pcm

SwiftExplicitDependencyGeneratePcm arm64 /Users/runner/Library/Developer/Xcode/DerivedData/ModuleCache.noindex/dnssd-5AE24C09XOQC906HTC7CK2ZO1.pcm

SwiftExplicitDependencyGeneratePcm arm64 /Users/runner/Library/Developer/Xcode/DerivedData/ModuleCache.noindex/os-EV24YG5FY27973ZK7SM8YU7FZ.pcm

SwiftExplicitDependencyGeneratePcm arm64 /Users/runner/Library/Developer/Xcode/DerivedData/ModuleCache.noindex/CFNetwork-9VFO7YNB1UAE6OJU4OH3Y3N4M.pcm

SwiftExplicitDependencyGeneratePcm arm64 /Users/runner/Library/Developer/Xcode/DerivedData/ModuleCache.noindex/CoreGraphics-42SZ1ILNNZ2PLSGDVOPVG6NCN.pcm

SwiftExplicitDependencyGeneratePcm arm64 /Users/runner/Library/Developer/Xcode/DerivedData/ModuleCache.noindex/Security-CV68WSEGGPB4VRQV4DSVPANZY.pcm

SwiftExplicitDependencyGeneratePcm arm64 /Users/runner/Library/Developer/Xcode/DerivedData/ModuleCache.noindex/Foundation-F1FSWFXQ3WZAR9C2KUR7EGZ9.pcm

SwiftExplicitDependencyGeneratePcm arm64 /Users/runner/Library/Developer/Xcode/DerivedData/ModuleCache.noindex/CoreText-6HUASY4J7Q93SZ9X4WAD5QGZE.pcm

SwiftExplicitDependencyGeneratePcm arm64 /Users/runner/Library/Developer/Xcode/DerivedData/ModuleCache.noindex/ImageIO-2BTXUUYDR7JHDLXMTAWUEW9BW.pcm

SwiftExplicitDependencyGeneratePcm arm64 /Users/runner/Library/Developer/Xcode/DerivedData/ModuleCache.noindex/Accessibility-5ZQ5X8GFWH492SYUTDLOYNJ96.pcm

SwiftExplicitDependencyGeneratePcm arm64 /Users/runner/Library/Developer/Xcode/DerivedData/ModuleCache.noindex/CoreTransferable-4SLIGFHDCFZUBMFD63OYCHKS7.pcm

SwiftExplicitDependencyGeneratePcm arm64 /Users/runner/Library/Developer/Xcode/DerivedData/ModuleCache.noindex/CoreData-CBUELIPGAK30TC28LOM7XGJ4J.pcm

SwiftExplicitDependencyGeneratePcm arm64 /Users/runner/Library/Developer/Xcode/DerivedData/ModuleCache.noindex/LocalAuthentication-5OKPR53NJAI493S06HV24JFSL.pcm

SwiftExplicitDependencyGeneratePcm arm64 /Users/runner/Library/Developer/Xcode/DerivedData/ModuleCache.noindex/Symbols-14NDBPYF6FEX6BNXSKQ2FAK5M.pcm

SwiftExplicitDependencyGeneratePcm arm64 /Users/runner/Library/Developer/Xcode/DerivedData/ModuleCache.noindex/AdServices-C3SA45A0D0L8LOHUH3MHPKIAL.pcm

SwiftExplicitDependencyGeneratePcm arm64 /Users/runner/Library/Developer/Xcode/DerivedData/ModuleCache.noindex/FileProvider-4S55M9T9YYZGJSTIC2QFKHFH7.pcm

SwiftExplicitDependencyGeneratePcm arm64 /Users/runner/Library/Developer/Xcode/DerivedData/ModuleCache.noindex/Network-53PZMGETEP502BR80I876WZ4L.pcm

SwiftExplicitDependencyGeneratePcm arm64 /Users/runner/Library/Developer/Xcode/DerivedData/ModuleCache.noindex/BackgroundAssets-4G9EZDB00O8450KIEJW7ZSDXZ.pcm

SwiftExplicitDependencyGeneratePcm arm64 /Users/runner/Library/Developer/Xcode/DerivedData/ModuleCache.noindex/UserNotifications-2EJ0L2SK4ZB214G7FHGY0UEJU.pcm

SwiftExplicitDependencyGeneratePcm arm64 /Users/runner/Library/Developer/Xcode/DerivedData/ModuleCache.noindex/DataDetection-E68UNNJECIFQTVEJ70VW2TUS0.pcm

SwiftExplicitDependencyGeneratePcm arm64 /Users/runner/Library/Developer/Xcode/DerivedData/ModuleCache.noindex/OSLog-2JJBBPRZN86WMXZTNLJ6GMQYR.pcm

SwiftExplicitDependencyGeneratePcm arm64 /Users/runner/Library/Developer/Xcode/DerivedData/ModuleCache.noindex/IOSurface-42LOCQ6YK9Z2RY7LEQEYDYPTL.pcm

SwiftExplicitDependencyGeneratePcm arm64 /Users/runner/Library/Developer/Xcode/DerivedData/ModuleCache.noindex/UIUtilities-5RL6N96PLZXFENO9XPW9DG9PM.pcm

SwiftExplicitDependencyGeneratePcm arm64 /Users/runner/Library/Developer/Xcode/DerivedData/ModuleCache.noindex/UniformTypeIdentifiers-16JDBFDZV4YZRYFWVH0SK6J17.pcm

SwiftExplicitDependencyGeneratePcm arm64 /Users/runner/Library/Developer/Xcode/DerivedData/ModuleCache.noindex/Metal-EQUDLEB9SYH1KJJVXW3L92YFE.pcm

SwiftExplicitDependencyGeneratePcm arm64 /Users/runner/Library/Developer/Xcode/DerivedData/ModuleCache.noindex/OpenGLES-8K8ZW3I1X6P1LY2HMS49J6N1M.pcm

SwiftExplicitDependencyGeneratePcm arm64 /Users/runner/Library/Developer/Xcode/DerivedData/ModuleCache.noindex/CoreVideo-3PP4DAYYRE5J9M9ZJO2UP5XPD.pcm

SwiftExplicitDependencyGeneratePcm arm64 /Users/runner/Library/Developer/Xcode/DerivedData/ModuleCache.noindex/QuartzCore-7ZAYI1YBVWAI3FNHDB05AJX6N.pcm

SwiftExplicitDependencyGeneratePcm arm64 /Users/runner/Library/Developer/Xcode/DerivedData/ModuleCache.noindex/CoreImage-1F72TU0ILEHPLXXRC45YN3QLS.pcm

SwiftExplicitDependencyGeneratePcm arm64 /Users/runner/Library/Developer/Xcode/DerivedData/ModuleCache.noindex/SwiftUICore-CRXAAHF0IYYLG2HLQENV3IY41.pcm

SwiftExplicitDependencyGeneratePcm arm64 /Users/runner/Library/Developer/Xcode/DerivedData/ModuleCache.noindex/UIKit-1A9X26E7Y1O09G6QWHNU6DFSS.pcm

SwiftExplicitDependencyGeneratePcm arm64 /Users/runner/Library/Developer/Xcode/DerivedData/ModuleCache.noindex/StoreKit-96MYEN0F86X598M93Q4XK1KC4.pcm

SwiftExplicitDependencyGeneratePcm arm64 /Users/runner/Library/Developer/Xcode/DerivedData/SleepCycle-cbzxdwygtqvxpycjunkumnsgsekw/Build/Intermediates.noindex/ArchiveIntermediates/SleepCycle/IntermediateBuildFilesPath/SwiftExplicitPrecompiledModules/SubscriptionKit-E0OILP06E4ZLXIYA0QJADAAA0.pcm

SwiftExplicitDependencyGeneratePcm arm64 /Users/runner/Library/Developer/Xcode/DerivedData/ModuleCache.noindex/WebKit-7ARRMEG2U8P49BTZPEDPAS23Y.pcm

SwiftExplicitDependencyGeneratePcm arm64 /Users/runner/Library/Developer/Xcode/DerivedData/SleepCycle-cbzxdwygtqvxpycjunkumnsgsekw/Build/Intermediates.noindex/ArchiveIntermediates/SleepCycle/IntermediateBuildFilesPath/SwiftExplicitPrecompiledModules/UMCommon-7SABLZKK0MX44G5B8HKE1WML6.pcm
<module-includes>:1:9: note: in file included from <module-includes>:1:
1 | #import "Headers/UMCommon.h"
  |         `- note: in file included from <module-includes>:1:
2 | 

/Users/runner/Library/Developer/Xcode/DerivedData/SleepCycle-cbzxdwygtqvxpycjunkumnsgsekw/Build/Intermediates.noindex/ArchiveIntermediates/SleepCycle/BuildProductsPath/Release-iphoneos/XCFrameworkIntermediates/UMCommon/UMCommon.framework/Headers/UMCommon.h:19:9: note: in file included from /Users/runner/Library/Developer/Xcode/DerivedData/SleepCycle-cbzxdwygtqvxpycjunkumnsgsekw/Build/Intermediates.noindex/ArchiveIntermediates/SleepCycle/BuildProductsPath/Release-iphoneos/XCFrameworkIntermediates/UMCommon/UMCommon.framework/Headers/UMCommon.h:19:
17 | // In this header, you should import all the public headers of your framework using statements like #import <UMCommon/PublicHeader.h>
18 | 
19 | #import <UMCommon/UMConfigure.h>
   |         `- note: in file included from /Users/runner/Library/Developer/Xcode/DerivedData/SleepCycle-cbzxdwygtqvxpycjunkumnsgsekw/Build/Intermediates.noindex/ArchiveIntermediates/SleepCycle/BuildProductsPath/Release-iphoneos/XCFrameworkIntermediates/UMCommon/UMCommon.framework/Headers/UMCommon.h:19:
20 | #import <UMCommon/MobClick.h>
21 | #import <UMCommon/UMCommonDeepLink.h>

/Users/runner/Library/Developer/Xcode/DerivedData/SleepCycle-cbzxdwygtqvxpycjunkumnsgsekw/Build/Intermediates.noindex/ArchiveIntermediates/SleepCycle/BuildProductsPath/Release-iphoneos/XCFrameworkIntermediates/UMCommon/UMCommon.framework/Headers/UMConfigure.h:22:34: warning: pointer is missing a nullability type specifier (_Nonnull, _Nullable, or _Null_unspecified)
20 |  @param channel 渠道标识，可设置nil表示"App Store".
21 |  */
22 | + (void)initWithAppkey:(NSString *)appKey channel:(NSString *)channel;
   |                                  |- warning: pointer is missing a nullability type specifier (_Nonnull, _Nullable, or _Null_unspecified)
   |                                  |- note: insert '_Nullable' if the pointer may be null
   |                                  `- note: insert '_Nonnull' if the pointer should never be null
23 | 
24 | /** 设置是否在console输出sdk的log信息.

<module-includes>:1:9: note: in file included from <module-includes>:1:
1 | #import "Headers/UMCommon.h"
  |         `- note: in file included from <module-includes>:1:
2 | 

/Users/runner/Library/Developer/Xcode/DerivedData/SleepCycle-cbzxdwygtqvxpycjunkumnsgsekw/Build/Intermediates.noindex/ArchiveIntermediates/SleepCycle/BuildProductsPath/Release-iphoneos/XCFrameworkIntermediates/UMCommon/UMCommon.framework/Headers/UMCommon.h:19:9: note: in file included from /Users/runner/Library/Developer/Xcode/DerivedData/SleepCycle-cbzxdwygtqvxpycjunkumnsgsekw/Build/Intermediates.noindex/ArchiveIntermediates/SleepCycle/BuildProductsPath/Release-iphoneos/XCFrameworkIntermediates/UMCommon/UMCommon.framework/Headers/UMCommon.h:19:
17 | // In this header, you should import all the public headers of your framework using statements like #import <UMCommon/PublicHeader.h>
18 | 
19 | #import <UMCommon/UMConfigure.h>
   |         `- note: in file included from /Users/runner/Library/Developer/Xcode/DerivedData/SleepCycle-cbzxdwygtqvxpycjunkumnsgsekw/Build/Intermediates.noindex/ArchiveIntermediates/SleepCycle/BuildProductsPath/Release-iphoneos/XCFrameworkIntermediates/UMCommon/UMCommon.framework/Headers/UMCommon.h:19:
20 | #import <UMCommon/MobClick.h>
21 | #import <UMCommon/UMCommonDeepLink.h>

/Users/runner/Library/Developer/Xcode/DerivedData/SleepCycle-cbzxdwygtqvxpycjunkumnsgsekw/Build/Intermediates.noindex/ArchiveIntermediates/SleepCycle/BuildProductsPath/Release-iphoneos/XCFrameworkIntermediates/UMCommon/UMCommon.framework/Headers/UMConfigure.h:22:61: warning: pointer is missing a nullability type specifier (_Nonnull, _Nullable, or _Null_unspecified)
20 |  @param channel 渠道标识，可设置nil表示"App Store".
21 |  */
22 | + (void)initWithAppkey:(NSString *)appKey channel:(NSString *)channel;
   |                                                             |- warning: pointer is missing a nullability type specifier (_Nonnull, _Nullable, or _Null_unspecified)
   |                                                             |- note: insert '_Nullable' if the pointer may be null
   |                                                             `- note: insert '_Nonnull' if the pointer should never be null
23 | 
24 | /** 设置是否在console输出sdk的log信息.

<module-includes>:1:9: note: in file included from <module-includes>:1:
1 | #import "Headers/UMCommon.h"
  |         `- note: in file included from <module-includes>:1:
2 | 

/Users/runner/Library/Developer/Xcode/DerivedData/SleepCycle-cbzxdwygtqvxpycjunkumnsgsekw/Build/Intermediates.noindex/ArchiveIntermediates/SleepCycle/BuildProductsPath/Release-iphoneos/XCFrameworkIntermediates/UMCommon/UMCommon.framework/Headers/UMCommon.h:19:9: note: in file included from /Users/runner/Library/Developer/Xcode/DerivedData/SleepCycle-cbzxdwygtqvxpycjunkumnsgsekw/Build/Intermediates.noindex/ArchiveIntermediates/SleepCycle/BuildProductsPath/Release-iphoneos/XCFrameworkIntermediates/UMCommon/UMCommon.framework/Headers/UMCommon.h:19:
17 | // In this header, you should import all the public headers of your framework using statements like #import <UMCommon/PublicHeader.h>
18 | 
19 | #import <UMCommon/UMConfigure.h>
   |         `- note: in file included from /Users/runner/Library/Developer/Xcode/DerivedData/SleepCycle-cbzxdwygtqvxpycjunkumnsgsekw/Build/Intermediates.noindex/ArchiveIntermediates/SleepCycle/BuildProductsPath/Release-iphoneos/XCFrameworkIntermediates/UMCommon/UMCommon.framework/Headers/UMCommon.h:19:
20 | #import <UMCommon/MobClick.h>
21 | #import <UMCommon/UMCommonDeepLink.h>

/Users/runner/Library/Developer/Xcode/DerivedData/SleepCycle-cbzxdwygtqvxpycjunkumnsgsekw/Build/Intermediates.noindex/ArchiveIntermediates/SleepCycle/BuildProductsPath/Release-iphoneos/XCFrameworkIntermediates/UMCommon/UMCommon.framework/Headers/UMConfigure.h:34:13: warning: pointer is missing a nullability type specifier (_Nonnull, _Nullable, or _Null_unspecified)
32 | + (void)setEncryptEnabled:(BOOL)value;
33 | 
34 | + (NSString *)umidString;
   |             |- warning: pointer is missing a nullability type specifier (_Nonnull, _Nullable, or _Null_unspecified)
   |             |- note: insert '_Nullable' if the pointer may be null
   |             `- note: insert '_Nonnull' if the pointer should never be null
35 | 
36 | /**

<module-includes>:1:9: note: in file included from <module-includes>:1:
1 | #import "Headers/UMCommon.h"
  |         `- note: in file included from <module-includes>:1:
2 | 

/Users/runner/Library/Developer/Xcode/DerivedData/SleepCycle-cbzxdwygtqvxpycjunkumnsgsekw/Build/Intermediates.noindex/ArchiveIntermediates/SleepCycle/BuildProductsPath/Release-iphoneos/XCFrameworkIntermediates/UMCommon/UMCommon.framework/Headers/UMCommon.h:19:9: note: in file included from /Users/runner/Library/Developer/Xcode/DerivedData/SleepCycle-cbzxdwygtqvxpycjunkumnsgsekw/Build/Intermediates.noindex/ArchiveIntermediates/SleepCycle/BuildProductsPath/Release-iphoneos/XCFrameworkIntermediates/UMCommon/UMCommon.framework/Headers/UMCommon.h:19:
17 | // In this header, you should import all the public headers of your framework using statements like #import <UMCommon/PublicHeader.h>
18 | 
19 | #import <UMCommon/UMConfigure.h>
   |         `- note: in file included from /Users/runner/Library/Developer/Xcode/DerivedData/SleepCycle-cbzxdwygtqvxpycjunkumnsgsekw/Build/Intermediates.noindex/ArchiveIntermediates/SleepCycle/BuildProductsPath/Release-iphoneos/XCFrameworkIntermediates/UMCommon/UMCommon.framework/Headers/UMCommon.h:19:
20 | #import <UMCommon/MobClick.h>
21 | #import <UMCommon/UMCommonDeepLink.h>

/Users/runner/Library/Developer/Xcode/DerivedData/SleepCycle-cbzxdwygtqvxpycjunkumnsgsekw/Build/Intermediates.noindex/ArchiveIntermediates/SleepCycle/BuildProductsPath/Release-iphoneos/XCFrameworkIntermediates/UMCommon/UMCommon.framework/Headers/UMConfigure.h:39:12: warning: pointer is missing a nullability type specifier (_Nonnull, _Nullable, or _Null_unspecified)
37 |  集成测试需要device_id
38 |  */
39 | + (NSString*)deviceIDForIntegration;
   |            |- warning: pointer is missing a nullability type specifier (_Nonnull, _Nullable, or _Null_unspecified)
   |            |- note: insert '_Nullable' if the pointer may be null
   |            `- note: insert '_Nonnull' if the pointer should never be null
40 | 
41 | /** 是否开启统计，默认为YES(开启状态)

<module-includes>:1:9: note: in file included from <module-includes>:1:
1 | #import "Headers/UMCommon.h"
  |         `- note: in file included from <module-includes>:1:
2 | 

/Users/runner/Library/Developer/Xcode/DerivedData/SleepCycle-cbzxdwygtqvxpycjunkumnsgsekw/Build/Intermediates.noindex/ArchiveIntermediates/SleepCycle/BuildProductsPath/Release-iphoneos/XCFrameworkIntermediates/UMCommon/UMCommon.framework/Headers/UMCommon.h:19:9: note: in file included from /Users/runner/Library/Developer/Xcode/DerivedData/SleepCycle-cbzxdwygtqvxpycjunkumnsgsekw/Build/Intermediates.noindex/ArchiveIntermediates/SleepCycle/BuildProductsPath/Release-iphoneos/XCFrameworkIntermediates/UMCommon/UMCommon.framework/Headers/UMCommon.h:19:
17 | // In this header, you should import all the public headers of your framework using statements like #import <UMCommon/PublicHeader.h>
18 | 
19 | #import <UMCommon/UMConfigure.h>
   |         `- note: in file included from /Users/runner/Library/Developer/Xcode/DerivedData/SleepCycle-cbzxdwygtqvxpycjunkumnsgsekw/Build/Intermediates.noindex/ArchiveIntermediates/SleepCycle/BuildProductsPath/Release-iphoneos/XCFrameworkIntermediates/UMCommon/UMCommon.framework/Headers/UMCommon.h:19:
20 | #import <UMCommon/MobClick.h>
21 | #import <UMCommon/UMCommonDeepLink.h>

/Users/runner/Library/Developer/Xcode/DerivedData/SleepCycle-cbzxdwygtqvxpycjunkumnsgsekw/Build/Intermediates.noindex/ArchiveIntermediates/SleepCycle/BuildProductsPath/Release-iphoneos/XCFrameworkIntermediates/UMCommon/UMCommon.framework/Headers/UMConfigure.h:47:13: warning: pointer is missing a nullability type specifier (_Nonnull, _Nullable, or _Null_unspecified)
45 | 
46 | //获取zid
47 | + (NSString *)getUmengZID;
   |             |- warning: pointer is missing a nullability type specifier (_Nonnull, _Nullable, or _Null_unspecified)
   |             |- note: insert '_Nullable' if the pointer may be null
   |             `- note: insert '_Nonnull' if the pointer should never be null
48 | 
49 | //是否发送海外域名，默认为YES发送海外域名

<module-includes>:1:9: note: in file included from <module-includes>:1:
1 | #import "Headers/UMCommon.h"
  |         `- note: in file included from <module-includes>:1:
2 | 

/Users/runner/Library/Developer/Xcode/DerivedData/SleepCycle-cbzxdwygtqvxpycjunkumnsgsekw/Build/Intermediates.noindex/ArchiveIntermediates/SleepCycle/BuildProductsPath/Release-iphoneos/XCFrameworkIntermediates/UMCommon/UMCommon.framework/Headers/UMCommon.h:19:9: note: in file included from /Users/runner/Library/Developer/Xcode/DerivedData/SleepCycle-cbzxdwygtqvxpycjunkumnsgsekw/Build/Intermediates.noindex/ArchiveIntermediates/SleepCycle/BuildProductsPath/Release-iphoneos/XCFrameworkIntermediates/UMCommon/UMCommon.framework/Headers/UMCommon.h:19:
17 | // In this header, you should import all the public headers of your framework using statements like #import <UMCommon/PublicHeader.h>
18 | 
19 | #import <UMCommon/UMConfigure.h>
   |         `- note: in file included from /Users/runner/Library/Developer/Xcode/DerivedData/SleepCycle-cbzxdwygtqvxpycjunkumnsgsekw/Build/Intermediates.noindex/ArchiveIntermediates/SleepCycle/BuildProductsPath/Release-iphoneos/XCFrameworkIntermediates/UMCommon/UMCommon.framework/Headers/UMCommon.h:19:
20 | #import <UMCommon/MobClick.h>
21 | #import <UMCommon/UMCommonDeepLink.h>

/Users/runner/Library/Developer/Xcode/DerivedData/SleepCycle-cbzxdwygtqvxpycjunkumnsgsekw/Build/Intermediates.noindex/ArchiveIntermediates/SleepCycle/BuildProductsPath/Release-iphoneos/XCFrameworkIntermediates/UMCommon/UMCommon.framework/Headers/UMConfigure.h:53:13: warning: pointer is missing a nullability type specifier (_Nonnull, _Nullable, or _Null_unspecified)
51 | 
52 | //获取本次SessionID
53 | + (NSString *)getSessionID;
   |             |- warning: pointer is missing a nullability type specifier (_Nonnull, _Nullable, or _Null_unspecified)
   |             |- note: insert '_Nullable' if the pointer may be null
   |             `- note: insert '_Nonnull' if the pointer should never be null
54 | 
55 | + (void)resetStorePrefix:(NSString *)prefix;

<module-includes>:1:9: note: in file included from <module-includes>:1:
1 | #import "Headers/UMCommon.h"
  |         `- note: in file included from <module-includes>:1:
2 | 

/Users/runner/Library/Developer/Xcode/DerivedData/SleepCycle-cbzxdwygtqvxpycjunkumnsgsekw/Build/Intermediates.noindex/ArchiveIntermediates/SleepCycle/BuildProductsPath/Release-iphoneos/XCFrameworkIntermediates/UMCommon/UMCommon.framework/Headers/UMCommon.h:19:9: note: in file included from /Users/runner/Library/Developer/Xcode/DerivedData/SleepCycle-cbzxdwygtqvxpycjunkumnsgsekw/Build/Intermediates.noindex/ArchiveIntermediates/SleepCycle/BuildProductsPath/Release-iphoneos/XCFrameworkIntermediates/UMCommon/UMCommon.framework/Headers/UMCommon.h:19:
17 | // In this header, you should import all the public headers of your framework using statements like #import <UMCommon/PublicHeader.h>
18 | 
19 | #import <UMCommon/UMConfigure.h>
   |         `- note: in file included from /Users/runner/Library/Developer/Xcode/DerivedData/SleepCycle-cbzxdwygtqvxpycjunkumnsgsekw/Build/Intermediates.noindex/ArchiveIntermediates/SleepCycle/BuildProductsPath/Release-iphoneos/XCFrameworkIntermediates/UMCommon/UMCommon.framework/Headers/UMCommon.h:19:
20 | #import <UMCommon/MobClick.h>
21 | #import <UMCommon/UMCommonDeepLink.h>

/Users/runner/Library/Developer/Xcode/DerivedData/SleepCycle-cbzxdwygtqvxpycjunkumnsgsekw/Build/Intermediates.noindex/ArchiveIntermediates/SleepCycle/BuildProductsPath/Release-iphoneos/XCFrameworkIntermediates/UMCommon/UMCommon.framework/Headers/UMConfigure.h:55:36: warning: pointer is missing a nullability type specifier (_Nonnull, _Nullable, or _Null_unspecified)
53 | + (NSString *)getSessionID;
54 | 
55 | + (void)resetStorePrefix:(NSString *)prefix;
   |                                    |- warning: pointer is missing a nullability type specifier (_Nonnull, _Nullable, or _Null_unspecified)
   |                                    |- note: insert '_Nullable' if the pointer may be null
   |                                    `- note: insert '_Nonnull' if the pointer should never be null
56 | + (void)resetStorePath;
57 | 

<module-includes>:1:9: note: in file included from <module-includes>:1:
1 | #import "Headers/UMCommon.h"
  |         `- note: in file included from <module-includes>:1:
2 | 

/Users/runner/Library/Developer/Xcode/DerivedData/SleepCycle-cbzxdwygtqvxpycjunkumnsgsekw/Build/Intermediates.noindex/ArchiveIntermediates/SleepCycle/BuildProductsPath/Release-iphoneos/XCFrameworkIntermediates/UMCommon/UMCommon.framework/Headers/UMCommon.h:19:9: note: in file included from /Users/runner/Library/Developer/Xcode/DerivedData/SleepCycle-cbzxdwygtqvxpycjunkumnsgsekw/Build/Intermediates.noindex/ArchiveIntermediates/SleepCycle/BuildProductsPath/Release-iphoneos/XCFrameworkIntermediates/UMCommon/UMCommon.framework/Headers/UMCommon.h:19:
17 | // In this header, you should import all the public headers of your framework using statements like #import <UMCommon/PublicHeader.h>
18 | 
19 | #import <UMCommon/UMConfigure.h>
   |         `- note: in file included from /Users/runner/Library/Developer/Xcode/DerivedData/SleepCycle-cbzxdwygtqvxpycjunkumnsgsekw/Build/Intermediates.noindex/ArchiveIntermediates/SleepCycle/BuildProductsPath/Release-iphoneos/XCFrameworkIntermediates/UMCommon/UMCommon.framework/Headers/UMCommon.h:19:
20 | #import <UMCommon/MobClick.h>
21 | #import <UMCommon/UMCommonDeepLink.h>

/Users/runner/Library/Developer/Xcode/DerivedData/SleepCycle-cbzxdwygtqvxpycjunkumnsgsekw/Build/Intermediates.noindex/ArchiveIntermediates/SleepCycle/BuildProductsPath/Release-iphoneos/XCFrameworkIntermediates/UMCommon/UMCommon.framework/Headers/UMConfigure.h:61:29: warning: pointer is missing a nullability type specifier (_Nonnull, _Nullable, or _Null_unspecified)
59 |  @param primaryDomain 传日志的主域名收数地址,参数不能为null或者空串。例如：https://www.umeng.com
60 | */
61 | + (void)setDomain:(NSString *)primaryDomain;
   |                             |- warning: pointer is missing a nullability type specifier (_Nonnull, _Nullable, or _Null_unspecified)
   |                             |- note: insert '_Nullable' if the pointer may be null
   |                             `- note: insert '_Nonnull' if the pointer should never be null
62 | 
63 | /** 进端采集开关

<module-includes>:1:9: note: in file included from <module-includes>:1:
1 | #import "Headers/UMCommon.h"
  |         `- note: in file included from <module-includes>:1:
2 | 

/Users/runner/Library/Developer/Xcode/DerivedData/SleepCycle-cbzxdwygtqvxpycjunkumnsgsekw/Build/Intermediates.noindex/ArchiveIntermediates/SleepCycle/BuildProductsPath/Release-iphoneos/XCFrameworkIntermediates/UMCommon/UMCommon.framework/Headers/UMCommon.h:19:9: note: in file included from /Users/runner/Library/Developer/Xcode/DerivedData/SleepCycle-cbzxdwygtqvxpycjunkumnsgsekw/Build/Intermediates.noindex/ArchiveIntermediates/SleepCycle/BuildProductsPath/Release-iphoneos/XCFrameworkIntermediates/UMCommon/UMCommon.framework/Headers/UMCommon.h:19:
17 | // In this header, you should import all the public headers of your framework using statements like #import <UMCommon/PublicHeader.h>
18 | 
19 | #import <UMCommon/UMConfigure.h>
   |         `- note: in file included from /Users/runner/Library/Developer/Xcode/DerivedData/SleepCycle-cbzxdwygtqvxpycjunkumnsgsekw/Build/Intermediates.noindex/ArchiveIntermediates/SleepCycle/BuildProductsPath/Release-iphoneos/XCFrameworkIntermediates/UMCommon/UMCommon.framework/Headers/UMCommon.h:19:
20 | #import <UMCommon/MobClick.h>
21 | #import <UMCommon/UMCommonDeepLink.h>

9 warnings generated.
/Users/runner/Library/Developer/Xcode/DerivedData/SleepCycle-cbzxdwygtqvxpycjunkumnsgsekw/Build/Intermediates.noindex/ArchiveIntermediates/SleepCycle/BuildProductsPath/Release-iphoneos/XCFrameworkIntermediates/UMCommon/UMCommon.framework/Headers/UMConfigure.h:71:44: warning: pointer is missing a nullability type specifier (_Nonnull, _Nullable, or _Null_unspecified)
69 |  @param connectionOptions: UIScene模式下的启动参数
70 | */
71 | + (void)handleSceneWillConnectWithOptions:(id)connectionOptions;
   |                                            |- warning: pointer is missing a nullability type specifier (_Nonnull, _Nullable, or _Null_unspecified)
   |                                            |- note: insert '_Nullable' if the pointer may be null
   |                                            `- note: insert '_Nonnull' if the pointer should never be null
72 | 
73 | /** ASA归因采集开关，默认为YES(开启)。

SwiftExplicitDependencyGeneratePcm arm64 /Users/runner/Library/Developer/Xcode/DerivedData/ModuleCache.noindex/SwiftUI-482ETYXHPMV8O0VC703M3EFSE.pcm

SwiftCompile normal arm64 Compiling\ SKEventTracker.swift,\ SKKeychainManager.swift,\ SKRootContainerView.swift,\ SKServerManager.swift,\ SKSubscriptionManager.swift,\ SKUnifiedManager.swift,\ SKUserIDManager.swift /Users/runner/work/SleepCycle/SleepCycle/SubscriptionKit/SubscriptionKit/Classes/SKEventTracker.swift /Users/runner/work/SleepCycle/SleepCycle/SubscriptionKit/SubscriptionKit/Classes/SKKeychainManager.swift /Users/runner/work/SleepCycle/SleepCycle/SubscriptionKit/SubscriptionKit/Classes/SKRootContainerView.swift /Users/runner/work/SleepCycle/SleepCycle/SubscriptionKit/SubscriptionKit/Classes/SKServerManager.swift /Users/runner/work/SleepCycle/SleepCycle/SubscriptionKit/SubscriptionKit/Classes/SKSubscriptionManager.swift /Users/runner/work/SleepCycle/SleepCycle/SubscriptionKit/SubscriptionKit/Classes/SKUnifiedManager.swift /Users/runner/work/SleepCycle/SleepCycle/SubscriptionKit/SubscriptionKit/Classes/SKUserIDManager.swift /Applications/Xcode_26.3.app/Contents/Developer/Toolchains/XcodeDefault.xctoolchain/usr/lib/swift/iphoneos/prebuilt-modules/26.2/Symbols.swiftmodule/arm64e-apple-ios.swiftmodule /Applications/Xcode_26.3.app/Contents/Developer/Toolchains/XcodeDefault.xctoolchain/usr/lib/swift/iphoneos/prebuilt-modules/26.2/Accessibility.swiftmodule/arm64e-apple-ios.swiftmodule /Applications/Xcode_26.3.app/Contents/Developer/Toolchains/XcodeDefault.xctoolchain/usr/lib/swift/iphoneos/prebuilt-modules/26.2/Swift.swiftmodule/arm64e-apple-ios.swiftmodule /Applications/Xcode_26.3.app/Contents/Developer/Toolchains/XcodeDefault.xctoolchain/usr/lib/swift/iphoneos/prebuilt-modules/26.2/CoreVideo.swiftmodule/arm64e-apple-ios.swiftmodule /Applications/Xcode_26.3.app/Contents/Developer/Toolchains/XcodeDefault.xctoolchain/usr/lib/swift/iphoneos/prebuilt-modules/26.2/_StringProcessing.swiftmodule/arm64e-apple-ios.swiftmodule /Applications/Xcode_26.3.app/Contents/Developer/Toolchains/XcodeDefault.xctoolchain/usr/lib/swift/iphoneos/prebuilt-modules/26.2/CoreData.swiftmodule/arm64e-apple-ios.swiftmodule /Applications/Xcode_26.3.app/Contents/Developer/Toolchains/XcodeDefault.xctoolchain/usr/lib/swift/iphoneos/prebuilt-modules/26.2/CryptoKit.swiftmodule/arm64e-apple-ios.swiftmodule /Applications/Xcode_26.3.app/Contents/Developer/Toolchains/XcodeDefault.xctoolchain/usr/lib/swift/iphoneos/prebuilt-modules/26.2/OSLog.swiftmodule/arm64e-apple-ios.swiftmodule /Applications/Xcode_26.3.app/Contents/Developer/Toolchains/XcodeDefault.xctoolchain/usr/lib/swift/iphoneos/prebuilt-modules/26.2/SwiftUI.swiftmodule/arm64e-apple-ios.swiftmodule /Applications/Xcode_26.3.app/Contents/Developer/Toolchains/XcodeDefault.xctoolchain/usr/lib/swift/iphoneos/prebuilt-modules/26.2/Observation.swiftmodule/arm64e-apple-ios.swiftmodule /Applications/Xcode_26.3.app/Contents/Developer/Toolchains/XcodeDefault.xctoolchain/usr/lib/swift/iphoneos/prebuilt-modules/26.2/_DarwinFoundation3.swiftmodule/arm64e-apple-ios.swiftmodule /Applications/Xcode_26.3.app/Contents/Developer/Toolchains/XcodeDefault.xctoolchain/usr/lib/swift/iphoneos/prebuilt-modules/26.2/_StoreKit_SwiftUI.swiftmodule/arm64e-apple-ios.swiftmodule /Applications/Xcode_26.3.app/Contents/Developer/Toolchains/XcodeDefault.xctoolchain/usr/lib/swift/iphoneos/prebuilt-modules/26.2/Foundation.swiftmodule/arm64e-apple-ios.swiftmodule /Applications/Xcode_26.3.app/Contents/Developer/Toolchains/XcodeDefault.xctoolchain/usr/lib/swift/iphoneos/prebuilt-modules/26.2/XPC.swiftmodule/arm64e-apple-ios.swiftmodule /Applications/Xcode_26.3.app/Contents/Developer/Toolchains/XcodeDefault.xctoolchain/usr/lib/swift/iphoneos/prebuilt-modules/26.2/os.swiftmodule/arm64e-apple-ios.swiftmodule /Applications/Xcode_26.3.app/Contents/Developer/Toolchains/XcodeDefault.xctoolchain/usr/lib/swift/iphoneos/prebuilt-modules/26.2/FileProvider.swiftmodule/arm64e-apple-ios.swiftmodule /Applications/Xcode_26.3.app/Contents/Developer/Toolchains/XcodeDefault.xctoolchain/usr/lib/swift/iphoneos/prebuilt-modules/26.2/DeveloperToolsSupport.swiftmodule/arm64e-apple-ios.swiftmodule /Applications/Xcode_26.3.app/Contents/Developer/Toolchains/XcodeDefault.xctoolchain/usr/lib/swift/iphoneos/prebuilt-modules/26.2/StoreKit.swiftmodule/arm64e-apple-ios.swiftmodule /Applications/Xcode_26.3.app/Contents/Developer/Toolchains/XcodeDefault.xctoolchain/usr/lib/swift/iphoneos/prebuilt-modules/26.2/LocalAuthentication.swiftmodule/arm64e-apple-ios.swiftmodule /Applications/Xcode_26.3.app/Contents/Developer/Toolchains/XcodeDefault.xctoolchain/usr/lib/swift/iphoneos/prebuilt-modules/26.2/DataDetection.swiftmodule/arm64e-apple-ios.swiftmodule /Applications/Xcode_26.3.app/Contents/Developer/Toolchains/XcodeDefault.xctoolchain/usr/lib/swift/iphoneos/prebuilt-modules/26.2/ExtensionFoundation.swiftmodule/arm64e-apple-ios.swiftmodule /Applications/Xcode_26.3.app/Contents/Developer/Toolchains/XcodeDefault.xctoolchain/usr/lib/swift/iphoneos/prebuilt-modules/26.2/_Concurrency.swiftmodule/arm64e-apple-ios.swiftmodule /Applications/Xcode_26.3.app/Contents/Developer/Toolchains/XcodeDefault.xctoolchain/usr/lib/swift/iphoneos/prebuilt-modules/26.2/CoreGraphics.swiftmodule/arm64e-apple-ios.swiftmodule /Applications/Xcode_26.3.app/Contents/Developer/Toolchains/XcodeDefault.xctoolchain/usr/lib/swift/iphoneos/prebuilt-modules/26.2/CoreText.swiftmodule/arm64e-apple-ios.swiftmodule /Applications/Xcode_26.3.app/Contents/Developer/Toolchains/XcodeDefault.xctoolchain/usr/lib/swift/iphoneos/prebuilt-modules/26.2/CoreImage.swiftmodule/arm64e-apple-ios.swiftmodule /Applications/Xcode_26.3.app/Contents/Developer/Toolchains/XcodeDefault.xctoolchain/usr/lib/swift/iphoneos/prebuilt-modules/26.2/_Builtin_float.swiftmodule/arm64e-apple-ios.swiftmodule /Applications/Xcode_26.3.app/Contents/Developer/Toolchains/XcodeDefault.xctoolchain/usr/lib/swift/iphoneos/prebuilt-modules/26.2/ObjectiveC.swiftmodule/arm64e-apple-ios.swiftmodule /Applications/Xcode_26.3.app/Contents/Developer/Toolchains/XcodeDefault.xctoolchain/usr/lib/swift/iphoneos/prebuilt-modules/26.2/SwiftUICore.swiftmodule/arm64e-apple-ios.swiftmodule /Applications/Xcode_26.3.app/Contents/Developer/Toolchains/XcodeDefault.xctoolchain/usr/lib/swift/iphoneos/prebuilt-modules/26.2/simd.swiftmodule/arm64e-apple-ios.swiftmodule /Applications/Xcode_26.3.app/Contents/Developer/Toolchains/XcodeDefault.xctoolchain/usr/lib/swift/iphoneos/prebuilt-modules/26.2/_DarwinFoundation1.swiftmodule/arm64e-apple-ios.swiftmodule /Applications/Xcode_26.3.app/Contents/Developer/Toolchains/XcodeDefault.xctoolchain/usr/lib/swift/iphoneos/prebuilt-modules/26.2/Network.swiftmodule/arm64e-apple-ios.swiftmodule /Applications/Xcode_26.3.app/Contents/Developer/Toolchains/XcodeDefault.xctoolchain/usr/lib/swift/iphoneos/prebuilt-modules/26.2/Metal.swiftmodule/arm64e-apple-ios.swiftmodule /Applications/Xcode_26.3.app/Contents/Developer/Toolchains/XcodeDefault.xctoolchain/usr/lib/swift/iphoneos/prebuilt-modules/26.2/Distributed.swiftmodule/arm64e-apple-ios.swiftmodule /Applications/Xcode_26.3.app/Contents/Developer/Toolchains/XcodeDefault.xctoolchain/usr/lib/swift/iphoneos/prebuilt-modules/26.2/QuartzCore.swiftmodule/arm64e-apple-ios.swiftmodule /Applications/Xcode_26.3.app/Contents/Developer/Toolchains/XcodeDefault.xctoolchain/usr/lib/swift/iphoneos/prebuilt-modules/26.2/CoreFoundation.swiftmodule/arm64e-apple-ios.swiftmodule /Applications/Xcode_26.3.app/Contents/Developer/Toolchains/XcodeDefault.xctoolchain/usr/lib/swift/iphoneos/prebuilt-modules/26.2/WebKit.swiftmodule/arm64e-apple-ios.swiftmodule /Applications/Xcode_26.3.app/Contents/Developer/Toolchains/XcodeDefault.xctoolchain/usr/lib/swift/iphoneos/prebuilt-modules/26.2/Combine.swiftmodule/arm64e-apple-ios.swiftmodule /Applications/Xcode_26.3.app/Contents/Developer/Toolchains/XcodeDefault.xctoolchain/usr/lib/swift/iphoneos/prebuilt-modules/26.2/CoreTransferable.swiftmodule/arm64e-apple-ios.swiftmodule /Applications/Xcode_26.3.app/Contents/Developer/Toolchains/XcodeDefault.xctoolchain/usr/lib/swift/iphoneos/prebuilt-modules/26.2/UniformTypeIdentifiers.swiftmodule/arm64e-apple-ios.swiftmodule /Applications/Xcode_26.3.app/Contents/Developer/Toolchains/XcodeDefault.xctoolchain/usr/lib/swift/iphoneos/prebuilt-modules/26.2/BackgroundAssets.swiftmodule/arm64e-apple-ios.swiftmodule /Applications/Xcode_26.3.app/Contents/Developer/Toolchains/XcodeDefault.xctoolchain/usr/lib/swift/iphoneos/prebuilt-modules/26.2/System.swiftmodule/arm64e-apple-ios.swiftmodule /Applications/Xcode_26.3.app/Contents/Developer/Toolchains/XcodeDefault.xctoolchain/usr/lib/swift/iphoneos/prebuilt-modules/26.2/Dispatch.swiftmodule/arm64e-apple-ios.swiftmodule /Applications/Xcode_26.3.app/Contents/Developer/Toolchains/XcodeDefault.xctoolchain/usr/lib/swift/iphoneos/prebuilt-modules/26.2/_DarwinFoundation2.swiftmodule/arm64e-apple-ios.swiftmodule /Applications/Xcode_26.3.app/Contents/Developer/Toolchains/XcodeDefault.xctoolchain/usr/lib/swift/iphoneos/prebuilt-modules/26.2/UIKit.swiftmodule/arm64e-apple-ios.swiftmodule /Applications/Xcode_26.3.app/Contents/Developer/Toolchains/XcodeDefault.xctoolchain/usr/lib/swift/iphoneos/prebuilt-modules/26.2/Darwin.swiftmodule/arm64e-apple-ios.swiftmodule /Applications/Xcode_26.3.app/Contents/Developer/Toolchains/XcodeDefault.xctoolchain/usr/lib/swift/iphoneos/prebuilt-modules/26.2/Spatial.swiftmodule/arm64e-apple-ios.swiftmodule /Users/runner/Library/Developer/Xcode/DerivedData/ModuleCache.noindex/Spatial-T1KOLPD36GONG50BZS42I4BU.pcm /Users/runner/Library/Developer/Xcode/DerivedData/ModuleCache.noindex/Darwin-7J9VQ7MSQL9D8T4I20DHTTXMN.pcm /Users/runner/Library/Developer/Xcode/DerivedData/ModuleCache.noindex/ptrauth-86XI3RI4Y6OV8TLD3O1D9X956.pcm /Users/runner/Library/Developer/Xcode/DerivedData/ModuleCache.noindex/StoreKit-96MYEN0F86X598M93Q4XK1KC4.pcm /Users/runner/Library/Developer/Xcode/DerivedData/ModuleCache.noindex/ExtensionFoundation-A0S3OPW198NGUDFO95T120PT8.pcm /Users/runner/Library/Developer/Xcode/DerivedData/ModuleCache.noindex/AdServices-C3SA45A0D0L8LOHUH3MHPKIAL.pcm /Users/runner/Library/Developer/Xcode/DerivedData/ModuleCache.noindex/SwiftUI-482ETYXHPMV8O0VC703M3EFSE.pcm /Users/runner/Library/Developer/Xcode/DerivedData/ModuleCache.noindex/OSLog-2JJBBPRZN86WMXZTNLJ6GMQYR.pcm /Users/runner/Library/Developer/Xcode/DerivedData/ModuleCache.noindex/Accessibility-5ZQ5X8GFWH492SYUTDLOYNJ96.pcm /Users/runner/Library/Developer/Xcode/DerivedData/ModuleCache.noindex/sys_types-4PRH99LU2I59L83OSQHIOT0F4.pcm /Users/runner/Library/Developer/Xcode/DerivedData/ModuleCache.noindex/_Builtin_stdarg-EDLOZHOX1KIFA7V1RM8XK31ZD.pcm /Users/runner/Library/Developer/Xcode/DerivedData/ModuleCache.noindex/os-EV24YG5FY27973ZK7SM8YU7FZ.pcm /Users/runner/Library/Developer/Xcode/DerivedData/ModuleCache.noindex/dnssd-5AE24C09XOQC906HTC7CK2ZO1.pcm /Users/runner/Library/Developer/Xcode/DerivedData/ModuleCache.noindex/_DarwinFoundation3-5TXVJP44ZNRCILXS0UUPBK4DD.pcm /Users/runner/Library/Developer/Xcode/DerivedData/ModuleCache.noindex/_Builtin_inttypes-2VJE3Q7LACMOFWR8DFDHES3LO.pcm /Users/runner/Library/Developer/Xcode/DerivedData/ModuleCache.noindex/_Builtin_tgmath-36PCZ8Q7BQHVIYC6NJI55XTTD.pcm /Users/runner/Library/Developer/Xcode/DerivedData/ModuleCache.noindex/DeveloperToolsSupport-ED9Z3FLSATL8Q5V0PU1K6IANB.pcm /Users/runner/Library/Developer/Xcode/DerivedData/ModuleCache.noindex/OpenGLES-8K8ZW3I1X6P1LY2HMS49J6N1M.pcm /Users/runner/Library/Developer/Xcode/DerivedData/ModuleCache.noindex/CoreFoundation-655HAZYSA9T1LJUAJYYW431AP.pcm /Users/runner/Library/Developer/Xcode/DerivedData/ModuleCache.noindex/FileProvider-4S55M9T9YYZGJSTIC2QFKHFH7.pcm /Users/runner/Library/Developer/Xcode/DerivedData/ModuleCache.noindex/XPC-AHIPVKHNAFTNRZR9O59ACQZQI.pcm /Users/runner/Library/Developer/Xcode/DerivedData/ModuleCache.noindex/_DarwinFoundation2-EDY9TGJJ7VQW6W3MZ6ZHJSDEA.pcm /Users/runner/Library/Developer/Xcode/DerivedData/ModuleCache.noindex/_Builtin_limits-BJTWRD4AU42QKMKA01HY9L3TT.pcm /Users/runner/Library/Developer/Xcode/DerivedData/ModuleCache.noindex/Metal-EQUDLEB9SYH1KJJVXW3L92YFE.pcm /Users/runner/Library/Developer/Xcode/DerivedData/ModuleCache.noindex/os_object-33Y7Q77K15NGPIUTH04U0YZZ0.pcm /Users/runner/Library/Developer/Xcode/DerivedData/ModuleCache.noindex/Foundation-F1FSWFXQ3WZAR9C2KUR7EGZ9.pcm /Users/runner/Library/Developer/Xcode/DerivedData/ModuleCache.noindex/UserNotifications-2EJ0L2SK4ZB214G7FHGY0UEJU.pcm /Users/runner/Library/Developer/Xcode/DerivedData/ModuleCache.noindex/LocalAuthentication-5OKPR53NJAI493S06HV24JFSL.pcm /Users/runner/Library/Developer/Xcode/DerivedData/ModuleCache.noindex/CoreText-6HUASY4J7Q93SZ9X4WAD5QGZE.pcm /Users/runner/Library/Developer/Xcode/DerivedData/ModuleCache.noindex/MachO-54DTBJPYX9C6511T08NSLUZL9.pcm /Users/runner/Library/Developer/Xcode/DerivedData/ModuleCache.noindex/SwiftUICore-CRXAAHF0IYYLG2HLQENV3IY41.pcm /Users/runner/Library/Developer/Xcode/DerivedData/ModuleCache.noindex/QuartzCore-7ZAYI1YBVWAI3FNHDB05AJX6N.pcm /Users/runner/Library/Developer/Xcode/DerivedData/ModuleCache.noindex/CoreGraphics-42SZ1ILNNZ2PLSGDVOPVG6NCN.pcm /Users/runner/Library/Developer/Xcode/DerivedData/ModuleCache.noindex/os_workgroup-ENDJ0LY6OCCSKSAFTNL3OFKV8.pcm /Users/runner/Library/Developer/Xcode/DerivedData/ModuleCache.noindex/ObjectiveC-5VSVEYOBD2W8ODIR62UXGHN1A.pcm /Users/runner/Library/Developer/Xcode/DerivedData/ModuleCache.noindex/_StoreKit_SwiftUI-CJ7VPJ0R55XWV6J4SIQG3Q0SN.pcm /Users/runner/Library/Developer/Xcode/DerivedData/ModuleCache.noindex/_Builtin_stdatomic-CAG3T5E54X9AQRZBTS0FH97YQ.pcm /Users/runner/Library/Developer/Xcode/DerivedData/ModuleCache.noindex/ptrcheck-33FG5PDOCYRR3L736CNG6XQW9.pcm /Users/runner/Library/Developer/Xcode/DerivedData/ModuleCache.noindex/CoreTransferable-4SLIGFHDCFZUBMFD63OYCHKS7.pcm /Users/runner/Library/Developer/Xcode/DerivedData/SleepCycle-cbzxdwygtqvxpycjunkumnsgsekw/Build/Intermediates.noindex/ArchiveIntermediates/SleepCycle/IntermediateBuildFilesPath/SwiftExplicitPrecompiledModules/UMCommon-7SABLZKK0MX44G5B8HKE1WML6.pcm /Users/runner/Library/Developer/Xcode/DerivedData/ModuleCache.noindex/DataDetection-E68UNNJECIFQTVEJ70VW2TUS0.pcm /Users/runner/Library/Developer/Xcode/DerivedData/ModuleCache.noindex/UIUtilities-5RL6N96PLZXFENO9XPW9DG9PM.pcm /Users/runner/Library/Developer/Xcode/DerivedData/ModuleCache.noindex/_SwiftConcurrencyShims-39H4MYIONVMNULZUDLIS42DCD.pcm /Users/runner/Library/Developer/Xcode/DerivedData/ModuleCache.noindex/_Builtin_stddef-8UE7IOOQG7TV7H43ZUUD8GK8A.pcm /Users/runner/Library/Developer/Xcode/DerivedData/ModuleCache.noindex/Symbols-14NDBPYF6FEX6BNXSKQ2FAK5M.pcm /Users/runner/Library/Developer/Xcode/DerivedData/ModuleCache.noindex/Network-53PZMGETEP502BR80I876WZ4L.pcm /Users/runner/Library/Developer/Xcode/DerivedData/ModuleCache.noindex/_Builtin_stdbool-BGMEK4M079WK80BJQAM92RKI5.pcm /Users/runner/Library/Developer/Xcode/DerivedData/ModuleCache.noindex/IOSurface-42LOCQ6YK9Z2RY7LEQEYDYPTL.pcm /Users/runner/Library/Developer/Xcode/DerivedData/ModuleCache.noindex/CFNetwork-9VFO7YNB1UAE6OJU4OH3Y3N4M.pcm /Users/runner/Library/Developer/Xcode/DerivedData/ModuleCache.noindex/_Builtin_intrinsics-93WZHIX5LTJ27LNRZBT3YYLOY.pcm /Users/runner/Library/Developer/Xcode/DerivedData/ModuleCache.noindex/Dispatch-EKE822JWOQ61ZVGWM0IBBM9AW.pcm /Users/runner/Library/Developer/Xcode/DerivedData/ModuleCache.noindex/SwiftShims-20449Z80VJ81TEPUGCZ2BPK28.pcm /Users/runner/Library/Developer/Xcode/DerivedData/ModuleCache.noindex/CoreData-CBUELIPGAK30TC28LOM7XGJ4J.pcm /Users/runner/Library/Developer/Xcode/DerivedData/ModuleCache.noindex/_Builtin_stdint-BE3PMKOR44C24VD6AB0E9PT2Y.pcm /Users/runner/Library/Developer/Xcode/DerivedData/ModuleCache.noindex/WebKit-7ARRMEG2U8P49BTZPEDPAS23Y.pcm /Users/runner/Library/Developer/Xcode/DerivedData/ModuleCache.noindex/CoreImage-1F72TU0ILEHPLXXRC45YN3QLS.pcm /Users/runner/Library/Developer/Xcode/DerivedData/ModuleCache.noindex/_DarwinFoundation1-AMJ7P60XIICL2VTFWIYGS8CF9.pcm /Users/runner/Library/Developer/Xcode/DerivedData/ModuleCache.noindex/Security-CV68WSEGGPB4VRQV4DSVPANZY.pcm /Users/runner/Library/Developer/Xcode/DerivedData/SleepCycle-cbzxdwygtqvxpycjunkumnsgsekw/Build/Intermediates.noindex/ArchiveIntermediates/SleepCycle/IntermediateBuildFilesPath/SwiftExplicitPrecompiledModules/SubscriptionKit-E0OILP06E4ZLXIYA0QJADAAA0.pcm /Users/runner/Library/Developer/Xcode/DerivedData/ModuleCache.noindex/BackgroundAssets-4G9EZDB00O8450KIEJW7ZSDXZ.pcm /Users/runner/Library/Developer/Xcode/DerivedData/ModuleCache.noindex/_Builtin_float-2AJTXFLH7UIA5W4QO5PEZJ067.pcm /Users/runner/Library/Developer/Xcode/DerivedData/ModuleCache.noindex/ImageIO-2BTXUUYDR7JHDLXMTAWUEW9BW.pcm /Users/runner/Library/Developer/Xcode/DerivedData/ModuleCache.noindex/simd-EKDSHS7PDC46UFCMUDSH45MOM.pcm /Users/runner/Library/Developer/Xcode/DerivedData/ModuleCache.noindex/UIKit-1A9X26E7Y1O09G6QWHNU6DFSS.pcm /Users/runner/Library/Developer/Xcode/DerivedData/ModuleCache.noindex/CoreVideo-3PP4DAYYRE5J9M9ZJO2UP5XPD.pcm /Users/runner/Library/Developer/Xcode/DerivedData/ModuleCache.noindex/_AvailabilityInternal-4ZSQ3YOKJ8FIZ9DE3N2N2155Z.pcm /Users/runner/Library/Developer/Xcode/DerivedData/ModuleCache.noindex/UniformTypeIdentifiers-16JDBFDZV4YZRYFWVH0SK6J17.pcm /Users/runner/Library/Developer/Xcode/DerivedData/SleepCycle-cbzxdwygtqvxpycjunkumnsgsekw/Build/Intermediates.noindex/ArchiveIntermediates/SleepCycle/IntermediateBuildFilesPath/Pods.build/Release-iphoneos/SubscriptionKit.build/Objects-normal/arm64/SubscriptionKit-dependencies-1.json (in target 'SubscriptionKit' from project 'Pods')

CompileSwift normal arm64 (in target 'SubscriptionKit' from project 'Pods')
    cd /Users/runner/work/SleepCycle/SleepCycle/Pods
    
/Users/runner/work/SleepCycle/SleepCycle/SubscriptionKit/SubscriptionKit/Classes/SKServerManager.swift:296:13: warning: variable 'params' was never mutated; consider changing to 'let' constant
        var params = getCommonParameters()
        ~~~ ^
        let
/Users/runner/work/SleepCycle/SleepCycle/SubscriptionKit/SubscriptionKit/Classes/SKServerManager.swift:488:29: warning: expression is 'async' but is not marked with 'await'; this is an error in the Swift 6 language mode
        params["scrW"] = "\(Int(UIScreen.main.bounds.width))"
                            ^~~~~~~~~~~~~~~~~~~~~~~~~~~~~~~
                            await 
/Users/runner/work/SleepCycle/SleepCycle/SubscriptionKit/SubscriptionKit/Classes/SKServerManager.swift:488:33: note: property access is 'async'
        params["scrW"] = "\(Int(UIScreen.main.bounds.width))"
                                ^
/Users/runner/work/SleepCycle/SleepCycle/SubscriptionKit/SubscriptionKit/Classes/SKServerManager.swift:488:33: note: property access is 'async'
        params["scrW"] = "\(Int(UIScreen.main.bounds.width))"
                                ^
/Users/runner/work/SleepCycle/SleepCycle/SubscriptionKit/SubscriptionKit/Classes/SKServerManager.swift:489:29: warning: expression is 'async' but is not marked with 'await'; this is an error in the Swift 6 language mode
        params["scrH"] = "\(Int(UIScreen.main.bounds.height))"
                            ^~~~~~~~~~~~~~~~~~~~~~~~~~~~~~~~
                            await 
/Users/runner/work/SleepCycle/SleepCycle/SubscriptionKit/SubscriptionKit/Classes/SKServerManager.swift:489:33: note: property access is 'async'
        params["scrH"] = "\(Int(UIScreen.main.bounds.height))"
                                ^
/Users/runner/work/SleepCycle/SleepCycle/SubscriptionKit/SubscriptionKit/Classes/SKServerManager.swift:489:33: note: property access is 'async'
        params["scrH"] = "\(Int(UIScreen.main.bounds.height))"
                                ^
/Users/runner/work/SleepCycle/SleepCycle/SubscriptionKit/SubscriptionKit/Classes/SKServerManager.swift:490:31: warning: expression is 'async' but is not marked with 'await'; this is an error in the Swift 6 language mode
        params["retina"] = "\(UIScreen.main.scale)"
                              ^~~~~~~~~~~~~~~~~~~
                              await 
/Users/runner/work/SleepCycle/SleepCycle/SubscriptionKit/SubscriptionKit/Classes/SKServerManager.swift:490:31: note: property access is 'async'
        params["retina"] = "\(UIScreen.main.scale)"
                              ^
/Users/runner/work/SleepCycle/SleepCycle/SubscriptionKit/SubscriptionKit/Classes/SKServerManager.swift:490:31: note: property access is 'async'
        params["retina"] = "\(UIScreen.main.scale)"
                              ^
/Users/runner/work/SleepCycle/SleepCycle/SubscriptionKit/SubscriptionKit/Classes/SKServerManager.swift:580:86: warning: string interpolation produces a debug description for an optional value; did you mean to make this explicit?
                print("SKServerManager: Event report success \(url.path) \(params) \(extraParams)")
                                                                                     ^~~~~~~~~~~
/Users/runner/work/SleepCycle/SleepCycle/SubscriptionKit/SubscriptionKit/Classes/SKServerManager.swift:580:86: note: use a default value parameter to avoid this warning
                print("SKServerManager: Event report success \(url.path) \(params) \(extraParams)")
                                                                                     ^~~~~~~~~~~
                                                                                                , default: <#default value#>
/Users/runner/work/SleepCycle/SleepCycle/SubscriptionKit/SubscriptionKit/Classes/SKServerManager.swift:580:86: note: provide a default value to avoid this warning
                print("SKServerManager: Event report success \(url.path) \(params) \(extraParams)")
                                                                                     ^~~~~~~~~~~
                                                                                                 ?? <#default value#>
/Users/runner/work/SleepCycle/SleepCycle/SubscriptionKit/SubscriptionKit/Classes/SKServerManager.swift:580:86: note: use 'String(describing:)' to silence this warning
                print("SKServerManager: Event report success \(url.path) \(params) \(extraParams)")
                                                                                     ^~~~~~~~~~~
                                                                                     String(describing:  )

SwiftDriverJobDiscovery normal arm64 Compiling SKEventTracker.swift, SKKeychainManager.swift, SKRootContainerView.swift, SKServerManager.swift, SKSubscriptionManager.swift, SKUnifiedManager.swift, SKUserIDManager.swift (in target 'SubscriptionKit' from project 'Pods')

SwiftDriver\ Compilation\ Requirements SubscriptionKit normal arm64 com.apple.xcode.tools.swift.compiler (in target 'SubscriptionKit' from project 'Pods')
    cd /Users/runner/work/SleepCycle/SleepCycle/Pods
    builtin-Swift-Compilation-Requirements -- /Applications/Xcode_26.3.app/Contents/Developer/Toolchains/XcodeDefault.xctoolchain/usr/bin/swiftc -module-name SubscriptionKit -O -whole-module-optimization -enforce-exclusivity\=checked @/Users/runner/Library/Developer/Xcode/DerivedData/SleepCycle-cbzxdwygtqvxpycjunkumnsgsekw/Build/Intermediates.noindex/ArchiveIntermediates/SleepCycle/IntermediateBuildFilesPath/Pods.build/Release-iphoneos/SubscriptionKit.build/Objects-normal/arm64/SubscriptionKit.SwiftFileList -D COCOAPODS -enable-bare-slash-regex -enable-experimental-feature DebugDescriptionMacro -sdk /Applications/Xcode_26.3.app/Contents/Developer/Platforms/iPhoneOS.platform/Developer/SDKs/iPhoneOS26.2.sdk -target arm64-apple-ios15.0 -g -module-cache-path /Users/runner/Library/Developer/Xcode/DerivedData/ModuleCache.noindex -Xfrontend -serialize-debugging-options -swift-version 5 -I /Users/runner/Library/Developer/Xcode/DerivedData/SleepCycle-cbzxdwygtqvxpycjunkumnsgsekw/Build/Intermediates.noindex/ArchiveIntermediates/SleepCycle/BuildProductsPath/Release-iphoneos/SubscriptionKit -F /Users/runner/Library/Developer/Xcode/DerivedData/SleepCycle-cbzxdwygtqvxpycjunkumnsgsekw/Build/Intermediates.noindex/ArchiveIntermediates/SleepCycle/BuildProductsPath/Release-iphoneos/SubscriptionKit -F /Users/runner/work/SleepCycle/SleepCycle/Pods/UMAPM/UMAPM_2.0.7 -F /Users/runner/work/SleepCycle/SleepCycle/Pods/UMCommon/UMCommon_7.6.7 -F /Users/runner/work/SleepCycle/SleepCycle/Pods/UMDevice/UMDevice_3.6.0 -F /Users/runner/Library/Developer/Xcode/DerivedData/SleepCycle-cbzxdwygtqvxpycjunkumnsgsekw/Build/Intermediates.noindex/ArchiveIntermediates/SleepCycle/BuildProductsPath/Release-iphoneos/XCFrameworkIntermediates/UMAPM -F /Users/runner/Library/Developer/Xcode/DerivedData/SleepCycle-cbzxdwygtqvxpycjunkumnsgsekw/Build/Intermediates.noindex/ArchiveIntermediates/SleepCycle/BuildProductsPath/Release-iphoneos/XCFrameworkIntermediates/UMCommon -F /Users/runner/Library/Developer/Xcode/DerivedData/SleepCycle-cbzxdwygtqvxpycjunkumnsgsekw/Build/Intermediates.noindex/ArchiveIntermediates/SleepCycle/BuildProductsPath/Release-iphoneos/XCFrameworkIntermediates/UMDevice -c -num-threads 5 -Xcc -ivfsstatcache -Xcc /Users/runner/Library/Developer/Xcode/DerivedData/SDKStatCaches.noindex/iphoneos26.2-23C57-dc75598d0054f22ec865fa860f139d722dd23b4ebda140f7210d155ff1243552.sdkstatcache -output-file-map /Users/runner/Library/Developer/Xcode/DerivedData/SleepCycle-cbzxdwygtqvxpycjunkumnsgsekw/Build/Intermediates.noindex/ArchiveIntermediates/SleepCycle/IntermediateBuildFilesPath/Pods.build/Release-iphoneos/SubscriptionKit.build/Objects-normal/arm64/SubscriptionKit-OutputFileMap.json -use-frontend-parseable-output -save-temps -no-color-diagnostics -explicit-module-build -module-cache-path /Users/runner/Library/Developer/Xcode/DerivedData/SleepCycle-cbzxdwygtqvxpycjunkumnsgsekw/Build/Intermediates.noindex/ArchiveIntermediates/SleepCycle/IntermediateBuildFilesPath/SwiftExplicitPrecompiledModules -clang-scanner-module-cache-path /Users/runner/Library/Developer/Xcode/DerivedData/ModuleCache.noindex -sdk-module-cache-path /Users/runner/Library/Developer/Xcode/DerivedData/ModuleCache.noindex -serialize-diagnostics -emit-dependencies -emit-module -emit-module-path /Users/runner/Library/Developer/Xcode/DerivedData/SleepCycle-cbzxdwygtqvxpycjunkumnsgsekw/Build/Intermediates.noindex/ArchiveIntermediates/SleepCycle/IntermediateBuildFilesPath/Pods.build/Release-iphoneos/SubscriptionKit.build/Objects-normal/arm64/SubscriptionKit.swiftmodule -validate-clang-modules-once -clang-build-session-file /Users/runner/Library/Developer/Xcode/DerivedData/ModuleCache.noindex/Session.modulevalidation -Xcc -I/Users/runner/Library/Developer/Xcode/DerivedData/SleepCycle-cbzxdwygtqvxpycjunkumnsgsekw/Build/Intermediates.noindex/ArchiveIntermediates/SleepCycle/IntermediateBuildFilesPath/Pods.build/Release-iphoneos/SubscriptionKit.build/swift-overrides.hmap -emit-const-values -Xfrontend -const-gather-protocols-file -Xfrontend /Users/runner/Library/Developer/Xcode/DerivedData/SleepCycle-cbzxdwygtqvxpycjunkumnsgsekw/Build/Intermediates.noindex/ArchiveIntermediates/SleepCycle/IntermediateBuildFilesPath/Pods.build/Release-iphoneos/SubscriptionKit.build/Objects-normal/arm64/SubscriptionKit_const_extract_protocols.json -Xcc -iquote -Xcc /Users/runner/Library/Developer/Xcode/DerivedData/SleepCycle-cbzxdwygtqvxpycjunkumnsgsekw/Build/Intermediates.noindex/ArchiveIntermediates/SleepCycle/IntermediateBuildFilesPath/Pods.build/Release-iphoneos/SubscriptionKit.build/SubscriptionKit-generated-files.hmap -Xcc -I/Users/runner/Library/Developer/Xcode/DerivedData/SleepCycle-cbzxdwygtqvxpycjunkumnsgsekw/Build/Intermediates.noindex/ArchiveIntermediates/SleepCycle/IntermediateBuildFilesPath/Pods.build/Release-iphoneos/SubscriptionKit.build/SubscriptionKit-own-target-headers.hmap -Xcc -I/Users/runner/Library/Developer/Xcode/DerivedData/SleepCycle-cbzxdwygtqvxpycjunkumnsgsekw/Build/Intermediates.noindex/ArchiveIntermediates/SleepCycle/IntermediateBuildFilesPath/Pods.build/Release-iphoneos/SubscriptionKit.build/SubscriptionKit-all-non-framework-target-headers.hmap -Xcc -ivfsoverlay -Xcc /Users/runner/Library/Developer/Xcode/DerivedData/SleepCycle-cbzxdwygtqvxpycjunkumnsgsekw/Build/Intermediates.noindex/ArchiveIntermediates/SleepCycle/IntermediateBuildFilesPath/Pods.build/Release-iphoneos/Pods-8699adb1dd336b26511df848a716bd42-VFS-iphoneos/all-product-headers.yaml -Xcc -iquote -Xcc /Users/runner/Library/Developer/Xcode/DerivedData/SleepCycle-cbzxdwygtqvxpycjunkumnsgsekw/Build/Intermediates.noindex/ArchiveIntermediates/SleepCycle/IntermediateBuildFilesPath/Pods.build/Release-iphoneos/SubscriptionKit.build/SubscriptionKit-project-headers.hmap -Xcc -I/Users/runner/Library/Developer/Xcode/DerivedData/SleepCycle-cbzxdwygtqvxpycjunkumnsgsekw/Build/Intermediates.noindex/ArchiveIntermediates/SleepCycle/BuildProductsPath/Release-iphoneos/SubscriptionKit/include -Xcc -I/Users/runner/Library/Developer/Xcode/DerivedData/SleepCycle-cbzxdwygtqvxpycjunkumnsgsekw/Build/Intermediates.noindex/ArchiveIntermediates/SleepCycle/IntermediateBuildFilesPath/Pods.build/Release-iphoneos/SubscriptionKit.build/DerivedSources-normal/arm64 -Xcc -I/Users/runner/Library/Developer/Xcode/DerivedData/SleepCycle-cbzxdwygtqvxpycjunkumnsgsekw/Build/Intermediates.noindex/ArchiveIntermediates/SleepCycle/IntermediateBuildFilesPath/Pods.build/Release-iphoneos/SubscriptionKit.build/DerivedSources/arm64 -Xcc -I/Users/runner/Library/Developer/Xcode/DerivedData/SleepCycle-cbzxdwygtqvxpycjunkumnsgsekw/Build/Intermediates.noindex/ArchiveIntermediates/SleepCycle/IntermediateBuildFilesPath/Pods.build/Release-iphoneos/SubscriptionKit.build/DerivedSources -Xcc -DPOD_CONFIGURATION_RELEASE\=1 -Xcc -DCOCOAPODS\=1 -emit-objc-header -emit-objc-header-path /Users/runner/Library/Developer/Xcode/DerivedData/SleepCycle-cbzxdwygtqvxpycjunkumnsgsekw/Build/Intermediates.noindex/ArchiveIntermediates/SleepCycle/IntermediateBuildFilesPath/Pods.build/Release-iphoneos/SubscriptionKit.build/Objects-normal/arm64/SubscriptionKit-Swift.h -import-underlying-module -Xcc -ivfsoverlay -Xcc /Users/runner/Library/Developer/Xcode/DerivedData/SleepCycle-cbzxdwygtqvxpycjunkumnsgsekw/Build/Intermediates.noindex/ArchiveIntermediates/SleepCycle/IntermediateBuildFilesPath/Pods.build/Release-iphoneos/SubscriptionKit.build/unextended-module-overlay.yaml -working-directory /Users/runner/work/SleepCycle/SleepCycle/Pods -no-emit-module-separately-wmo

SwiftMergeGeneratedHeaders /Users/runner/Library/Developer/Xcode/DerivedData/SleepCycle-cbzxdwygtqvxpycjunkumnsgsekw/Build/Intermediates.noindex/ArchiveIntermediates/SleepCycle/IntermediateBuildFilesPath/UninstalledProducts/iphoneos/SubscriptionKit.framework/Headers/SubscriptionKit-Swift.h /Users/runner/Library/Developer/Xcode/DerivedData/SleepCycle-cbzxdwygtqvxpycjunkumnsgsekw/Build/Intermediates.noindex/ArchiveIntermediates/SleepCycle/IntermediateBuildFilesPath/Pods.build/Release-iphoneos/SubscriptionKit.build/Objects-normal/arm64/SubscriptionKit-Swift.h (in target 'SubscriptionKit' from project 'Pods')
    cd /Users/runner/work/SleepCycle/SleepCycle/Pods
    builtin-swiftHeaderTool -arch arm64 /Users/runner/Library/Developer/Xcode/DerivedData/SleepCycle-cbzxdwygtqvxpycjunkumnsgsekw/Build/Intermediates.noindex/ArchiveIntermediates/SleepCycle/IntermediateBuildFilesPath/Pods.build/Release-iphoneos/SubscriptionKit.build/Objects-normal/arm64/SubscriptionKit-Swift.h -o /Users/runner/Library/Developer/Xcode/DerivedData/SleepCycle-cbzxdwygtqvxpycjunkumnsgsekw/Build/Intermediates.noindex/ArchiveIntermediates/SleepCycle/IntermediateBuildFilesPath/UninstalledProducts/iphoneos/SubscriptionKit.framework/Headers/SubscriptionKit-Swift.h

Copy /Users/runner/Library/Developer/Xcode/DerivedData/SleepCycle-cbzxdwygtqvxpycjunkumnsgsekw/Build/Intermediates.noindex/ArchiveIntermediates/SleepCycle/IntermediateBuildFilesPath/UninstalledProducts/iphoneos/SubscriptionKit.framework/Modules/SubscriptionKit.swiftmodule/arm64-apple-ios.swiftmodule /Users/runner/Library/Developer/Xcode/DerivedData/SleepCycle-cbzxdwygtqvxpycjunkumnsgsekw/Build/Intermediates.noindex/ArchiveIntermediates/SleepCycle/IntermediateBuildFilesPath/Pods.build/Release-iphoneos/SubscriptionKit.build/Objects-normal/arm64/SubscriptionKit.swiftmodule (in target 'SubscriptionKit' from project 'Pods')
    cd /Users/runner/work/SleepCycle/SleepCycle/Pods
    builtin-copy -exclude .DS_Store -exclude CVS -exclude .svn -exclude .git -exclude .hg -resolve-src-symlinks -rename /Users/runner/Library/Developer/Xcode/DerivedData/SleepCycle-cbzxdwygtqvxpycjunkumnsgsekw/Build/Intermediates.noindex/ArchiveIntermediates/SleepCycle/IntermediateBuildFilesPath/Pods.build/Release-iphoneos/SubscriptionKit.build/Objects-normal/arm64/SubscriptionKit.swiftmodule /Users/runner/Library/Developer/Xcode/DerivedData/SleepCycle-cbzxdwygtqvxpycjunkumnsgsekw/Build/Intermediates.noindex/ArchiveIntermediates/SleepCycle/IntermediateBuildFilesPath/UninstalledProducts/iphoneos/SubscriptionKit.framework/Modules/SubscriptionKit.swiftmodule/arm64-apple-ios.swiftmodule

Copy /Users/runner/Library/Developer/Xcode/DerivedData/SleepCycle-cbzxdwygtqvxpycjunkumnsgsekw/Build/Intermediates.noindex/ArchiveIntermediates/SleepCycle/IntermediateBuildFilesPath/UninstalledProducts/iphoneos/SubscriptionKit.framework/Modules/SubscriptionKit.swiftmodule/arm64-apple-ios.swiftdoc /Users/runner/Library/Developer/Xcode/DerivedData/SleepCycle-cbzxdwygtqvxpycjunkumnsgsekw/Build/Intermediates.noindex/ArchiveIntermediates/SleepCycle/IntermediateBuildFilesPath/Pods.build/Release-iphoneos/SubscriptionKit.build/Objects-normal/arm64/SubscriptionKit.swiftdoc (in target 'SubscriptionKit' from project 'Pods')
    cd /Users/runner/work/SleepCycle/SleepCycle/Pods
    builtin-copy -exclude .DS_Store -exclude CVS -exclude .svn -exclude .git -exclude .hg -resolve-src-symlinks -rename /Users/runner/Library/Developer/Xcode/DerivedData/SleepCycle-cbzxdwygtqvxpycjunkumnsgsekw/Build/Intermediates.noindex/ArchiveIntermediates/SleepCycle/IntermediateBuildFilesPath/Pods.build/Release-iphoneos/SubscriptionKit.build/Objects-normal/arm64/SubscriptionKit.swiftdoc /Users/runner/Library/Developer/Xcode/DerivedData/SleepCycle-cbzxdwygtqvxpycjunkumnsgsekw/Build/Intermediates.noindex/ArchiveIntermediates/SleepCycle/IntermediateBuildFilesPath/UninstalledProducts/iphoneos/SubscriptionKit.framework/Modules/SubscriptionKit.swiftmodule/arm64-apple-ios.swiftdoc

Copy /Users/runner/Library/Developer/Xcode/DerivedData/SleepCycle-cbzxdwygtqvxpycjunkumnsgsekw/Build/Intermediates.noindex/ArchiveIntermediates/SleepCycle/IntermediateBuildFilesPath/UninstalledProducts/iphoneos/SubscriptionKit.framework/Modules/SubscriptionKit.swiftmodule/arm64-apple-ios.abi.json /Users/runner/Library/Developer/Xcode/DerivedData/SleepCycle-cbzxdwygtqvxpycjunkumnsgsekw/Build/Intermediates.noindex/ArchiveIntermediates/SleepCycle/IntermediateBuildFilesPath/Pods.build/Release-iphoneos/SubscriptionKit.build/Objects-normal/arm64/SubscriptionKit.abi.json (in target 'SubscriptionKit' from project 'Pods')
    cd /Users/runner/work/SleepCycle/SleepCycle/Pods
    builtin-copy -exclude .DS_Store -exclude CVS -exclude .svn -exclude .git -exclude .hg -resolve-src-symlinks -rename /Users/runner/Library/Developer/Xcode/DerivedData/SleepCycle-cbzxdwygtqvxpycjunkumnsgsekw/Build/Intermediates.noindex/ArchiveIntermediates/SleepCycle/IntermediateBuildFilesPath/Pods.build/Release-iphoneos/SubscriptionKit.build/Objects-normal/arm64/SubscriptionKit.abi.json /Users/runner/Library/Developer/Xcode/DerivedData/SleepCycle-cbzxdwygtqvxpycjunkumnsgsekw/Build/Intermediates.noindex/ArchiveIntermediates/SleepCycle/IntermediateBuildFilesPath/UninstalledProducts/iphoneos/SubscriptionKit.framework/Modules/SubscriptionKit.swiftmodule/arm64-apple-ios.abi.json

ScanDependencies /Users/runner/Library/Developer/Xcode/DerivedData/SleepCycle-cbzxdwygtqvxpycjunkumnsgsekw/Build/Intermediates.noindex/ArchiveIntermediates/SleepCycle/IntermediateBuildFilesPath/Pods.build/Release-iphoneos/SubscriptionKit.build/Objects-normal/arm64/SubscriptionKit_vers.o /Users/runner/Library/Developer/Xcode/DerivedData/SleepCycle-cbzxdwygtqvxpycjunkumnsgsekw/Build/Intermediates.noindex/ArchiveIntermediates/SleepCycle/IntermediateBuildFilesPath/Pods.build/Release-iphoneos/SubscriptionKit.build/DerivedSources/SubscriptionKit_vers.c normal arm64 c com.apple.compilers.llvm.clang.1_0.compiler (in target 'SubscriptionKit' from project 'Pods')
    cd /Users/runner/work/SleepCycle/SleepCycle/Pods
    
    Using response file: /Users/runner/Library/Developer/Xcode/DerivedData/SleepCycle-cbzxdwygtqvxpycjunkumnsgsekw/Build/Intermediates.noindex/ArchiveIntermediates/SleepCycle/IntermediateBuildFilesPath/Pods.build/Release-iphoneos/SubscriptionKit.build/Objects-normal/arm64/7187679823f38a2a940e0043cdf9d637-common-args.resp
    
    builtin-ScanDependencies -o /Users/runner/Library/Developer/Xcode/DerivedData/SleepCycle-cbzxdwygtqvxpycjunkumnsgsekw/Build/Intermediates.noindex/ArchiveIntermediates/SleepCycle/IntermediateBuildFilesPath/Pods.build/Release-iphoneos/SubscriptionKit.build/Objects-normal/arm64/SubscriptionKit_vers.o.scan -- /Applications/Xcode_26.3.app/Contents/Developer/Toolchains/XcodeDefault.xctoolchain/usr/bin/clang -x c -ivfsstatcache /Users/runner/Library/Developer/Xcode/DerivedData/SDKStatCaches.noindex/iphoneos26.2-23C57-dc75598d0054f22ec865fa860f139d722dd23b4ebda140f7210d155ff1243552.sdkstatcache -fmessage-length\=0 -fdiagnostics-show-note-include-stack -fmacro-backtrace-limit\=0 -fno-color-diagnostics -fmodules-prune-interval\=86400 -fmodules-prune-after\=345600 -fbuild-session-file\=/Users/runner/Library/Developer/Xcode/DerivedData/ModuleCache.noindex/Session.modulevalidation -fmodules-validate-once-per-build-session -Wnon-modular-include-in-framework-module -Werror\=non-modular-include-in-framework-module -Wno-trigraphs -Wno-missing-field-initializers -Wno-missing-prototypes -Werror\=return-type -Wdocumentation -Wunreachable-code -Werror\=deprecated-objc-isa-usage -Werror\=objc-root-class -Wno-missing-braces -Wparentheses -Wswitch -Wunused-function -Wno-unused-label -Wno-unused-parameter -Wunused-variable -Wunused-value -Wempty-body -Wuninitialized -Wconditional-uninitialized -Wno-unknown-pragmas -Wno-shadow -Wno-four-char-constants -Wno-conversion -Wconstant-conversion -Wint-conversion -Wbool-conversion -Wenum-conversion -Wno-float-conversion -Wnon-literal-null-conversion -Wobjc-literal-conversion -Wshorten-64-to-32 -Wpointer-sign -Wno-newline-eof -Wno-implicit-fallthrough -fstrict-aliasing -Wdeprecated-declarations -Wno-sign-conversion -Winfinite-recursion -Wcomma -Wblock-capture-autoreleasing -Wstrict-prototypes -Wno-semicolon-before-method-body -Wunguarded-availability @/Users/runner/Library/Developer/Xcode/DerivedData/SleepCycle-cbzxdwygtqvxpycjunkumnsgsekw/Build/Intermediates.noindex/ArchiveIntermediates/SleepCycle/IntermediateBuildFilesPath/Pods.build/Release-iphoneos/SubscriptionKit.build/Objects-normal/arm64/7187679823f38a2a940e0043cdf9d637-common-args.resp -MMD -MT dependencies -MF /Users/runner/Library/Developer/Xcode/DerivedData/SleepCycle-cbzxdwygtqvxpycjunkumnsgsekw/Build/Intermediates.noindex/ArchiveIntermediates/SleepCycle/IntermediateBuildFilesPath/Pods.build/Release-iphoneos/SubscriptionKit.build/Objects-normal/arm64/SubscriptionKit_vers.d --serialize-diagnostics /Users/runner/Library/Developer/Xcode/DerivedData/SleepCycle-cbzxdwygtqvxpycjunkumnsgsekw/Build/Intermediates.noindex/ArchiveIntermediates/SleepCycle/IntermediateBuildFilesPath/Pods.build/Release-iphoneos/SubscriptionKit.build/Objects-normal/arm64/SubscriptionKit_vers.dia -c /Users/runner/Library/Developer/Xcode/DerivedData/SleepCycle-cbzxdwygtqvxpycjunkumnsgsekw/Build/Intermediates.noindex/ArchiveIntermediates/SleepCycle/IntermediateBuildFilesPath/Pods.build/Release-iphoneos/SubscriptionKit.build/DerivedSources/SubscriptionKit_vers.c -o /Users/runner/Library/Developer/Xcode/DerivedData/SleepCycle-cbzxdwygtqvxpycjunkumnsgsekw/Build/Intermediates.noindex/ArchiveIntermediates/SleepCycle/IntermediateBuildFilesPath/Pods.build/Release-iphoneos/SubscriptionKit.build/Objects-normal/arm64/SubscriptionKit_vers.o

ScanDependencies /Users/runner/Library/Developer/Xcode/DerivedData/SleepCycle-cbzxdwygtqvxpycjunkumnsgsekw/Build/Intermediates.noindex/ArchiveIntermediates/SleepCycle/IntermediateBuildFilesPath/Pods.build/Release-iphoneos/SubscriptionKit.build/Objects-normal/arm64/SubscriptionKit-dummy.o /Users/runner/work/SleepCycle/SleepCycle/Pods/Target\ Support\ Files/SubscriptionKit/SubscriptionKit-dummy.m normal arm64 objective-c com.apple.compilers.llvm.clang.1_0.compiler (in target 'SubscriptionKit' from project 'Pods')
    cd /Users/runner/work/SleepCycle/SleepCycle/Pods
    
    Using response file: /Users/runner/Library/Developer/Xcode/DerivedData/SleepCycle-cbzxdwygtqvxpycjunkumnsgsekw/Build/Intermediates.noindex/ArchiveIntermediates/SleepCycle/IntermediateBuildFilesPath/Pods.build/Release-iphoneos/SubscriptionKit.build/Objects-normal/arm64/e6072d4f65d7061329687fe24e3d63a7-common-args.resp
    
    builtin-ScanDependencies -o /Users/runner/Library/Developer/Xcode/DerivedData/SleepCycle-cbzxdwygtqvxpycjunkumnsgsekw/Build/Intermediates.noindex/ArchiveIntermediates/SleepCycle/IntermediateBuildFilesPath/Pods.build/Release-iphoneos/SubscriptionKit.build/Objects-normal/arm64/SubscriptionKit-dummy.o.scan -- /Applications/Xcode_26.3.app/Contents/Developer/Toolchains/XcodeDefault.xctoolchain/usr/bin/clang -x objective-c -ivfsstatcache /Users/runner/Library/Developer/Xcode/DerivedData/SDKStatCaches.noindex/iphoneos26.2-23C57-dc75598d0054f22ec865fa860f139d722dd23b4ebda140f7210d155ff1243552.sdkstatcache -fmessage-length\=0 -fdiagnostics-show-note-include-stack -fmacro-backtrace-limit\=0 -fno-color-diagnostics -fmodules-prune-interval\=86400 -fmodules-prune-after\=345600 -fbuild-session-file\=/Users/runner/Library/Developer/Xcode/DerivedData/ModuleCache.noindex/Session.modulevalidation -fmodules-validate-once-per-build-session -Wnon-modular-include-in-framework-module -Werror\=non-modular-include-in-framework-module -Wno-trigraphs -Wno-missing-field-initializers -Wno-missing-prototypes -Werror\=return-type -Wdocumentation -Wunreachable-code -Wno-implicit-atomic-properties -Werror\=deprecated-objc-isa-usage -Wno-objc-interface-ivars -Werror\=objc-root-class -Wno-arc-repeated-use-of-weak -Wimplicit-retain-self -Wduplicate-method-match -Wno-missing-braces -Wparentheses -Wswitch -Wunused-function -Wno-unused-label -Wno-unused-parameter -Wunused-variable -Wunused-value -Wempty-body -Wuninitialized -Wconditional-uninitialized -Wno-unknown-pragmas -Wno-shadow -Wno-four-char-constants -Wno-conversion -Wconstant-conversion -Wint-conversion -Wbool-conversion -Wenum-conversion -Wno-float-conversion -Wnon-literal-null-conversion -Wobjc-literal-conversion -Wshorten-64-to-32 -Wpointer-sign -Wno-newline-eof -Wno-selector -Wno-strict-selector-match -Wundeclared-selector -Wdeprecated-implementations -Wno-implicit-fallthrough -fstrict-aliasing -Wprotocol -Wdeprecated-declarations -Wno-sign-conversion -Winfinite-recursion -Wcomma -Wblock-capture-autoreleasing -Wstrict-prototypes -Wno-semicolon-before-method-body -Wunguarded-availability @/Users/runner/Library/Developer/Xcode/DerivedData/SleepCycle-cbzxdwygtqvxpycjunkumnsgsekw/Build/Intermediates.noindex/ArchiveIntermediates/SleepCycle/IntermediateBuildFilesPath/Pods.build/Release-iphoneos/SubscriptionKit.build/Objects-normal/arm64/e6072d4f65d7061329687fe24e3d63a7-common-args.resp -include /Users/runner/work/SleepCycle/SleepCycle/Pods/Target\ Support\ Files/SubscriptionKit/SubscriptionKit-prefix.pch -MMD -MT dependencies -MF /Users/runner/Library/Developer/Xcode/DerivedData/SleepCycle-cbzxdwygtqvxpycjunkumnsgsekw/Build/Intermediates.noindex/ArchiveIntermediates/SleepCycle/IntermediateBuildFilesPath/Pods.build/Release-iphoneos/SubscriptionKit.build/Objects-normal/arm64/SubscriptionKit-dummy.d --serialize-diagnostics /Users/runner/Library/Developer/Xcode/DerivedData/SleepCycle-cbzxdwygtqvxpycjunkumnsgsekw/Build/Intermediates.noindex/ArchiveIntermediates/SleepCycle/IntermediateBuildFilesPath/Pods.build/Release-iphoneos/SubscriptionKit.build/Objects-normal/arm64/SubscriptionKit-dummy.dia -c /Users/runner/work/SleepCycle/SleepCycle/Pods/Target\ Support\ Files/SubscriptionKit/SubscriptionKit-dummy.m -o /Users/runner/Library/Developer/Xcode/DerivedData/SleepCycle-cbzxdwygtqvxpycjunkumnsgsekw/Build/Intermediates.noindex/ArchiveIntermediates/SleepCycle/IntermediateBuildFilesPath/Pods.build/Release-iphoneos/SubscriptionKit.build/Objects-normal/arm64/SubscriptionKit-dummy.o

ProcessProductPackaging /Users/runner/work/SleepCycle/SleepCycle/SleepCycle.entitlements /Users/runner/Library/Developer/Xcode/DerivedData/SleepCycle-cbzxdwygtqvxpycjunkumnsgsekw/Build/Intermediates.noindex/ArchiveIntermediates/SleepCycle/IntermediateBuildFilesPath/SleepCycle.build/Release-iphoneos/SleepCycle.build/SleepCycle.app.xcent (in target 'SleepCycle' from project 'SleepCycle')
    cd /Users/runner/work/SleepCycle/SleepCycle
    
    Entitlements:
    
    {
    "application-identifier" = "DZ3J8DQBK2.com.hdweather.sleep.app";
    "beta-reports-active" = 1;
    "com.apple.developer.team-identifier" = DZ3J8DQBK2;
    "com.apple.security.application-groups" =     (
        "group.com.subscription.groupId.app"
    );
    "get-task-allow" = 0;
}
    
    builtin-productPackagingUtility /Users/runner/work/SleepCycle/SleepCycle/SleepCycle.entitlements -entitlements -format xml -o /Users/runner/Library/Developer/Xcode/DerivedData/SleepCycle-cbzxdwygtqvxpycjunkumnsgsekw/Build/Intermediates.noindex/ArchiveIntermediates/SleepCycle/IntermediateBuildFilesPath/SleepCycle.build/Release-iphoneos/SleepCycle.build/SleepCycle.app.xcent

ProcessProductPackaging /Users/runner/Library/MobileDevice/Provisioning\ Profiles/f1a09e1a-9b70-468a-abf1-b352aceb89c2.mobileprovision /Users/runner/Library/Developer/Xcode/DerivedData/SleepCycle-cbzxdwygtqvxpycjunkumnsgsekw/Build/Intermediates.noindex/ArchiveIntermediates/SleepCycle/InstallationBuildProductsLocation/Applications/SleepCycle.app/embedded.mobileprovision (in target 'SleepCycle' from project 'SleepCycle')
    cd /Users/runner/work/SleepCycle/SleepCycle
    builtin-productPackagingUtility /Users/runner/Library/MobileDevice/Provisioning\ Profiles/f1a09e1a-9b70-468a-abf1-b352aceb89c2.mobileprovision -o /Users/runner/Library/Developer/Xcode/DerivedData/SleepCycle-cbzxdwygtqvxpycjunkumnsgsekw/Build/Intermediates.noindex/ArchiveIntermediates/SleepCycle/InstallationBuildProductsLocation/Applications/SleepCycle.app/embedded.mobileprovision

ProcessProductPackagingDER /Users/runner/Library/Developer/Xcode/DerivedData/SleepCycle-cbzxdwygtqvxpycjunkumnsgsekw/Build/Intermediates.noindex/ArchiveIntermediates/SleepCycle/IntermediateBuildFilesPath/SleepCycle.build/Release-iphoneos/SleepCycle.build/SleepCycle.app.xcent /Users/runner/Library/Developer/Xcode/DerivedData/SleepCycle-cbzxdwygtqvxpycjunkumnsgsekw/Build/Intermediates.noindex/ArchiveIntermediates/SleepCycle/IntermediateBuildFilesPath/SleepCycle.build/Release-iphoneos/SleepCycle.build/SleepCycle.app.xcent.der (in target 'SleepCycle' from project 'SleepCycle')
    cd /Users/runner/work/SleepCycle/SleepCycle
    /usr/bin/derq query -f xml -i /Users/runner/Library/Developer/Xcode/DerivedData/SleepCycle-cbzxdwygtqvxpycjunkumnsgsekw/Build/Intermediates.noindex/ArchiveIntermediates/SleepCycle/IntermediateBuildFilesPath/SleepCycle.build/Release-iphoneos/SleepCycle.build/SleepCycle.app.xcent -o /Users/runner/Library/Developer/Xcode/DerivedData/SleepCycle-cbzxdwygtqvxpycjunkumnsgsekw/Build/Intermediates.noindex/ArchiveIntermediates/SleepCycle/IntermediateBuildFilesPath/SleepCycle.build/Release-iphoneos/SleepCycle.build/SleepCycle.app.xcent.der --raw

ScanDependencies /Users/runner/Library/Developer/Xcode/DerivedData/SleepCycle-cbzxdwygtqvxpycjunkumnsgsekw/Build/Intermediates.noindex/ArchiveIntermediates/SleepCycle/IntermediateBuildFilesPath/Pods.build/Release-iphoneos/Pods-SleepCycle.build/Objects-normal/arm64/Pods_SleepCycle_vers.o /Users/runner/Library/Developer/Xcode/DerivedData/SleepCycle-cbzxdwygtqvxpycjunkumnsgsekw/Build/Intermediates.noindex/ArchiveIntermediates/SleepCycle/IntermediateBuildFilesPath/Pods.build/Release-iphoneos/Pods-SleepCycle.build/DerivedSources/Pods_SleepCycle_vers.c normal arm64 c com.apple.compilers.llvm.clang.1_0.compiler (in target 'Pods-SleepCycle' from project 'Pods')
    cd /Users/runner/work/SleepCycle/SleepCycle/Pods
    
    Using response file: /Users/runner/Library/Developer/Xcode/DerivedData/SleepCycle-cbzxdwygtqvxpycjunkumnsgsekw/Build/Intermediates.noindex/ArchiveIntermediates/SleepCycle/IntermediateBuildFilesPath/Pods.build/Release-iphoneos/Pods-SleepCycle.build/Objects-normal/arm64/7187679823f38a2a940e0043cdf9d637-common-args.resp
    
    builtin-ScanDependencies -o /Users/runner/Library/Developer/Xcode/DerivedData/SleepCycle-cbzxdwygtqvxpycjunkumnsgsekw/Build/Intermediates.noindex/ArchiveIntermediates/SleepCycle/IntermediateBuildFilesPath/Pods.build/Release-iphoneos/Pods-SleepCycle.build/Objects-normal/arm64/Pods_SleepCycle_vers.o.scan -- /Applications/Xcode_26.3.app/Contents/Developer/Toolchains/XcodeDefault.xctoolchain/usr/bin/clang -x c -ivfsstatcache /Users/runner/Library/Developer/Xcode/DerivedData/SDKStatCaches.noindex/iphoneos26.2-23C57-dc75598d0054f22ec865fa860f139d722dd23b4ebda140f7210d155ff1243552.sdkstatcache -fmessage-length\=0 -fdiagnostics-show-note-include-stack -fmacro-backtrace-limit\=0 -fno-color-diagnostics -fmodules-prune-interval\=86400 -fmodules-prune-after\=345600 -fbuild-session-file\=/Users/runner/Library/Developer/Xcode/DerivedData/ModuleCache.noindex/Session.modulevalidation -fmodules-validate-once-per-build-session -Wnon-modular-include-in-framework-module -Werror\=non-modular-include-in-framework-module -Wno-trigraphs -Wno-missing-field-initializers -Wno-missing-prototypes -Werror\=return-type -Wdocumentation -Wunreachable-code -Werror\=deprecated-objc-isa-usage -Werror\=objc-root-class -Wno-missing-braces -Wparentheses -Wswitch -Wunused-function -Wno-unused-label -Wno-unused-parameter -Wunused-variable -Wunused-value -Wempty-body -Wuninitialized -Wconditional-uninitialized -Wno-unknown-pragmas -Wno-shadow -Wno-four-char-constants -Wno-conversion -Wconstant-conversion -Wint-conversion -Wbool-conversion -Wenum-conversion -Wno-float-conversion -Wnon-literal-null-conversion -Wobjc-literal-conversion -Wshorten-64-to-32 -Wpointer-sign -Wno-newline-eof -Wno-implicit-fallthrough -fstrict-aliasing -Wdeprecated-declarations -Wno-sign-conversion -Winfinite-recursion -Wcomma -Wblock-capture-autoreleasing -Wstrict-prototypes -Wno-semicolon-before-method-body -Wunguarded-availability @/Users/runner/Library/Developer/Xcode/DerivedData/SleepCycle-cbzxdwygtqvxpycjunkumnsgsekw/Build/Intermediates.noindex/ArchiveIntermediates/SleepCycle/IntermediateBuildFilesPath/Pods.build/Release-iphoneos/Pods-SleepCycle.build/Objects-normal/arm64/7187679823f38a2a940e0043cdf9d637-common-args.resp -MMD -MT dependencies -MF /Users/runner/Library/Developer/Xcode/DerivedData/SleepCycle-cbzxdwygtqvxpycjunkumnsgsekw/Build/Intermediates.noindex/ArchiveIntermediates/SleepCycle/IntermediateBuildFilesPath/Pods.build/Release-iphoneos/Pods-SleepCycle.build/Objects-normal/arm64/Pods_SleepCycle_vers.d --serialize-diagnostics /Users/runner/Library/Developer/Xcode/DerivedData/SleepCycle-cbzxdwygtqvxpycjunkumnsgsekw/Build/Intermediates.noindex/ArchiveIntermediates/SleepCycle/IntermediateBuildFilesPath/Pods.build/Release-iphoneos/Pods-SleepCycle.build/Objects-normal/arm64/Pods_SleepCycle_vers.dia -c /Users/runner/Library/Developer/Xcode/DerivedData/SleepCycle-cbzxdwygtqvxpycjunkumnsgsekw/Build/Intermediates.noindex/ArchiveIntermediates/SleepCycle/IntermediateBuildFilesPath/Pods.build/Release-iphoneos/Pods-SleepCycle.build/DerivedSources/Pods_SleepCycle_vers.c -o /Users/runner/Library/Developer/Xcode/DerivedData/SleepCycle-cbzxdwygtqvxpycjunkumnsgsekw/Build/Intermediates.noindex/ArchiveIntermediates/SleepCycle/IntermediateBuildFilesPath/Pods.build/Release-iphoneos/Pods-SleepCycle.build/Objects-normal/arm64/Pods_SleepCycle_vers.o

ScanDependencies /Users/runner/Library/Developer/Xcode/DerivedData/SleepCycle-cbzxdwygtqvxpycjunkumnsgsekw/Build/Intermediates.noindex/ArchiveIntermediates/SleepCycle/IntermediateBuildFilesPath/Pods.build/Release-iphoneos/Pods-SleepCycle.build/Objects-normal/arm64/Pods-SleepCycle-dummy.o /Users/runner/work/SleepCycle/SleepCycle/Pods/Target\ Support\ Files/Pods-SleepCycle/Pods-SleepCycle-dummy.m normal arm64 objective-c com.apple.compilers.llvm.clang.1_0.compiler (in target 'Pods-SleepCycle' from project 'Pods')
    cd /Users/runner/work/SleepCycle/SleepCycle/Pods
    
    Using response file: /Users/runner/Library/Developer/Xcode/DerivedData/SleepCycle-cbzxdwygtqvxpycjunkumnsgsekw/Build/Intermediates.noindex/ArchiveIntermediates/SleepCycle/IntermediateBuildFilesPath/Pods.build/Release-iphoneos/Pods-SleepCycle.build/Objects-normal/arm64/e6072d4f65d7061329687fe24e3d63a7-common-args.resp
    
    builtin-ScanDependencies -o /Users/runner/Library/Developer/Xcode/DerivedData/SleepCycle-cbzxdwygtqvxpycjunkumnsgsekw/Build/Intermediates.noindex/ArchiveIntermediates/SleepCycle/IntermediateBuildFilesPath/Pods.build/Release-iphoneos/Pods-SleepCycle.build/Objects-normal/arm64/Pods-SleepCycle-dummy.o.scan -- /Applications/Xcode_26.3.app/Contents/Developer/Toolchains/XcodeDefault.xctoolchain/usr/bin/clang -x objective-c -ivfsstatcache /Users/runner/Library/Developer/Xcode/DerivedData/SDKStatCaches.noindex/iphoneos26.2-23C57-dc75598d0054f22ec865fa860f139d722dd23b4ebda140f7210d155ff1243552.sdkstatcache -fmessage-length\=0 -fdiagnostics-show-note-include-stack -fmacro-backtrace-limit\=0 -fno-color-diagnostics -fmodules-prune-interval\=86400 -fmodules-prune-after\=345600 -fbuild-session-file\=/Users/runner/Library/Developer/Xcode/DerivedData/ModuleCache.noindex/Session.modulevalidation -fmodules-validate-once-per-build-session -Wnon-modular-include-in-framework-module -Werror\=non-modular-include-in-framework-module -Wno-trigraphs -Wno-missing-field-initializers -Wno-missing-prototypes -Werror\=return-type -Wdocumentation -Wunreachable-code -Wno-implicit-atomic-properties -Werror\=deprecated-objc-isa-usage -Wno-objc-interface-ivars -Werror\=objc-root-class -Wno-arc-repeated-use-of-weak -Wimplicit-retain-self -Wduplicate-method-match -Wno-missing-braces -Wparentheses -Wswitch -Wunused-function -Wno-unused-label -Wno-unused-parameter -Wunused-variable -Wunused-value -Wempty-body -Wuninitialized -Wconditional-uninitialized -Wno-unknown-pragmas -Wno-shadow -Wno-four-char-constants -Wno-conversion -Wconstant-conversion -Wint-conversion -Wbool-conversion -Wenum-conversion -Wno-float-conversion -Wnon-literal-null-conversion -Wobjc-literal-conversion -Wshorten-64-to-32 -Wpointer-sign -Wno-newline-eof -Wno-selector -Wno-strict-selector-match -Wundeclared-selector -Wdeprecated-implementations -Wno-implicit-fallthrough -fstrict-aliasing -Wprotocol -Wdeprecated-declarations -Wno-sign-conversion -Winfinite-recursion -Wcomma -Wblock-capture-autoreleasing -Wstrict-prototypes -Wno-semicolon-before-method-body -Wunguarded-availability @/Users/runner/Library/Developer/Xcode/DerivedData/SleepCycle-cbzxdwygtqvxpycjunkumnsgsekw/Build/Intermediates.noindex/ArchiveIntermediates/SleepCycle/IntermediateBuildFilesPath/Pods.build/Release-iphoneos/Pods-SleepCycle.build/Objects-normal/arm64/e6072d4f65d7061329687fe24e3d63a7-common-args.resp -MMD -MT dependencies -MF /Users/runner/Library/Developer/Xcode/DerivedData/SleepCycle-cbzxdwygtqvxpycjunkumnsgsekw/Build/Intermediates.noindex/ArchiveIntermediates/SleepCycle/IntermediateBuildFilesPath/Pods.build/Release-iphoneos/Pods-SleepCycle.build/Objects-normal/arm64/Pods-SleepCycle-dummy.d --serialize-diagnostics /Users/runner/Library/Developer/Xcode/DerivedData/SleepCycle-cbzxdwygtqvxpycjunkumnsgsekw/Build/Intermediates.noindex/ArchiveIntermediates/SleepCycle/IntermediateBuildFilesPath/Pods.build/Release-iphoneos/Pods-SleepCycle.build/Objects-normal/arm64/Pods-SleepCycle-dummy.dia -c /Users/runner/work/SleepCycle/SleepCycle/Pods/Target\ Support\ Files/Pods-SleepCycle/Pods-SleepCycle-dummy.m -o /Users/runner/Library/Developer/Xcode/DerivedData/SleepCycle-cbzxdwygtqvxpycjunkumnsgsekw/Build/Intermediates.noindex/ArchiveIntermediates/SleepCycle/IntermediateBuildFilesPath/Pods.build/Release-iphoneos/Pods-SleepCycle.build/Objects-normal/arm64/Pods-SleepCycle-dummy.o

CompileC /Users/runner/Library/Developer/Xcode/DerivedData/SleepCycle-cbzxdwygtqvxpycjunkumnsgsekw/Build/Intermediates.noindex/ArchiveIntermediates/SleepCycle/IntermediateBuildFilesPath/Pods.build/Release-iphoneos/Pods-SleepCycle.build/Objects-normal/arm64/Pods_SleepCycle_vers.o /Users/runner/Library/Developer/Xcode/DerivedData/SleepCycle-cbzxdwygtqvxpycjunkumnsgsekw/Build/Intermediates.noindex/ArchiveIntermediates/SleepCycle/IntermediateBuildFilesPath/Pods.build/Release-iphoneos/Pods-SleepCycle.build/DerivedSources/Pods_SleepCycle_vers.c normal arm64 c com.apple.compilers.llvm.clang.1_0.compiler (in target 'Pods-SleepCycle' from project 'Pods')
    cd /Users/runner/work/SleepCycle/SleepCycle/Pods
    
    Using response file: /Users/runner/Library/Developer/Xcode/DerivedData/SleepCycle-cbzxdwygtqvxpycjunkumnsgsekw/Build/Intermediates.noindex/ArchiveIntermediates/SleepCycle/IntermediateBuildFilesPath/Pods.build/Release-iphoneos/Pods-SleepCycle.build/Objects-normal/arm64/7187679823f38a2a940e0043cdf9d637-common-args.resp
    
    /Applications/Xcode_26.3.app/Contents/Developer/Toolchains/XcodeDefault.xctoolchain/usr/bin/clang -x c -ivfsstatcache /Users/runner/Library/Developer/Xcode/DerivedData/SDKStatCaches.noindex/iphoneos26.2-23C57-dc75598d0054f22ec865fa860f139d722dd23b4ebda140f7210d155ff1243552.sdkstatcache -fmessage-length\=0 -fdiagnostics-show-note-include-stack -fmacro-backtrace-limit\=0 -fno-color-diagnostics -fmodules-prune-interval\=86400 -fmodules-prune-after\=345600 -fbuild-session-file\=/Users/runner/Library/Developer/Xcode/DerivedData/ModuleCache.noindex/Session.modulevalidation -fmodules-validate-once-per-build-session -Wnon-modular-include-in-framework-module -Werror\=non-modular-include-in-framework-module -Wno-trigraphs -Wno-missing-field-initializers -Wno-missing-prototypes -Werror\=return-type -Wdocumentation -Wunreachable-code -Werror\=deprecated-objc-isa-usage -Werror\=objc-root-class -Wno-missing-braces -Wparentheses -Wswitch -Wunused-function -Wno-unused-label -Wno-unused-parameter -Wunused-variable -Wunused-value -Wempty-body -Wuninitialized -Wconditional-uninitialized -Wno-unknown-pragmas -Wno-shadow -Wno-four-char-constants -Wno-conversion -Wconstant-conversion -Wint-conversion -Wbool-conversion -Wenum-conversion -Wno-float-conversion -Wnon-literal-null-conversion -Wobjc-literal-conversion -Wshorten-64-to-32 -Wpointer-sign -Wno-newline-eof -Wno-implicit-fallthrough -fstrict-aliasing -Wdeprecated-declarations -Wno-sign-conversion -Winfinite-recursion -Wcomma -Wblock-capture-autoreleasing -Wstrict-prototypes -Wno-semicolon-before-method-body -Wunguarded-availability @/Users/runner/Library/Developer/Xcode/DerivedData/SleepCycle-cbzxdwygtqvxpycjunkumnsgsekw/Build/Intermediates.noindex/ArchiveIntermediates/SleepCycle/IntermediateBuildFilesPath/Pods.build/Release-iphoneos/Pods-SleepCycle.build/Objects-normal/arm64/7187679823f38a2a940e0043cdf9d637-common-args.resp -MMD -MT dependencies -MF /Users/runner/Library/Developer/Xcode/DerivedData/SleepCycle-cbzxdwygtqvxpycjunkumnsgsekw/Build/Intermediates.noindex/ArchiveIntermediates/SleepCycle/IntermediateBuildFilesPath/Pods.build/Release-iphoneos/Pods-SleepCycle.build/Objects-normal/arm64/Pods_SleepCycle_vers.d --serialize-diagnostics /Users/runner/Library/Developer/Xcode/DerivedData/SleepCycle-cbzxdwygtqvxpycjunkumnsgsekw/Build/Intermediates.noindex/ArchiveIntermediates/SleepCycle/IntermediateBuildFilesPath/Pods.build/Release-iphoneos/Pods-SleepCycle.build/Objects-normal/arm64/Pods_SleepCycle_vers.dia -c /Users/runner/Library/Developer/Xcode/DerivedData/SleepCycle-cbzxdwygtqvxpycjunkumnsgsekw/Build/Intermediates.noindex/ArchiveIntermediates/SleepCycle/IntermediateBuildFilesPath/Pods.build/Release-iphoneos/Pods-SleepCycle.build/DerivedSources/Pods_SleepCycle_vers.c -o /Users/runner/Library/Developer/Xcode/DerivedData/SleepCycle-cbzxdwygtqvxpycjunkumnsgsekw/Build/Intermediates.noindex/ArchiveIntermediates/SleepCycle/IntermediateBuildFilesPath/Pods.build/Release-iphoneos/Pods-SleepCycle.build/Objects-normal/arm64/Pods_SleepCycle_vers.o

CompileC /Users/runner/Library/Developer/Xcode/DerivedData/SleepCycle-cbzxdwygtqvxpycjunkumnsgsekw/Build/Intermediates.noindex/ArchiveIntermediates/SleepCycle/IntermediateBuildFilesPath/Pods.build/Release-iphoneos/SubscriptionKit.build/Objects-normal/arm64/SubscriptionKit_vers.o /Users/runner/Library/Developer/Xcode/DerivedData/SleepCycle-cbzxdwygtqvxpycjunkumnsgsekw/Build/Intermediates.noindex/ArchiveIntermediates/SleepCycle/IntermediateBuildFilesPath/Pods.build/Release-iphoneos/SubscriptionKit.build/DerivedSources/SubscriptionKit_vers.c normal arm64 c com.apple.compilers.llvm.clang.1_0.compiler (in target 'SubscriptionKit' from project 'Pods')
    cd /Users/runner/work/SleepCycle/SleepCycle/Pods
    
    Using response file: /Users/runner/Library/Developer/Xcode/DerivedData/SleepCycle-cbzxdwygtqvxpycjunkumnsgsekw/Build/Intermediates.noindex/ArchiveIntermediates/SleepCycle/IntermediateBuildFilesPath/Pods.build/Release-iphoneos/SubscriptionKit.build/Objects-normal/arm64/7187679823f38a2a940e0043cdf9d637-common-args.resp
    
    /Applications/Xcode_26.3.app/Contents/Developer/Toolchains/XcodeDefault.xctoolchain/usr/bin/clang -x c -ivfsstatcache /Users/runner/Library/Developer/Xcode/DerivedData/SDKStatCaches.noindex/iphoneos26.2-23C57-dc75598d0054f22ec865fa860f139d722dd23b4ebda140f7210d155ff1243552.sdkstatcache -fmessage-length\=0 -fdiagnostics-show-note-include-stack -fmacro-backtrace-limit\=0 -fno-color-diagnostics -fmodules-prune-interval\=86400 -fmodules-prune-after\=345600 -fbuild-session-file\=/Users/runner/Library/Developer/Xcode/DerivedData/ModuleCache.noindex/Session.modulevalidation -fmodules-validate-once-per-build-session -Wnon-modular-include-in-framework-module -Werror\=non-modular-include-in-framework-module -Wno-trigraphs -Wno-missing-field-initializers -Wno-missing-prototypes -Werror\=return-type -Wdocumentation -Wunreachable-code -Werror\=deprecated-objc-isa-usage -Werror\=objc-root-class -Wno-missing-braces -Wparentheses -Wswitch -Wunused-function -Wno-unused-label -Wno-unused-parameter -Wunused-variable -Wunused-value -Wempty-body -Wuninitialized -Wconditional-uninitialized -Wno-unknown-pragmas -Wno-shadow -Wno-four-char-constants -Wno-conversion -Wconstant-conversion -Wint-conversion -Wbool-conversion -Wenum-conversion -Wno-float-conversion -Wnon-literal-null-conversion -Wobjc-literal-conversion -Wshorten-64-to-32 -Wpointer-sign -Wno-newline-eof -Wno-implicit-fallthrough -fstrict-aliasing -Wdeprecated-declarations -Wno-sign-conversion -Winfinite-recursion -Wcomma -Wblock-capture-autoreleasing -Wstrict-prototypes -Wno-semicolon-before-method-body -Wunguarded-availability @/Users/runner/Library/Developer/Xcode/DerivedData/SleepCycle-cbzxdwygtqvxpycjunkumnsgsekw/Build/Intermediates.noindex/ArchiveIntermediates/SleepCycle/IntermediateBuildFilesPath/Pods.build/Release-iphoneos/SubscriptionKit.build/Objects-normal/arm64/7187679823f38a2a940e0043cdf9d637-common-args.resp -MMD -MT dependencies -MF /Users/runner/Library/Developer/Xcode/DerivedData/SleepCycle-cbzxdwygtqvxpycjunkumnsgsekw/Build/Intermediates.noindex/ArchiveIntermediates/SleepCycle/IntermediateBuildFilesPath/Pods.build/Release-iphoneos/SubscriptionKit.build/Objects-normal/arm64/SubscriptionKit_vers.d --serialize-diagnostics /Users/runner/Library/Developer/Xcode/DerivedData/SleepCycle-cbzxdwygtqvxpycjunkumnsgsekw/Build/Intermediates.noindex/ArchiveIntermediates/SleepCycle/IntermediateBuildFilesPath/Pods.build/Release-iphoneos/SubscriptionKit.build/Objects-normal/arm64/SubscriptionKit_vers.dia -c /Users/runner/Library/Developer/Xcode/DerivedData/SleepCycle-cbzxdwygtqvxpycjunkumnsgsekw/Build/Intermediates.noindex/ArchiveIntermediates/SleepCycle/IntermediateBuildFilesPath/Pods.build/Release-iphoneos/SubscriptionKit.build/DerivedSources/SubscriptionKit_vers.c -o /Users/runner/Library/Developer/Xcode/DerivedData/SleepCycle-cbzxdwygtqvxpycjunkumnsgsekw/Build/Intermediates.noindex/ArchiveIntermediates/SleepCycle/IntermediateBuildFilesPath/Pods.build/Release-iphoneos/SubscriptionKit.build/Objects-normal/arm64/SubscriptionKit_vers.o

PrecompileModule /Users/runner/Library/Developer/Xcode/DerivedData/SleepCycle-cbzxdwygtqvxpycjunkumnsgsekw/Build/Intermediates.noindex/ArchiveIntermediates/SleepCycle/IntermediateBuildFilesPath/ExplicitPrecompiledModules/_Builtin_stdbool-CIO3E5KBW7YGB3BGDKVOWERB1.scan
    cd /
    builtin-precompileModule /Users/runner/Library/Developer/Xcode/DerivedData/SleepCycle-cbzxdwygtqvxpycjunkumnsgsekw/Build/Intermediates.noindex/ArchiveIntermediates/SleepCycle/IntermediateBuildFilesPath/ExplicitPrecompiledModules/_Builtin_stdbool-CIO3E5KBW7YGB3BGDKVOWERB1.scan

PrecompileModule /Users/runner/Library/Developer/Xcode/DerivedData/SleepCycle-cbzxdwygtqvxpycjunkumnsgsekw/Build/Intermediates.noindex/ArchiveIntermediates/SleepCycle/IntermediateBuildFilesPath/ExplicitPrecompiledModules/ptrcheck-E04AH2BN19J3UWI3B69NX1AGH.scan
    cd /
    builtin-precompileModule /Users/runner/Library/Developer/Xcode/DerivedData/SleepCycle-cbzxdwygtqvxpycjunkumnsgsekw/Build/Intermediates.noindex/ArchiveIntermediates/SleepCycle/IntermediateBuildFilesPath/ExplicitPrecompiledModules/ptrcheck-E04AH2BN19J3UWI3B69NX1AGH.scan

PrecompileModule /Users/runner/Library/Developer/Xcode/DerivedData/SleepCycle-cbzxdwygtqvxpycjunkumnsgsekw/Build/Intermediates.noindex/ArchiveIntermediates/SleepCycle/IntermediateBuildFilesPath/ExplicitPrecompiledModules/_Builtin_stdarg-69CEDW076CJ3UHA6GWM3QRTL7.scan
    cd /
    builtin-precompileModule /Users/runner/Library/Developer/Xcode/DerivedData/SleepCycle-cbzxdwygtqvxpycjunkumnsgsekw/Build/Intermediates.noindex/ArchiveIntermediates/SleepCycle/IntermediateBuildFilesPath/ExplicitPrecompiledModules/_Builtin_stdarg-69CEDW076CJ3UHA6GWM3QRTL7.scan

PrecompileModule /Users/runner/Library/Developer/Xcode/DerivedData/SleepCycle-cbzxdwygtqvxpycjunkumnsgsekw/Build/Intermediates.noindex/ArchiveIntermediates/SleepCycle/IntermediateBuildFilesPath/ExplicitPrecompiledModules/_Builtin_stddef-3GDQA42JAV0L1EYC1SF9DFL4.scan
    cd /
    builtin-precompileModule /Users/runner/Library/Developer/Xcode/DerivedData/SleepCycle-cbzxdwygtqvxpycjunkumnsgsekw/Build/Intermediates.noindex/ArchiveIntermediates/SleepCycle/IntermediateBuildFilesPath/ExplicitPrecompiledModules/_Builtin_stddef-3GDQA42JAV0L1EYC1SF9DFL4.scan

PrecompileModule /Users/runner/Library/Developer/Xcode/DerivedData/SleepCycle-cbzxdwygtqvxpycjunkumnsgsekw/Build/Intermediates.noindex/ArchiveIntermediates/SleepCycle/IntermediateBuildFilesPath/ExplicitPrecompiledModules/_AvailabilityInternal-57G06GRM876XLCLD29ABSL8NX.scan
    cd /
    builtin-precompileModule /Users/runner/Library/Developer/Xcode/DerivedData/SleepCycle-cbzxdwygtqvxpycjunkumnsgsekw/Build/Intermediates.noindex/ArchiveIntermediates/SleepCycle/IntermediateBuildFilesPath/ExplicitPrecompiledModules/_AvailabilityInternal-57G06GRM876XLCLD29ABSL8NX.scan

PrecompileModule /Users/runner/Library/Developer/Xcode/DerivedData/SleepCycle-cbzxdwygtqvxpycjunkumnsgsekw/Build/Intermediates.noindex/ArchiveIntermediates/SleepCycle/IntermediateBuildFilesPath/ExplicitPrecompiledModules/_Builtin_float-7TABNBAX80AUU7ZLCJID5O3SE.scan
    cd /
    builtin-precompileModule /Users/runner/Library/Developer/Xcode/DerivedData/SleepCycle-cbzxdwygtqvxpycjunkumnsgsekw/Build/Intermediates.noindex/ArchiveIntermediates/SleepCycle/IntermediateBuildFilesPath/ExplicitPrecompiledModules/_Builtin_float-7TABNBAX80AUU7ZLCJID5O3SE.scan

PrecompileModule /Users/runner/Library/Developer/Xcode/DerivedData/SleepCycle-cbzxdwygtqvxpycjunkumnsgsekw/Build/Intermediates.noindex/ArchiveIntermediates/SleepCycle/IntermediateBuildFilesPath/ExplicitPrecompiledModules/ptrauth-BYFTDBNX4FGZ2TCL8OSSA4RJL.scan
    cd /
    builtin-precompileModule /Users/runner/Library/Developer/Xcode/DerivedData/SleepCycle-cbzxdwygtqvxpycjunkumnsgsekw/Build/Intermediates.noindex/ArchiveIntermediates/SleepCycle/IntermediateBuildFilesPath/ExplicitPrecompiledModules/ptrauth-BYFTDBNX4FGZ2TCL8OSSA4RJL.scan

PrecompileModule /Users/runner/Library/Developer/Xcode/DerivedData/SleepCycle-cbzxdwygtqvxpycjunkumnsgsekw/Build/Intermediates.noindex/ArchiveIntermediates/SleepCycle/IntermediateBuildFilesPath/ExplicitPrecompiledModules/_DarwinFoundation1-5Q97APRCFDRPXKUWSRTKVU4SQ.scan
    cd /
    builtin-precompileModule /Users/runner/Library/Developer/Xcode/DerivedData/SleepCycle-cbzxdwygtqvxpycjunkumnsgsekw/Build/Intermediates.noindex/ArchiveIntermediates/SleepCycle/IntermediateBuildFilesPath/ExplicitPrecompiledModules/_DarwinFoundation1-5Q97APRCFDRPXKUWSRTKVU4SQ.scan

PrecompileModule /Users/runner/Library/Developer/Xcode/DerivedData/SleepCycle-cbzxdwygtqvxpycjunkumnsgsekw/Build/Intermediates.noindex/ArchiveIntermediates/SleepCycle/IntermediateBuildFilesPath/ExplicitPrecompiledModules/_Builtin_limits-DMFX1ZLG0G96YPBPAJQ2WF57B.scan
    cd /
    builtin-precompileModule /Users/runner/Library/Developer/Xcode/DerivedData/SleepCycle-cbzxdwygtqvxpycjunkumnsgsekw/Build/Intermediates.noindex/ArchiveIntermediates/SleepCycle/IntermediateBuildFilesPath/ExplicitPrecompiledModules/_Builtin_limits-DMFX1ZLG0G96YPBPAJQ2WF57B.scan

PrecompileModule /Users/runner/Library/Developer/Xcode/DerivedData/SleepCycle-cbzxdwygtqvxpycjunkumnsgsekw/Build/Intermediates.noindex/ArchiveIntermediates/SleepCycle/IntermediateBuildFilesPath/ExplicitPrecompiledModules/_DarwinFoundation2-9PLRC7O06Q5LLDROAK74YWV4Z.scan
    cd /
    builtin-precompileModule /Users/runner/Library/Developer/Xcode/DerivedData/SleepCycle-cbzxdwygtqvxpycjunkumnsgsekw/Build/Intermediates.noindex/ArchiveIntermediates/SleepCycle/IntermediateBuildFilesPath/ExplicitPrecompiledModules/_DarwinFoundation2-9PLRC7O06Q5LLDROAK74YWV4Z.scan

PrecompileModule /Users/runner/Library/Developer/Xcode/DerivedData/SleepCycle-cbzxdwygtqvxpycjunkumnsgsekw/Build/Intermediates.noindex/ArchiveIntermediates/SleepCycle/IntermediateBuildFilesPath/ExplicitPrecompiledModules/_Builtin_stdint-BYOF4TPHA4QIBMSQ8Q2G9MD2S.scan
    cd /
    builtin-precompileModule /Users/runner/Library/Developer/Xcode/DerivedData/SleepCycle-cbzxdwygtqvxpycjunkumnsgsekw/Build/Intermediates.noindex/ArchiveIntermediates/SleepCycle/IntermediateBuildFilesPath/ExplicitPrecompiledModules/_Builtin_stdint-BYOF4TPHA4QIBMSQ8Q2G9MD2S.scan

PrecompileModule /Users/runner/Library/Developer/Xcode/DerivedData/SleepCycle-cbzxdwygtqvxpycjunkumnsgsekw/Build/Intermediates.noindex/ArchiveIntermediates/SleepCycle/IntermediateBuildFilesPath/ExplicitPrecompiledModules/_DarwinFoundation3-984D7BS4X7LMVS9ZHYSJS352O.scan
    cd /
    builtin-precompileModule /Users/runner/Library/Developer/Xcode/DerivedData/SleepCycle-cbzxdwygtqvxpycjunkumnsgsekw/Build/Intermediates.noindex/ArchiveIntermediates/SleepCycle/IntermediateBuildFilesPath/ExplicitPrecompiledModules/_DarwinFoundation3-984D7BS4X7LMVS9ZHYSJS352O.scan

PrecompileModule /Users/runner/Library/Developer/Xcode/DerivedData/SleepCycle-cbzxdwygtqvxpycjunkumnsgsekw/Build/Intermediates.noindex/ArchiveIntermediates/SleepCycle/IntermediateBuildFilesPath/ExplicitPrecompiledModules/_Builtin_inttypes-EJEI8VBOQPXF0VJYPXIYU44IR.scan
    cd /
    builtin-precompileModule /Users/runner/Library/Developer/Xcode/DerivedData/SleepCycle-cbzxdwygtqvxpycjunkumnsgsekw/Build/Intermediates.noindex/ArchiveIntermediates/SleepCycle/IntermediateBuildFilesPath/ExplicitPrecompiledModules/_Builtin_inttypes-EJEI8VBOQPXF0VJYPXIYU44IR.scan

PrecompileModule /Users/runner/Library/Developer/Xcode/DerivedData/SleepCycle-cbzxdwygtqvxpycjunkumnsgsekw/Build/Intermediates.noindex/ArchiveIntermediates/SleepCycle/IntermediateBuildFilesPath/ExplicitPrecompiledModules/Darwin-AB68T954RWD6JTC2TG0A224ZT.scan
    cd /
    builtin-precompileModule /Users/runner/Library/Developer/Xcode/DerivedData/SleepCycle-cbzxdwygtqvxpycjunkumnsgsekw/Build/Intermediates.noindex/ArchiveIntermediates/SleepCycle/IntermediateBuildFilesPath/ExplicitPrecompiledModules/Darwin-AB68T954RWD6JTC2TG0A224ZT.scan

PrecompileModule /Users/runner/Library/Developer/Xcode/DerivedData/SleepCycle-cbzxdwygtqvxpycjunkumnsgsekw/Build/Intermediates.noindex/ArchiveIntermediates/SleepCycle/IntermediateBuildFilesPath/ExplicitPrecompiledModules/ObjectiveC-EGH5JS9S04V5GSCFX1XML1E26.scan
    cd /
    builtin-precompileModule /Users/runner/Library/Developer/Xcode/DerivedData/SleepCycle-cbzxdwygtqvxpycjunkumnsgsekw/Build/Intermediates.noindex/ArchiveIntermediates/SleepCycle/IntermediateBuildFilesPath/ExplicitPrecompiledModules/ObjectiveC-EGH5JS9S04V5GSCFX1XML1E26.scan

PrecompileModule /Users/runner/Library/Developer/Xcode/DerivedData/SleepCycle-cbzxdwygtqvxpycjunkumnsgsekw/Build/Intermediates.noindex/ArchiveIntermediates/SleepCycle/IntermediateBuildFilesPath/ExplicitPrecompiledModules/os_object-498R48448SVCUEXLCQZ88NV0B.scan
    cd /
    builtin-precompileModule /Users/runner/Library/Developer/Xcode/DerivedData/SleepCycle-cbzxdwygtqvxpycjunkumnsgsekw/Build/Intermediates.noindex/ArchiveIntermediates/SleepCycle/IntermediateBuildFilesPath/ExplicitPrecompiledModules/os_object-498R48448SVCUEXLCQZ88NV0B.scan

PrecompileModule /Users/runner/Library/Developer/Xcode/DerivedData/SleepCycle-cbzxdwygtqvxpycjunkumnsgsekw/Build/Intermediates.noindex/ArchiveIntermediates/SleepCycle/IntermediateBuildFilesPath/ExplicitPrecompiledModules/os_workgroup-438KSZ0YV3KS535UH2T0ZUH4E.scan
    cd /
    builtin-precompileModule /Users/runner/Library/Developer/Xcode/DerivedData/SleepCycle-cbzxdwygtqvxpycjunkumnsgsekw/Build/Intermediates.noindex/ArchiveIntermediates/SleepCycle/IntermediateBuildFilesPath/ExplicitPrecompiledModules/os_workgroup-438KSZ0YV3KS535UH2T0ZUH4E.scan

PrecompileModule /Users/runner/Library/Developer/Xcode/DerivedData/SleepCycle-cbzxdwygtqvxpycjunkumnsgsekw/Build/Intermediates.noindex/ArchiveIntermediates/SleepCycle/IntermediateBuildFilesPath/ExplicitPrecompiledModules/Dispatch-CFEUOJQTE3HWQEZYN3L6L9W0D.scan
    cd /
    builtin-precompileModule /Users/runner/Library/Developer/Xcode/DerivedData/SleepCycle-cbzxdwygtqvxpycjunkumnsgsekw/Build/Intermediates.noindex/ArchiveIntermediates/SleepCycle/IntermediateBuildFilesPath/ExplicitPrecompiledModules/Dispatch-CFEUOJQTE3HWQEZYN3L6L9W0D.scan

PrecompileModule /Users/runner/Library/Developer/Xcode/DerivedData/SleepCycle-cbzxdwygtqvxpycjunkumnsgsekw/Build/Intermediates.noindex/ArchiveIntermediates/SleepCycle/IntermediateBuildFilesPath/ExplicitPrecompiledModules/XPC-8SO5SZT4NIC2RYALA5AV2LG7E.scan
    cd /
    builtin-precompileModule /Users/runner/Library/Developer/Xcode/DerivedData/SleepCycle-cbzxdwygtqvxpycjunkumnsgsekw/Build/Intermediates.noindex/ArchiveIntermediates/SleepCycle/IntermediateBuildFilesPath/ExplicitPrecompiledModules/XPC-8SO5SZT4NIC2RYALA5AV2LG7E.scan

PrecompileModule /Users/runner/Library/Developer/Xcode/DerivedData/SleepCycle-cbzxdwygtqvxpycjunkumnsgsekw/Build/Intermediates.noindex/ArchiveIntermediates/SleepCycle/IntermediateBuildFilesPath/ExplicitPrecompiledModules/CoreFoundation-10OLLGMNC36QROJ7IWBZ7MLYX.scan
    cd /
    builtin-precompileModule /Users/runner/Library/Developer/Xcode/DerivedData/SleepCycle-cbzxdwygtqvxpycjunkumnsgsekw/Build/Intermediates.noindex/ArchiveIntermediates/SleepCycle/IntermediateBuildFilesPath/ExplicitPrecompiledModules/CoreFoundation-10OLLGMNC36QROJ7IWBZ7MLYX.scan

PrecompileModule /Users/runner/Library/Developer/Xcode/DerivedData/SleepCycle-cbzxdwygtqvxpycjunkumnsgsekw/Build/Intermediates.noindex/ArchiveIntermediates/SleepCycle/IntermediateBuildFilesPath/ExplicitPrecompiledModules/Security-E5PEG53MR82GJ6V0O0FU6WKJQ.scan
    cd /
    builtin-precompileModule /Users/runner/Library/Developer/Xcode/DerivedData/SleepCycle-cbzxdwygtqvxpycjunkumnsgsekw/Build/Intermediates.noindex/ArchiveIntermediates/SleepCycle/IntermediateBuildFilesPath/ExplicitPrecompiledModules/Security-E5PEG53MR82GJ6V0O0FU6WKJQ.scan

PrecompileModule /Users/runner/Library/Developer/Xcode/DerivedData/SleepCycle-cbzxdwygtqvxpycjunkumnsgsekw/Build/Intermediates.noindex/ArchiveIntermediates/SleepCycle/IntermediateBuildFilesPath/ExplicitPrecompiledModules/CoreGraphics-4HX3VLD2BCIFJAVEBS6E6H2SE.scan
    cd /
    builtin-precompileModule /Users/runner/Library/Developer/Xcode/DerivedData/SleepCycle-cbzxdwygtqvxpycjunkumnsgsekw/Build/Intermediates.noindex/ArchiveIntermediates/SleepCycle/IntermediateBuildFilesPath/ExplicitPrecompiledModules/CoreGraphics-4HX3VLD2BCIFJAVEBS6E6H2SE.scan

PrecompileModule /Users/runner/Library/Developer/Xcode/DerivedData/SleepCycle-cbzxdwygtqvxpycjunkumnsgsekw/Build/Intermediates.noindex/ArchiveIntermediates/SleepCycle/IntermediateBuildFilesPath/ExplicitPrecompiledModules/CFNetwork-DU7WQSPLGLEN1AJMD27BJNGPX.scan
    cd /
    builtin-precompileModule /Users/runner/Library/Developer/Xcode/DerivedData/SleepCycle-cbzxdwygtqvxpycjunkumnsgsekw/Build/Intermediates.noindex/ArchiveIntermediates/SleepCycle/IntermediateBuildFilesPath/ExplicitPrecompiledModules/CFNetwork-DU7WQSPLGLEN1AJMD27BJNGPX.scan

PrecompileModule /Users/runner/Library/Developer/Xcode/DerivedData/SleepCycle-cbzxdwygtqvxpycjunkumnsgsekw/Build/Intermediates.noindex/ArchiveIntermediates/SleepCycle/IntermediateBuildFilesPath/ExplicitPrecompiledModules/Foundation-BWAUVB5BLBWZFSKIF3K93Q7AS.scan
    cd /
    builtin-precompileModule /Users/runner/Library/Developer/Xcode/DerivedData/SleepCycle-cbzxdwygtqvxpycjunkumnsgsekw/Build/Intermediates.noindex/ArchiveIntermediates/SleepCycle/IntermediateBuildFilesPath/ExplicitPrecompiledModules/Foundation-BWAUVB5BLBWZFSKIF3K93Q7AS.scan

PrecompileModule /Users/runner/Library/Developer/Xcode/DerivedData/SleepCycle-cbzxdwygtqvxpycjunkumnsgsekw/Build/Intermediates.noindex/ArchiveIntermediates/SleepCycle/IntermediateBuildFilesPath/ExplicitPrecompiledModules/ImageIO-ICV9OPM5VPG7YHOV5QRSFC3O.scan
    cd /
    builtin-precompileModule /Users/runner/Library/Developer/Xcode/DerivedData/SleepCycle-cbzxdwygtqvxpycjunkumnsgsekw/Build/Intermediates.noindex/ArchiveIntermediates/SleepCycle/IntermediateBuildFilesPath/ExplicitPrecompiledModules/ImageIO-ICV9OPM5VPG7YHOV5QRSFC3O.scan

PrecompileModule /Users/runner/Library/Developer/Xcode/DerivedData/SleepCycle-cbzxdwygtqvxpycjunkumnsgsekw/Build/Intermediates.noindex/ArchiveIntermediates/SleepCycle/IntermediateBuildFilesPath/ExplicitPrecompiledModules/CoreText-AAMUC1ZJ9IGN9O4J67T63WRJY.scan
    cd /
    builtin-precompileModule /Users/runner/Library/Developer/Xcode/DerivedData/SleepCycle-cbzxdwygtqvxpycjunkumnsgsekw/Build/Intermediates.noindex/ArchiveIntermediates/SleepCycle/IntermediateBuildFilesPath/ExplicitPrecompiledModules/CoreText-AAMUC1ZJ9IGN9O4J67T63WRJY.scan

PrecompileModule /Users/runner/Library/Developer/Xcode/DerivedData/SleepCycle-cbzxdwygtqvxpycjunkumnsgsekw/Build/Intermediates.noindex/ArchiveIntermediates/SleepCycle/IntermediateBuildFilesPath/ExplicitPrecompiledModules/UserNotifications-1SEOLW6DOTMMLD6PEATOIZAZN.scan
    cd /
    builtin-precompileModule /Users/runner/Library/Developer/Xcode/DerivedData/SleepCycle-cbzxdwygtqvxpycjunkumnsgsekw/Build/Intermediates.noindex/ArchiveIntermediates/SleepCycle/IntermediateBuildFilesPath/ExplicitPrecompiledModules/UserNotifications-1SEOLW6DOTMMLD6PEATOIZAZN.scan

CompileC /Users/runner/Library/Developer/Xcode/DerivedData/SleepCycle-cbzxdwygtqvxpycjunkumnsgsekw/Build/Intermediates.noindex/ArchiveIntermediates/SleepCycle/IntermediateBuildFilesPath/Pods.build/Release-iphoneos/Pods-SleepCycle.build/Objects-normal/arm64/Pods-SleepCycle-dummy.o /Users/runner/work/SleepCycle/SleepCycle/Pods/Target\ Support\ Files/Pods-SleepCycle/Pods-SleepCycle-dummy.m normal arm64 objective-c com.apple.compilers.llvm.clang.1_0.compiler (in target 'Pods-SleepCycle' from project 'Pods')
    cd /Users/runner/work/SleepCycle/SleepCycle/Pods
    
    Using response file: /Users/runner/Library/Developer/Xcode/DerivedData/SleepCycle-cbzxdwygtqvxpycjunkumnsgsekw/Build/Intermediates.noindex/ArchiveIntermediates/SleepCycle/IntermediateBuildFilesPath/Pods.build/Release-iphoneos/Pods-SleepCycle.build/Objects-normal/arm64/e6072d4f65d7061329687fe24e3d63a7-common-args.resp
    
    /Applications/Xcode_26.3.app/Contents/Developer/Toolchains/XcodeDefault.xctoolchain/usr/bin/clang -x objective-c -ivfsstatcache /Users/runner/Library/Developer/Xcode/DerivedData/SDKStatCaches.noindex/iphoneos26.2-23C57-dc75598d0054f22ec865fa860f139d722dd23b4ebda140f7210d155ff1243552.sdkstatcache -fmessage-length\=0 -fdiagnostics-show-note-include-stack -fmacro-backtrace-limit\=0 -fno-color-diagnostics -fmodules-prune-interval\=86400 -fmodules-prune-after\=345600 -fbuild-session-file\=/Users/runner/Library/Developer/Xcode/DerivedData/ModuleCache.noindex/Session.modulevalidation -fmodules-validate-once-per-build-session -Wnon-modular-include-in-framework-module -Werror\=non-modular-include-in-framework-module -Wno-trigraphs -Wno-missing-field-initializers -Wno-missing-prototypes -Werror\=return-type -Wdocumentation -Wunreachable-code -Wno-implicit-atomic-properties -Werror\=deprecated-objc-isa-usage -Wno-objc-interface-ivars -Werror\=objc-root-class -Wno-arc-repeated-use-of-weak -Wimplicit-retain-self -Wduplicate-method-match -Wno-missing-braces -Wparentheses -Wswitch -Wunused-function -Wno-unused-label -Wno-unused-parameter -Wunused-variable -Wunused-value -Wempty-body -Wuninitialized -Wconditional-uninitialized -Wno-unknown-pragmas -Wno-shadow -Wno-four-char-constants -Wno-conversion -Wconstant-conversion -Wint-conversion -Wbool-conversion -Wenum-conversion -Wno-float-conversion -Wnon-literal-null-conversion -Wobjc-literal-conversion -Wshorten-64-to-32 -Wpointer-sign -Wno-newline-eof -Wno-selector -Wno-strict-selector-match -Wundeclared-selector -Wdeprecated-implementations -Wno-implicit-fallthrough -fstrict-aliasing -Wprotocol -Wdeprecated-declarations -Wno-sign-conversion -Winfinite-recursion -Wcomma -Wblock-capture-autoreleasing -Wstrict-prototypes -Wno-semicolon-before-method-body -Wunguarded-availability @/Users/runner/Library/Developer/Xcode/DerivedData/SleepCycle-cbzxdwygtqvxpycjunkumnsgsekw/Build/Intermediates.noindex/ArchiveIntermediates/SleepCycle/IntermediateBuildFilesPath/Pods.build/Release-iphoneos/Pods-SleepCycle.build/Objects-normal/arm64/e6072d4f65d7061329687fe24e3d63a7-common-args.resp -MMD -MT dependencies -MF /Users/runner/Library/Developer/Xcode/DerivedData/SleepCycle-cbzxdwygtqvxpycjunkumnsgsekw/Build/Intermediates.noindex/ArchiveIntermediates/SleepCycle/IntermediateBuildFilesPath/Pods.build/Release-iphoneos/Pods-SleepCycle.build/Objects-normal/arm64/Pods-SleepCycle-dummy.d --serialize-diagnostics /Users/runner/Library/Developer/Xcode/DerivedData/SleepCycle-cbzxdwygtqvxpycjunkumnsgsekw/Build/Intermediates.noindex/ArchiveIntermediates/SleepCycle/IntermediateBuildFilesPath/Pods.build/Release-iphoneos/Pods-SleepCycle.build/Objects-normal/arm64/Pods-SleepCycle-dummy.dia -c /Users/runner/work/SleepCycle/SleepCycle/Pods/Target\ Support\ Files/Pods-SleepCycle/Pods-SleepCycle-dummy.m -o /Users/runner/Library/Developer/Xcode/DerivedData/SleepCycle-cbzxdwygtqvxpycjunkumnsgsekw/Build/Intermediates.noindex/ArchiveIntermediates/SleepCycle/IntermediateBuildFilesPath/Pods.build/Release-iphoneos/Pods-SleepCycle.build/Objects-normal/arm64/Pods-SleepCycle-dummy.o

PrecompileModule /Users/runner/Library/Developer/Xcode/DerivedData/SleepCycle-cbzxdwygtqvxpycjunkumnsgsekw/Build/Intermediates.noindex/ArchiveIntermediates/SleepCycle/IntermediateBuildFilesPath/ExplicitPrecompiledModules/UIUtilities-1U6KFNX8OQQ4IIVJSBR4WUUBF.scan
    cd /
    builtin-precompileModule /Users/runner/Library/Developer/Xcode/DerivedData/SleepCycle-cbzxdwygtqvxpycjunkumnsgsekw/Build/Intermediates.noindex/ArchiveIntermediates/SleepCycle/IntermediateBuildFilesPath/ExplicitPrecompiledModules/UIUtilities-1U6KFNX8OQQ4IIVJSBR4WUUBF.scan

PrecompileModule /Users/runner/Library/Developer/Xcode/DerivedData/SleepCycle-cbzxdwygtqvxpycjunkumnsgsekw/Build/Intermediates.noindex/ArchiveIntermediates/SleepCycle/IntermediateBuildFilesPath/ExplicitPrecompiledModules/FileProvider-4FOQWTOFK80NQWBPKDXF6QIZE.scan
    cd /
    builtin-precompileModule /Users/runner/Library/Developer/Xcode/DerivedData/SleepCycle-cbzxdwygtqvxpycjunkumnsgsekw/Build/Intermediates.noindex/ArchiveIntermediates/SleepCycle/IntermediateBuildFilesPath/ExplicitPrecompiledModules/FileProvider-4FOQWTOFK80NQWBPKDXF6QIZE.scan

PrecompileModule /Users/runner/Library/Developer/Xcode/DerivedData/SleepCycle-cbzxdwygtqvxpycjunkumnsgsekw/Build/Intermediates.noindex/ArchiveIntermediates/SleepCycle/IntermediateBuildFilesPath/ExplicitPrecompiledModules/Symbols-EL7UORSER18RXDK736NCKDZJ4.scan
    cd /
    builtin-precompileModule /Users/runner/Library/Developer/Xcode/DerivedData/SleepCycle-cbzxdwygtqvxpycjunkumnsgsekw/Build/Intermediates.noindex/ArchiveIntermediates/SleepCycle/IntermediateBuildFilesPath/ExplicitPrecompiledModules/Symbols-EL7UORSER18RXDK736NCKDZJ4.scan

PrecompileModule /Users/runner/Library/Developer/Xcode/DerivedData/SleepCycle-cbzxdwygtqvxpycjunkumnsgsekw/Build/Intermediates.noindex/ArchiveIntermediates/SleepCycle/IntermediateBuildFilesPath/ExplicitPrecompiledModules/IOSurface-2MB34XNVGKTTHPQXZS9YUXPTJ.scan
    cd /
    builtin-precompileModule /Users/runner/Library/Developer/Xcode/DerivedData/SleepCycle-cbzxdwygtqvxpycjunkumnsgsekw/Build/Intermediates.noindex/ArchiveIntermediates/SleepCycle/IntermediateBuildFilesPath/ExplicitPrecompiledModules/IOSurface-2MB34XNVGKTTHPQXZS9YUXPTJ.scan

PrecompileModule /Users/runner/Library/Developer/Xcode/DerivedData/SleepCycle-cbzxdwygtqvxpycjunkumnsgsekw/Build/Intermediates.noindex/ArchiveIntermediates/SleepCycle/IntermediateBuildFilesPath/ExplicitPrecompiledModules/OpenGLES-CLQ9VZ1SRPQCX9Z2DU766VDA3.scan
    cd /
    builtin-precompileModule /Users/runner/Library/Developer/Xcode/DerivedData/SleepCycle-cbzxdwygtqvxpycjunkumnsgsekw/Build/Intermediates.noindex/ArchiveIntermediates/SleepCycle/IntermediateBuildFilesPath/ExplicitPrecompiledModules/OpenGLES-CLQ9VZ1SRPQCX9Z2DU766VDA3.scan

PrecompileModule /Users/runner/Library/Developer/Xcode/DerivedData/SleepCycle-cbzxdwygtqvxpycjunkumnsgsekw/Build/Intermediates.noindex/ArchiveIntermediates/SleepCycle/IntermediateBuildFilesPath/ExplicitPrecompiledModules/Metal-8UMPUNB3VZEF9BE5ST9MLPJHG.scan
    cd /
    builtin-precompileModule /Users/runner/Library/Developer/Xcode/DerivedData/SleepCycle-cbzxdwygtqvxpycjunkumnsgsekw/Build/Intermediates.noindex/ArchiveIntermediates/SleepCycle/IntermediateBuildFilesPath/ExplicitPrecompiledModules/Metal-8UMPUNB3VZEF9BE5ST9MLPJHG.scan

PrecompileModule /Users/runner/Library/Developer/Xcode/DerivedData/SleepCycle-cbzxdwygtqvxpycjunkumnsgsekw/Build/Intermediates.noindex/ArchiveIntermediates/SleepCycle/IntermediateBuildFilesPath/ExplicitPrecompiledModules/CoreVideo-CLY9G41S0KN7GU73O64LRWGW6.scan
    cd /
    builtin-precompileModule /Users/runner/Library/Developer/Xcode/DerivedData/SleepCycle-cbzxdwygtqvxpycjunkumnsgsekw/Build/Intermediates.noindex/ArchiveIntermediates/SleepCycle/IntermediateBuildFilesPath/ExplicitPrecompiledModules/CoreVideo-CLY9G41S0KN7GU73O64LRWGW6.scan

PrecompileModule /Users/runner/Library/Developer/Xcode/DerivedData/SleepCycle-cbzxdwygtqvxpycjunkumnsgsekw/Build/Intermediates.noindex/ArchiveIntermediates/SleepCycle/IntermediateBuildFilesPath/ExplicitPrecompiledModules/QuartzCore-599YO9KI1A065E8QZ0PD5I23H.scan
    cd /
    builtin-precompileModule /Users/runner/Library/Developer/Xcode/DerivedData/SleepCycle-cbzxdwygtqvxpycjunkumnsgsekw/Build/Intermediates.noindex/ArchiveIntermediates/SleepCycle/IntermediateBuildFilesPath/ExplicitPrecompiledModules/QuartzCore-599YO9KI1A065E8QZ0PD5I23H.scan

PrecompileModule /Users/runner/Library/Developer/Xcode/DerivedData/SleepCycle-cbzxdwygtqvxpycjunkumnsgsekw/Build/Intermediates.noindex/ArchiveIntermediates/SleepCycle/IntermediateBuildFilesPath/ExplicitPrecompiledModules/CoreImage-9G4B2G57PG9LJ7GH3JMFNEZ51.scan
    cd /
    builtin-precompileModule /Users/runner/Library/Developer/Xcode/DerivedData/SleepCycle-cbzxdwygtqvxpycjunkumnsgsekw/Build/Intermediates.noindex/ArchiveIntermediates/SleepCycle/IntermediateBuildFilesPath/ExplicitPrecompiledModules/CoreImage-9G4B2G57PG9LJ7GH3JMFNEZ51.scan

PrecompileModule /Users/runner/Library/Developer/Xcode/DerivedData/SleepCycle-cbzxdwygtqvxpycjunkumnsgsekw/Build/Intermediates.noindex/ArchiveIntermediates/SleepCycle/IntermediateBuildFilesPath/ExplicitPrecompiledModules/UIKit-8KCT94RJZ43HT69UYMOXPL4KM.scan
    cd /
    builtin-precompileModule /Users/runner/Library/Developer/Xcode/DerivedData/SleepCycle-cbzxdwygtqvxpycjunkumnsgsekw/Build/Intermediates.noindex/ArchiveIntermediates/SleepCycle/IntermediateBuildFilesPath/ExplicitPrecompiledModules/UIKit-8KCT94RJZ43HT69UYMOXPL4KM.scan

CompileC /Users/runner/Library/Developer/Xcode/DerivedData/SleepCycle-cbzxdwygtqvxpycjunkumnsgsekw/Build/Intermediates.noindex/ArchiveIntermediates/SleepCycle/IntermediateBuildFilesPath/Pods.build/Release-iphoneos/SubscriptionKit.build/Objects-normal/arm64/SubscriptionKit-dummy.o /Users/runner/work/SleepCycle/SleepCycle/Pods/Target\ Support\ Files/SubscriptionKit/SubscriptionKit-dummy.m normal arm64 objective-c com.apple.compilers.llvm.clang.1_0.compiler (in target 'SubscriptionKit' from project 'Pods')
    cd /Users/runner/work/SleepCycle/SleepCycle/Pods
    
    Using response file: /Users/runner/Library/Developer/Xcode/DerivedData/SleepCycle-cbzxdwygtqvxpycjunkumnsgsekw/Build/Intermediates.noindex/ArchiveIntermediates/SleepCycle/IntermediateBuildFilesPath/Pods.build/Release-iphoneos/SubscriptionKit.build/Objects-normal/arm64/e6072d4f65d7061329687fe24e3d63a7-common-args.resp
    
    /Applications/Xcode_26.3.app/Contents/Developer/Toolchains/XcodeDefault.xctoolchain/usr/bin/clang -x objective-c -ivfsstatcache /Users/runner/Library/Developer/Xcode/DerivedData/SDKStatCaches.noindex/iphoneos26.2-23C57-dc75598d0054f22ec865fa860f139d722dd23b4ebda140f7210d155ff1243552.sdkstatcache -fmessage-length\=0 -fdiagnostics-show-note-include-stack -fmacro-backtrace-limit\=0 -fno-color-diagnostics -fmodules-prune-interval\=86400 -fmodules-prune-after\=345600 -fbuild-session-file\=/Users/runner/Library/Developer/Xcode/DerivedData/ModuleCache.noindex/Session.modulevalidation -fmodules-validate-once-per-build-session -Wnon-modular-include-in-framework-module -Werror\=non-modular-include-in-framework-module -Wno-trigraphs -Wno-missing-field-initializers -Wno-missing-prototypes -Werror\=return-type -Wdocumentation -Wunreachable-code -Wno-implicit-atomic-properties -Werror\=deprecated-objc-isa-usage -Wno-objc-interface-ivars -Werror\=objc-root-class -Wno-arc-repeated-use-of-weak -Wimplicit-retain-self -Wduplicate-method-match -Wno-missing-braces -Wparentheses -Wswitch -Wunused-function -Wno-unused-label -Wno-unused-parameter -Wunused-variable -Wunused-value -Wempty-body -Wuninitialized -Wconditional-uninitialized -Wno-unknown-pragmas -Wno-shadow -Wno-four-char-constants -Wno-conversion -Wconstant-conversion -Wint-conversion -Wbool-conversion -Wenum-conversion -Wno-float-conversion -Wnon-literal-null-conversion -Wobjc-literal-conversion -Wshorten-64-to-32 -Wpointer-sign -Wno-newline-eof -Wno-selector -Wno-strict-selector-match -Wundeclared-selector -Wdeprecated-implementations -Wno-implicit-fallthrough -fstrict-aliasing -Wprotocol -Wdeprecated-declarations -Wno-sign-conversion -Winfinite-recursion -Wcomma -Wblock-capture-autoreleasing -Wstrict-prototypes -Wno-semicolon-before-method-body -Wunguarded-availability @/Users/runner/Library/Developer/Xcode/DerivedData/SleepCycle-cbzxdwygtqvxpycjunkumnsgsekw/Build/Intermediates.noindex/ArchiveIntermediates/SleepCycle/IntermediateBuildFilesPath/Pods.build/Release-iphoneos/SubscriptionKit.build/Objects-normal/arm64/e6072d4f65d7061329687fe24e3d63a7-common-args.resp -include /Users/runner/work/SleepCycle/SleepCycle/Pods/Target\ Support\ Files/SubscriptionKit/SubscriptionKit-prefix.pch -MMD -MT dependencies -MF /Users/runner/Library/Developer/Xcode/DerivedData/SleepCycle-cbzxdwygtqvxpycjunkumnsgsekw/Build/Intermediates.noindex/ArchiveIntermediates/SleepCycle/IntermediateBuildFilesPath/Pods.build/Release-iphoneos/SubscriptionKit.build/Objects-normal/arm64/SubscriptionKit-dummy.d --serialize-diagnostics /Users/runner/Library/Developer/Xcode/DerivedData/SleepCycle-cbzxdwygtqvxpycjunkumnsgsekw/Build/Intermediates.noindex/ArchiveIntermediates/SleepCycle/IntermediateBuildFilesPath/Pods.build/Release-iphoneos/SubscriptionKit.build/Objects-normal/arm64/SubscriptionKit-dummy.dia -c /Users/runner/work/SleepCycle/SleepCycle/Pods/Target\ Support\ Files/SubscriptionKit/SubscriptionKit-dummy.m -o /Users/runner/Library/Developer/Xcode/DerivedData/SleepCycle-cbzxdwygtqvxpycjunkumnsgsekw/Build/Intermediates.noindex/ArchiveIntermediates/SleepCycle/IntermediateBuildFilesPath/Pods.build/Release-iphoneos/SubscriptionKit.build/Objects-normal/arm64/SubscriptionKit-dummy.o

Libtool /Users/runner/Library/Developer/Xcode/DerivedData/SleepCycle-cbzxdwygtqvxpycjunkumnsgsekw/Build/Intermediates.noindex/ArchiveIntermediates/SleepCycle/IntermediateBuildFilesPath/UninstalledProducts/iphoneos/SubscriptionKit.framework/SubscriptionKit normal (in target 'SubscriptionKit' from project 'Pods')
    cd /Users/runner/work/SleepCycle/SleepCycle/Pods
    /Applications/Xcode_26.3.app/Contents/Developer/Toolchains/XcodeDefault.xctoolchain/usr/bin/libtool -static -arch_only arm64 -D -syslibroot /Applications/Xcode_26.3.app/Contents/Developer/Platforms/iPhoneOS.platform/Developer/SDKs/iPhoneOS26.2.sdk -L/Users/runner/Library/Developer/Xcode/DerivedData/SleepCycle-cbzxdwygtqvxpycjunkumnsgsekw/Build/Intermediates.noindex/ArchiveIntermediates/SleepCycle/BuildProductsPath/Release-iphoneos/SubscriptionKit -filelist /Users/runner/Library/Developer/Xcode/DerivedData/SleepCycle-cbzxdwygtqvxpycjunkumnsgsekw/Build/Intermediates.noindex/ArchiveIntermediates/SleepCycle/IntermediateBuildFilesPath/Pods.build/Release-iphoneos/SubscriptionKit.build/Objects-normal/arm64/SubscriptionKit.LinkFileList -framework Foundation -dependency_info /Users/runner/Library/Developer/Xcode/DerivedData/SleepCycle-cbzxdwygtqvxpycjunkumnsgsekw/Build/Intermediates.noindex/ArchiveIntermediates/SleepCycle/IntermediateBuildFilesPath/Pods.build/Release-iphoneos/SubscriptionKit.build/Objects-normal/arm64/SubscriptionKit_libtool_dependency_info.dat -o /Users/runner/Library/Developer/Xcode/DerivedData/SleepCycle-cbzxdwygtqvxpycjunkumnsgsekw/Build/Intermediates.noindex/ArchiveIntermediates/SleepCycle/IntermediateBuildFilesPath/UninstalledProducts/iphoneos/SubscriptionKit.framework/SubscriptionKit

ExtractAppIntentsMetadata (in target 'SubscriptionKit' from project 'Pods')
    cd /Users/runner/work/SleepCycle/SleepCycle/Pods
    /Applications/Xcode_26.3.app/Contents/Developer/Toolchains/XcodeDefault.xctoolchain/usr/bin/appintentsmetadataprocessor --toolchain-dir /var/run/com.apple.security.cryptexd/mnt/com.apple.MobileAsset.MetalToolchain-v17.3.7003.10.4htshh/Metal.xctoolchain --module-name SubscriptionKit --sdk-root /Applications/Xcode_26.3.app/Contents/Developer/Platforms/iPhoneOS.platform/Developer/SDKs/iPhoneOS26.2.sdk --xcode-version 17C529 --platform-family iOS --deployment-target 15.0 --bundle-identifier com.yourcompany.guisubscriptionkit --output /Users/runner/Library/Developer/Xcode/DerivedData/SleepCycle-cbzxdwygtqvxpycjunkumnsgsekw/Build/Intermediates.noindex/ArchiveIntermediates/SleepCycle/IntermediateBuildFilesPath/UninstalledProducts/iphoneos/SubscriptionKit.appintents --target-triple arm64-apple-ios15.0 --binary-file /Users/runner/Library/Developer/Xcode/DerivedData/SleepCycle-cbzxdwygtqvxpycjunkumnsgsekw/Build/Intermediates.noindex/ArchiveIntermediates/SleepCycle/IntermediateBuildFilesPath/UninstalledProducts/iphoneos/SubscriptionKit.framework/SubscriptionKit --dependency-file /Users/runner/Library/Developer/Xcode/DerivedData/SleepCycle-cbzxdwygtqvxpycjunkumnsgsekw/Build/Intermediates.noindex/ArchiveIntermediates/SleepCycle/IntermediateBuildFilesPath/Pods.build/Release-iphoneos/SubscriptionKit.build/Objects-normal/arm64/SubscriptionKit_libtool_dependency_info.dat --stringsdata-file /Users/runner/Library/Developer/Xcode/DerivedData/SleepCycle-cbzxdwygtqvxpycjunkumnsgsekw/Build/Intermediates.noindex/ArchiveIntermediates/SleepCycle/IntermediateBuildFilesPath/Pods.build/Release-iphoneos/SubscriptionKit.build/Objects-normal/arm64/ExtractedAppShortcutsMetadata.stringsdata --source-file-list /Users/runner/Library/Developer/Xcode/DerivedData/SleepCycle-cbzxdwygtqvxpycjunkumnsgsekw/Build/Intermediates.noindex/ArchiveIntermediates/SleepCycle/IntermediateBuildFilesPath/Pods.build/Release-iphoneos/SubscriptionKit.build/Objects-normal/arm64/SubscriptionKit.SwiftFileList --metadata-file-list /Users/runner/Library/Developer/Xcode/DerivedData/SleepCycle-cbzxdwygtqvxpycjunkumnsgsekw/Build/Intermediates.noindex/ArchiveIntermediates/SleepCycle/IntermediateBuildFilesPath/Pods.build/Release-iphoneos/SubscriptionKit.build/SubscriptionKit.DependencyMetadataFileList --static-metadata-file-list /Users/runner/Library/Developer/Xcode/DerivedData/SleepCycle-cbzxdwygtqvxpycjunkumnsgsekw/Build/Intermediates.noindex/ArchiveIntermediates/SleepCycle/IntermediateBuildFilesPath/Pods.build/Release-iphoneos/SubscriptionKit.build/SubscriptionKit.DependencyStaticMetadataFileList --swift-const-vals-list /Users/runner/Library/Developer/Xcode/DerivedData/SleepCycle-cbzxdwygtqvxpycjunkumnsgsekw/Build/Intermediates.noindex/ArchiveIntermediates/SleepCycle/IntermediateBuildFilesPath/Pods.build/Release-iphoneos/SubscriptionKit.build/Objects-normal/arm64/SubscriptionKit.SwiftConstValuesFileList --force --compile-time-extraction --deployment-aware-processing --validate-assistant-intents --no-app-shortcuts-localization
2026-09-24 09:29:52.390 appintentsmetadataprocessor[5854:21432] Starting appintentsmetadataprocessor export
2026-09-24 09:29:52.479 appintentsmetadataprocessor[5854:21432] Extracted no relevant App Intents symbols, skipping writing output

SetOwnerAndGroup runner:staff /Users/runner/Library/Developer/Xcode/DerivedData/SleepCycle-cbzxdwygtqvxpycjunkumnsgsekw/Build/Intermediates.noindex/ArchiveIntermediates/SleepCycle/IntermediateBuildFilesPath/UninstalledProducts/iphoneos/SubscriptionKit.framework (in target 'SubscriptionKit' from project 'Pods')
    cd /Users/runner/work/SleepCycle/SleepCycle/Pods
    /usr/sbin/chown -RH runner:staff /Users/runner/Library/Developer/Xcode/DerivedData/SleepCycle-cbzxdwygtqvxpycjunkumnsgsekw/Build/Intermediates.noindex/ArchiveIntermediates/SleepCycle/IntermediateBuildFilesPath/UninstalledProducts/iphoneos/SubscriptionKit.framework

SetMode u+w,go-w,a+rX /Users/runner/Library/Developer/Xcode/DerivedData/SleepCycle-cbzxdwygtqvxpycjunkumnsgsekw/Build/Intermediates.noindex/ArchiveIntermediates/SleepCycle/IntermediateBuildFilesPath/UninstalledProducts/iphoneos/SubscriptionKit.framework (in target 'SubscriptionKit' from project 'Pods')
    cd /Users/runner/work/SleepCycle/SleepCycle/Pods
    /bin/chmod -RH u+w,go-w,a+rX /Users/runner/Library/Developer/Xcode/DerivedData/SleepCycle-cbzxdwygtqvxpycjunkumnsgsekw/Build/Intermediates.noindex/ArchiveIntermediates/SleepCycle/IntermediateBuildFilesPath/UninstalledProducts/iphoneos/SubscriptionKit.framework

RegisterExecutionPolicyException /Users/runner/Library/Developer/Xcode/DerivedData/SleepCycle-cbzxdwygtqvxpycjunkumnsgsekw/Build/Intermediates.noindex/ArchiveIntermediates/SleepCycle/IntermediateBuildFilesPath/UninstalledProducts/iphoneos/SubscriptionKit.framework (in target 'SubscriptionKit' from project 'Pods')
    cd /Users/runner/work/SleepCycle/SleepCycle/Pods
    builtin-RegisterExecutionPolicyException /Users/runner/Library/Developer/Xcode/DerivedData/SleepCycle-cbzxdwygtqvxpycjunkumnsgsekw/Build/Intermediates.noindex/ArchiveIntermediates/SleepCycle/IntermediateBuildFilesPath/UninstalledProducts/iphoneos/SubscriptionKit.framework

Touch /Users/runner/Library/Developer/Xcode/DerivedData/SleepCycle-cbzxdwygtqvxpycjunkumnsgsekw/Build/Intermediates.noindex/ArchiveIntermediates/SleepCycle/IntermediateBuildFilesPath/UninstalledProducts/iphoneos/SubscriptionKit.framework (in target 'SubscriptionKit' from project 'Pods')
    cd /Users/runner/work/SleepCycle/SleepCycle/Pods
    /usr/bin/touch -c /Users/runner/Library/Developer/Xcode/DerivedData/SleepCycle-cbzxdwygtqvxpycjunkumnsgsekw/Build/Intermediates.noindex/ArchiveIntermediates/SleepCycle/IntermediateBuildFilesPath/UninstalledProducts/iphoneos/SubscriptionKit.framework

ProcessInfoPlistFile /Users/runner/Library/Developer/Xcode/DerivedData/SleepCycle-cbzxdwygtqvxpycjunkumnsgsekw/Build/Intermediates.noindex/ArchiveIntermediates/SleepCycle/IntermediateBuildFilesPath/UninstalledProducts/iphoneos/Pods_SleepCycle.framework/Info.plist /Users/runner/work/SleepCycle/SleepCycle/Pods/Target\ Support\ Files/Pods-SleepCycle/Pods-SleepCycle-Info.plist (in target 'Pods-SleepCycle' from project 'Pods')
    cd /Users/runner/work/SleepCycle/SleepCycle/Pods
    builtin-infoPlistUtility /Users/runner/work/SleepCycle/SleepCycle/Pods/Target\ Support\ Files/Pods-SleepCycle/Pods-SleepCycle-Info.plist -producttype com.apple.product-type.framework -expandbuildsettings -format binary -platform iphoneos -requiredArchitecture arm64 -o /Users/runner/Library/Developer/Xcode/DerivedData/SleepCycle-cbzxdwygtqvxpycjunkumnsgsekw/Build/Intermediates.noindex/ArchiveIntermediates/SleepCycle/IntermediateBuildFilesPath/UninstalledProducts/iphoneos/Pods_SleepCycle.framework/Info.plist

Libtool /Users/runner/Library/Developer/Xcode/DerivedData/SleepCycle-cbzxdwygtqvxpycjunkumnsgsekw/Build/Intermediates.noindex/ArchiveIntermediates/SleepCycle/IntermediateBuildFilesPath/UninstalledProducts/iphoneos/Pods_SleepCycle.framework/Pods_SleepCycle normal (in target 'Pods-SleepCycle' from project 'Pods')
    cd /Users/runner/work/SleepCycle/SleepCycle/Pods
    /Applications/Xcode_26.3.app/Contents/Developer/Toolchains/XcodeDefault.xctoolchain/usr/bin/libtool -static -arch_only arm64 -D -syslibroot /Applications/Xcode_26.3.app/Contents/Developer/Platforms/iPhoneOS.platform/Developer/SDKs/iPhoneOS26.2.sdk -L/Users/runner/Library/Developer/Xcode/DerivedData/SleepCycle-cbzxdwygtqvxpycjunkumnsgsekw/Build/Intermediates.noindex/ArchiveIntermediates/SleepCycle/BuildProductsPath/Release-iphoneos -L/var/run/com.apple.security.cryptexd/mnt/com.apple.MobileAsset.MetalToolchain-v17.3.7003.10.4htshh/Metal.xctoolchain/usr/lib/swift/iphoneos -L/Applications/Xcode_26.3.app/Contents/Developer/Platforms/iPhoneOS.platform/Developer/SDKs/iPhoneOS26.2.sdk/usr/lib/swift -filelist /Users/runner/Library/Developer/Xcode/DerivedData/SleepCycle-cbzxdwygtqvxpycjunkumnsgsekw/Build/Intermediates.noindex/ArchiveIntermediates/SleepCycle/IntermediateBuildFilesPath/Pods.build/Release-iphoneos/Pods-SleepCycle.build/Objects-normal/arm64/Pods_SleepCycle.LinkFileList -framework Foundation -dependency_info /Users/runner/Library/Developer/Xcode/DerivedData/SleepCycle-cbzxdwygtqvxpycjunkumnsgsekw/Build/Intermediates.noindex/ArchiveIntermediates/SleepCycle/IntermediateBuildFilesPath/Pods.build/Release-iphoneos/Pods-SleepCycle.build/Objects-normal/arm64/Pods_SleepCycle_libtool_dependency_info.dat -o /Users/runner/Library/Developer/Xcode/DerivedData/SleepCycle-cbzxdwygtqvxpycjunkumnsgsekw/Build/Intermediates.noindex/ArchiveIntermediates/SleepCycle/IntermediateBuildFilesPath/UninstalledProducts/iphoneos/Pods_SleepCycle.framework/Pods_SleepCycle

SetOwnerAndGroup runner:staff /Users/runner/Library/Developer/Xcode/DerivedData/SleepCycle-cbzxdwygtqvxpycjunkumnsgsekw/Build/Intermediates.noindex/ArchiveIntermediates/SleepCycle/IntermediateBuildFilesPath/UninstalledProducts/iphoneos/Pods_SleepCycle.framework (in target 'Pods-SleepCycle' from project 'Pods')
    cd /Users/runner/work/SleepCycle/SleepCycle/Pods
    /usr/sbin/chown -RH runner:staff /Users/runner/Library/Developer/Xcode/DerivedData/SleepCycle-cbzxdwygtqvxpycjunkumnsgsekw/Build/Intermediates.noindex/ArchiveIntermediates/SleepCycle/IntermediateBuildFilesPath/UninstalledProducts/iphoneos/Pods_SleepCycle.framework

SetMode u+w,go-w,a+rX /Users/runner/Library/Developer/Xcode/DerivedData/SleepCycle-cbzxdwygtqvxpycjunkumnsgsekw/Build/Intermediates.noindex/ArchiveIntermediates/SleepCycle/IntermediateBuildFilesPath/UninstalledProducts/iphoneos/Pods_SleepCycle.framework (in target 'Pods-SleepCycle' from project 'Pods')
    cd /Users/runner/work/SleepCycle/SleepCycle/Pods
    /bin/chmod -RH u+w,go-w,a+rX /Users/runner/Library/Developer/Xcode/DerivedData/SleepCycle-cbzxdwygtqvxpycjunkumnsgsekw/Build/Intermediates.noindex/ArchiveIntermediates/SleepCycle/IntermediateBuildFilesPath/UninstalledProducts/iphoneos/Pods_SleepCycle.framework

RegisterExecutionPolicyException /Users/runner/Library/Developer/Xcode/DerivedData/SleepCycle-cbzxdwygtqvxpycjunkumnsgsekw/Build/Intermediates.noindex/ArchiveIntermediates/SleepCycle/IntermediateBuildFilesPath/UninstalledProducts/iphoneos/Pods_SleepCycle.framework (in target 'Pods-SleepCycle' from project 'Pods')
    cd /Users/runner/work/SleepCycle/SleepCycle/Pods
    builtin-RegisterExecutionPolicyException /Users/runner/Library/Developer/Xcode/DerivedData/SleepCycle-cbzxdwygtqvxpycjunkumnsgsekw/Build/Intermediates.noindex/ArchiveIntermediates/SleepCycle/IntermediateBuildFilesPath/UninstalledProducts/iphoneos/Pods_SleepCycle.framework

Touch /Users/runner/Library/Developer/Xcode/DerivedData/SleepCycle-cbzxdwygtqvxpycjunkumnsgsekw/Build/Intermediates.noindex/ArchiveIntermediates/SleepCycle/IntermediateBuildFilesPath/UninstalledProducts/iphoneos/Pods_SleepCycle.framework (in target 'Pods-SleepCycle' from project 'Pods')
    cd /Users/runner/work/SleepCycle/SleepCycle/Pods
    /usr/bin/touch -c /Users/runner/Library/Developer/Xcode/DerivedData/SleepCycle-cbzxdwygtqvxpycjunkumnsgsekw/Build/Intermediates.noindex/ArchiveIntermediates/SleepCycle/IntermediateBuildFilesPath/UninstalledProducts/iphoneos/Pods_SleepCycle.framework

PhaseScriptExecution [CP]\ Check\ Pods\ Manifest.lock /Users/runner/Library/Developer/Xcode/DerivedData/SleepCycle-cbzxdwygtqvxpycjunkumnsgsekw/Build/Intermediates.noindex/ArchiveIntermediates/SleepCycle/IntermediateBuildFilesPath/SleepCycle.build/Release-iphoneos/SleepCycle.build/Script-1121AD083FC2B88BBC6590D3.sh (in target 'SleepCycle' from project 'SleepCycle')
    cd /Users/runner/work/SleepCycle/SleepCycle
    /bin/sh -c /Users/runner/Library/Developer/Xcode/DerivedData/SleepCycle-cbzxdwygtqvxpycjunkumnsgsekw/Build/Intermediates.noindex/ArchiveIntermediates/SleepCycle/IntermediateBuildFilesPath/SleepCycle.build/Release-iphoneos/SleepCycle.build/Script-1121AD083FC2B88BBC6590D3.sh

GenerateAssetSymbols /Users/runner/work/SleepCycle/SleepCycle/Sources/Resources/Assets.xcassets (in target 'SleepCycle' from project 'SleepCycle')
    cd /Users/runner/work/SleepCycle/SleepCycle
    /Applications/Xcode_26.3.app/Contents/Developer/usr/bin/actool /Users/runner/work/SleepCycle/SleepCycle/Sources/Resources/Assets.xcassets --compile /Users/runner/Library/Developer/Xcode/DerivedData/SleepCycle-cbzxdwygtqvxpycjunkumnsgsekw/Build/Intermediates.noindex/ArchiveIntermediates/SleepCycle/InstallationBuildProductsLocation/Applications/SleepCycle.app --output-format human-readable-text --notices --warnings --export-dependency-info /Users/runner/Library/Developer/Xcode/DerivedData/SleepCycle-cbzxdwygtqvxpycjunkumnsgsekw/Build/Intermediates.noindex/ArchiveIntermediates/SleepCycle/IntermediateBuildFilesPath/SleepCycle.build/Release-iphoneos/SleepCycle.build/assetcatalog_dependencies --output-partial-info-plist /Users/runner/Library/Developer/Xcode/DerivedData/SleepCycle-cbzxdwygtqvxpycjunkumnsgsekw/Build/Intermediates.noindex/ArchiveIntermediates/SleepCycle/IntermediateBuildFilesPath/SleepCycle.build/Release-iphoneos/SleepCycle.build/assetcatalog_generated_info.plist --app-icon AppIcon --compress-pngs --enable-on-demand-resources YES --development-region en --target-device iphone --minimum-deployment-target 16.0 --platform iphoneos --bundle-identifier com.hdweather.sleep.app --generate-swift-asset-symbol-extensions NO --generate-swift-asset-symbols /Users/runner/Library/Developer/Xcode/DerivedData/SleepCycle-cbzxdwygtqvxpycjunkumnsgsekw/Build/Intermediates.noindex/ArchiveIntermediates/SleepCycle/IntermediateBuildFilesPath/SleepCycle.build/Release-iphoneos/SleepCycle.build/DerivedSources/GeneratedAssetSymbols.swift --generate-objc-asset-symbols /Users/runner/Library/Developer/Xcode/DerivedData/SleepCycle-cbzxdwygtqvxpycjunkumnsgsekw/Build/Intermediates.noindex/ArchiveIntermediates/SleepCycle/IntermediateBuildFilesPath/SleepCycle.build/Release-iphoneos/SleepCycle.build/DerivedSources/GeneratedAssetSymbols.h --generate-asset-symbol-index /Users/runner/Library/Developer/Xcode/DerivedData/SleepCycle-cbzxdwygtqvxpycjunkumnsgsekw/Build/Intermediates.noindex/ArchiveIntermediates/SleepCycle/IntermediateBuildFilesPath/SleepCycle.build/Release-iphoneos/SleepCycle.build/DerivedSources/GeneratedAssetSymbols-Index.plist
/* com.apple.actool.compilation-results */
/Users/runner/Library/Developer/Xcode/DerivedData/SleepCycle-cbzxdwygtqvxpycjunkumnsgsekw/Build/Intermediates.noindex/ArchiveIntermediates/SleepCycle/IntermediateBuildFilesPath/SleepCycle.build/Release-iphoneos/SleepCycle.build/DerivedSources/GeneratedAssetSymbols-Index.plist
/Users/runner/Library/Developer/Xcode/DerivedData/SleepCycle-cbzxdwygtqvxpycjunkumnsgsekw/Build/Intermediates.noindex/ArchiveIntermediates/SleepCycle/IntermediateBuildFilesPath/SleepCycle.build/Release-iphoneos/SleepCycle.build/DerivedSources/GeneratedAssetSymbols.h
/Users/runner/Library/Developer/Xcode/DerivedData/SleepCycle-cbzxdwygtqvxpycjunkumnsgsekw/Build/Intermediates.noindex/ArchiveIntermediates/SleepCycle/IntermediateBuildFilesPath/SleepCycle.build/Release-iphoneos/SleepCycle.build/DerivedSources/GeneratedAssetSymbols.swift


MkDir /Users/runner/Library/Developer/Xcode/DerivedData/SleepCycle-cbzxdwygtqvxpycjunkumnsgsekw/Build/Intermediates.noindex/ArchiveIntermediates/SleepCycle/IntermediateBuildFilesPath/SleepCycle.build/Release-iphoneos/SleepCycle.build/assetcatalog_output/thinned (in target 'SleepCycle' from project 'SleepCycle')
    cd /Users/runner/work/SleepCycle/SleepCycle
    /bin/mkdir -p /Users/runner/Library/Developer/Xcode/DerivedData/SleepCycle-cbzxdwygtqvxpycjunkumnsgsekw/Build/Intermediates.noindex/ArchiveIntermediates/SleepCycle/IntermediateBuildFilesPath/SleepCycle.build/Release-iphoneos/SleepCycle.build/assetcatalog_output/thinned

MkDir /Users/runner/Library/Developer/Xcode/DerivedData/SleepCycle-cbzxdwygtqvxpycjunkumnsgsekw/Build/Intermediates.noindex/ArchiveIntermediates/SleepCycle/IntermediateBuildFilesPath/SleepCycle.build/Release-iphoneos/SleepCycle.build/assetcatalog_output/unthinned (in target 'SleepCycle' from project 'SleepCycle')
    cd /Users/runner/work/SleepCycle/SleepCycle
    /bin/mkdir -p /Users/runner/Library/Developer/Xcode/DerivedData/SleepCycle-cbzxdwygtqvxpycjunkumnsgsekw/Build/Intermediates.noindex/ArchiveIntermediates/SleepCycle/IntermediateBuildFilesPath/SleepCycle.build/Release-iphoneos/SleepCycle.build/assetcatalog_output/unthinned

DataModelCompile /Users/runner/Library/Developer/Xcode/DerivedData/SleepCycle-cbzxdwygtqvxpycjunkumnsgsekw/Build/Intermediates.noindex/ArchiveIntermediates/SleepCycle/InstallationBuildProductsLocation/Applications/SleepCycle.app/ /Users/runner/work/SleepCycle/SleepCycle/Sources/ManagedModel/SleepCycle.xcdatamodeld (in target 'SleepCycle' from project 'SleepCycle')
    cd /Users/runner/work/SleepCycle/SleepCycle
    /Applications/Xcode_26.3.app/Contents/Developer/usr/bin/momc --sdkroot /Applications/Xcode_26.3.app/Contents/Developer/Platforms/iPhoneOS.platform/Developer/SDKs/iPhoneOS26.2.sdk --iphoneos-deployment-target 16.0 --module SleepCycle /Users/runner/work/SleepCycle/SleepCycle/Sources/ManagedModel/SleepCycle.xcdatamodeld /Users/runner/Library/Developer/Xcode/DerivedData/SleepCycle-cbzxdwygtqvxpycjunkumnsgsekw/Build/Intermediates.noindex/ArchiveIntermediates/SleepCycle/InstallationBuildProductsLocation/Applications/SleepCycle.app/
SleepCycle.xcdatamodel: note: Model SleepCycle version checksum: ralPv2Djd5r8qNvH/LtoJ8vH3VuCpG21hi1A9sUf9Dc=

CpResource /Users/runner/Library/Developer/Xcode/DerivedData/SleepCycle-cbzxdwygtqvxpycjunkumnsgsekw/Build/Intermediates.noindex/ArchiveIntermediates/SleepCycle/InstallationBuildProductsLocation/Applications/SleepCycle.app/wind.mp3 /Users/runner/work/SleepCycle/SleepCycle/Sources/Resources/Sounds/wind.mp3 (in target 'SleepCycle' from project 'SleepCycle')
    cd /Users/runner/work/SleepCycle/SleepCycle
    builtin-copy -exclude .DS_Store -exclude CVS -exclude .svn -exclude .git -exclude .hg -resolve-src-symlinks /Users/runner/work/SleepCycle/SleepCycle/Sources/Resources/Sounds/wind.mp3 /Users/runner/Library/Developer/Xcode/DerivedData/SleepCycle-cbzxdwygtqvxpycjunkumnsgsekw/Build/Intermediates.noindex/ArchiveIntermediates/SleepCycle/InstallationBuildProductsLocation/Applications/SleepCycle.app

CpResource /Users/runner/Library/Developer/Xcode/DerivedData/SleepCycle-cbzxdwygtqvxpycjunkumnsgsekw/Build/Intermediates.noindex/ArchiveIntermediates/SleepCycle/InstallationBuildProductsLocation/Applications/SleepCycle.app/waves.mp3 /Users/runner/work/SleepCycle/SleepCycle/Sources/Resources/Sounds/waves.mp3 (in target 'SleepCycle' from project 'SleepCycle')
    cd /Users/runner/work/SleepCycle/SleepCycle
    builtin-copy -exclude .DS_Store -exclude CVS -exclude .svn -exclude .git -exclude .hg -resolve-src-symlinks /Users/runner/work/SleepCycle/SleepCycle/Sources/Resources/Sounds/waves.mp3 /Users/runner/Library/Developer/Xcode/DerivedData/SleepCycle-cbzxdwygtqvxpycjunkumnsgsekw/Build/Intermediates.noindex/ArchiveIntermediates/SleepCycle/InstallationBuildProductsLocation/Applications/SleepCycle.app

CpResource /Users/runner/Library/Developer/Xcode/DerivedData/SleepCycle-cbzxdwygtqvxpycjunkumnsgsekw/Build/Intermediates.noindex/ArchiveIntermediates/SleepCycle/InstallationBuildProductsLocation/Applications/SleepCycle.app/train.mp3 /Users/runner/work/SleepCycle/SleepCycle/Sources/Resources/Sounds/train.mp3 (in target 'SleepCycle' from project 'SleepCycle')
    cd /Users/runner/work/SleepCycle/SleepCycle
    builtin-copy -exclude .DS_Store -exclude CVS -exclude .svn -exclude .git -exclude .hg -resolve-src-symlinks /Users/runner/work/SleepCycle/SleepCycle/Sources/Resources/Sounds/train.mp3 /Users/runner/Library/Developer/Xcode/DerivedData/SleepCycle-cbzxdwygtqvxpycjunkumnsgsekw/Build/Intermediates.noindex/ArchiveIntermediates/SleepCycle/InstallationBuildProductsLocation/Applications/SleepCycle.app

CpResource /Users/runner/Library/Developer/Xcode/DerivedData/SleepCycle-cbzxdwygtqvxpycjunkumnsgsekw/Build/Intermediates.noindex/ArchiveIntermediates/SleepCycle/InstallationBuildProductsLocation/Applications/SleepCycle.app/stream.mp3 /Users/runner/work/SleepCycle/SleepCycle/Sources/Resources/Sounds/stream.mp3 (in target 'SleepCycle' from project 'SleepCycle')
    cd /Users/runner/work/SleepCycle/SleepCycle
    builtin-copy -exclude .DS_Store -exclude CVS -exclude .svn -exclude .git -exclude .hg -resolve-src-symlinks /Users/runner/work/SleepCycle/SleepCycle/Sources/Resources/Sounds/stream.mp3 /Users/runner/Library/Developer/Xcode/DerivedData/SleepCycle-cbzxdwygtqvxpycjunkumnsgsekw/Build/Intermediates.noindex/ArchiveIntermediates/SleepCycle/InstallationBuildProductsLocation/Applications/SleepCycle.app

CpResource /Users/runner/Library/Developer/Xcode/DerivedData/SleepCycle-cbzxdwygtqvxpycjunkumnsgsekw/Build/Intermediates.noindex/ArchiveIntermediates/SleepCycle/InstallationBuildProductsLocation/Applications/SleepCycle.app/sound_catalog.json /Users/runner/work/SleepCycle/SleepCycle/Sources/Resources/Configuration/sound_catalog.json (in target 'SleepCycle' from project 'SleepCycle')
    cd /Users/runner/work/SleepCycle/SleepCycle
    builtin-copy -exclude .DS_Store -exclude CVS -exclude .svn -exclude .git -exclude .hg -resolve-src-symlinks /Users/runner/work/SleepCycle/SleepCycle/Sources/Resources/Configuration/sound_catalog.json /Users/runner/Library/Developer/Xcode/DerivedData/SleepCycle-cbzxdwygtqvxpycjunkumnsgsekw/Build/Intermediates.noindex/ArchiveIntermediates/SleepCycle/InstallationBuildProductsLocation/Applications/SleepCycle.app

CpResource /Users/runner/Library/Developer/Xcode/DerivedData/SleepCycle-cbzxdwygtqvxpycjunkumnsgsekw/Build/Intermediates.noindex/ArchiveIntermediates/SleepCycle/InstallationBuildProductsLocation/Applications/SleepCycle.app/rain_light.mp3 /Users/runner/work/SleepCycle/SleepCycle/Sources/Resources/Sounds/rain_light.mp3 (in target 'SleepCycle' from project 'SleepCycle')
    cd /Users/runner/work/SleepCycle/SleepCycle
    builtin-copy -exclude .DS_Store -exclude CVS -exclude .svn -exclude .git -exclude .hg -resolve-src-symlinks /Users/runner/work/SleepCycle/SleepCycle/Sources/Resources/Sounds/rain_light.mp3 /Users/runner/Library/Developer/Xcode/DerivedData/SleepCycle-cbzxdwygtqvxpycjunkumnsgsekw/Build/Intermediates.noindex/ArchiveIntermediates/SleepCycle/InstallationBuildProductsLocation/Applications/SleepCycle.app

CpResource /Users/runner/Library/Developer/Xcode/DerivedData/SleepCycle-cbzxdwygtqvxpycjunkumnsgsekw/Build/Intermediates.noindex/ArchiveIntermediates/SleepCycle/InstallationBuildProductsLocation/Applications/SleepCycle.app/rain_heavy.mp3 /Users/runner/work/SleepCycle/SleepCycle/Sources/Resources/Sounds/rain_heavy.mp3 (in target 'SleepCycle' from project 'SleepCycle')
    cd /Users/runner/work/SleepCycle/SleepCycle
    builtin-copy -exclude .DS_Store -exclude CVS -exclude .svn -exclude .git -exclude .hg -resolve-src-symlinks /Users/runner/work/SleepCycle/SleepCycle/Sources/Resources/Sounds/rain_heavy.mp3 /Users/runner/Library/Developer/Xcode/DerivedData/SleepCycle-cbzxdwygtqvxpycjunkumnsgsekw/Build/Intermediates.noindex/ArchiveIntermediates/SleepCycle/InstallationBuildProductsLocation/Applications/SleepCycle.app

CpResource /Users/runner/Library/Developer/Xcode/DerivedData/SleepCycle-cbzxdwygtqvxpycjunkumnsgsekw/Build/Intermediates.noindex/ArchiveIntermediates/SleepCycle/InstallationBuildProductsLocation/Applications/SleepCycle.app/page.mp3 /Users/runner/work/SleepCycle/SleepCycle/Sources/Resources/Sounds/page.mp3 (in target 'SleepCycle' from project 'SleepCycle')
    cd /Users/runner/work/SleepCycle/SleepCycle
    builtin-copy -exclude .DS_Store -exclude CVS -exclude .svn -exclude .git -exclude .hg -resolve-src-symlinks /Users/runner/work/SleepCycle/SleepCycle/Sources/Resources/Sounds/page.mp3 /Users/runner/Library/Developer/Xcode/DerivedData/SleepCycle-cbzxdwygtqvxpycjunkumnsgsekw/Build/Intermediates.noindex/ArchiveIntermediates/SleepCycle/InstallationBuildProductsLocation/Applications/SleepCycle.app

CpResource /Users/runner/Library/Developer/Xcode/DerivedData/SleepCycle-cbzxdwygtqvxpycjunkumnsgsekw/Build/Intermediates.noindex/ArchiveIntermediates/SleepCycle/InstallationBuildProductsLocation/Applications/SleepCycle.app/ocean.mp3 /Users/runner/work/SleepCycle/SleepCycle/Sources/Resources/Sounds/ocean.mp3 (in target 'SleepCycle' from project 'SleepCycle')
    cd /Users/runner/work/SleepCycle/SleepCycle
    builtin-copy -exclude .DS_Store -exclude CVS -exclude .svn -exclude .git -exclude .hg -resolve-src-symlinks /Users/runner/work/SleepCycle/SleepCycle/Sources/Resources/Sounds/ocean.mp3 /Users/runner/Library/Developer/Xcode/DerivedData/SleepCycle-cbzxdwygtqvxpycjunkumnsgsekw/Build/Intermediates.noindex/ArchiveIntermediates/SleepCycle/InstallationBuildProductsLocation/Applications/SleepCycle.app

CpResource /Users/runner/Library/Developer/Xcode/DerivedData/SleepCycle-cbzxdwygtqvxpycjunkumnsgsekw/Build/Intermediates.noindex/ArchiveIntermediates/SleepCycle/InstallationBuildProductsLocation/Applications/SleepCycle.app/night.mp3 /Users/runner/work/SleepCycle/SleepCycle/Sources/Resources/Sounds/night.mp3 (in target 'SleepCycle' from project 'SleepCycle')
    cd /Users/runner/work/SleepCycle/SleepCycle
    builtin-copy -exclude .DS_Store -exclude CVS -exclude .svn -exclude .git -exclude .hg -resolve-src-symlinks /Users/runner/work/SleepCycle/SleepCycle/Sources/Resources/Sounds/night.mp3 /Users/runner/Library/Developer/Xcode/DerivedData/SleepCycle-cbzxdwygtqvxpycjunkumnsgsekw/Build/Intermediates.noindex/ArchiveIntermediates/SleepCycle/InstallationBuildProductsLocation/Applications/SleepCycle.app

CpResource /Users/runner/Library/Developer/Xcode/DerivedData/SleepCycle-cbzxdwygtqvxpycjunkumnsgsekw/Build/Intermediates.noindex/ArchiveIntermediates/SleepCycle/InstallationBuildProductsLocation/Applications/SleepCycle.app/forest.mp3 /Users/runner/work/SleepCycle/SleepCycle/Sources/Resources/Sounds/forest.mp3 (in target 'SleepCycle' from project 'SleepCycle')
    cd /Users/runner/work/SleepCycle/SleepCycle
    builtin-copy -exclude .DS_Store -exclude CVS -exclude .svn -exclude .git -exclude .hg -resolve-src-symlinks /Users/runner/work/SleepCycle/SleepCycle/Sources/Resources/Sounds/forest.mp3 /Users/runner/Library/Developer/Xcode/DerivedData/SleepCycle-cbzxdwygtqvxpycjunkumnsgsekw/Build/Intermediates.noindex/ArchiveIntermediates/SleepCycle/InstallationBuildProductsLocation/Applications/SleepCycle.app

CpResource /Users/runner/Library/Developer/Xcode/DerivedData/SleepCycle-cbzxdwygtqvxpycjunkumnsgsekw/Build/Intermediates.noindex/ArchiveIntermediates/SleepCycle/InstallationBuildProductsLocation/Applications/SleepCycle.app/city.mp3 /Users/runner/work/SleepCycle/SleepCycle/Sources/Resources/Sounds/city.mp3 (in target 'SleepCycle' from project 'SleepCycle')
    cd /Users/runner/work/SleepCycle/SleepCycle
    builtin-copy -exclude .DS_Store -exclude CVS -exclude .svn -exclude .git -exclude .hg -resolve-src-symlinks /Users/runner/work/SleepCycle/SleepCycle/Sources/Resources/Sounds/city.mp3 /Users/runner/Library/Developer/Xcode/DerivedData/SleepCycle-cbzxdwygtqvxpycjunkumnsgsekw/Build/Intermediates.noindex/ArchiveIntermediates/SleepCycle/InstallationBuildProductsLocation/Applications/SleepCycle.app

CpResource /Users/runner/Library/Developer/Xcode/DerivedData/SleepCycle-cbzxdwygtqvxpycjunkumnsgsekw/Build/Intermediates.noindex/ArchiveIntermediates/SleepCycle/InstallationBuildProductsLocation/Applications/SleepCycle.app/campfire.mp3 /Users/runner/work/SleepCycle/SleepCycle/Sources/Resources/Sounds/campfire.mp3 (in target 'SleepCycle' from project 'SleepCycle')
    cd /Users/runner/work/SleepCycle/SleepCycle
    builtin-copy -exclude .DS_Store -exclude CVS -exclude .svn -exclude .git -exclude .hg -resolve-src-symlinks /Users/runner/work/SleepCycle/SleepCycle/Sources/Resources/Sounds/campfire.mp3 /Users/runner/Library/Developer/Xcode/DerivedData/SleepCycle-cbzxdwygtqvxpycjunkumnsgsekw/Build/Intermediates.noindex/ArchiveIntermediates/SleepCycle/InstallationBuildProductsLocation/Applications/SleepCycle.app

CpResource /Users/runner/Library/Developer/Xcode/DerivedData/SleepCycle-cbzxdwygtqvxpycjunkumnsgsekw/Build/Intermediates.noindex/ArchiveIntermediates/SleepCycle/InstallationBuildProductsLocation/Applications/SleepCycle.app/cafe.mp3 /Users/runner/work/SleepCycle/SleepCycle/Sources/Resources/Sounds/cafe.mp3 (in target 'SleepCycle' from project 'SleepCycle')
    cd /Users/runner/work/SleepCycle/SleepCycle
    builtin-copy -exclude .DS_Store -exclude CVS -exclude .svn -exclude .git -exclude .hg -resolve-src-symlinks /Users/runner/work/SleepCycle/SleepCycle/Sources/Resources/Sounds/cafe.mp3 /Users/runner/Library/Developer/Xcode/DerivedData/SleepCycle-cbzxdwygtqvxpycjunkumnsgsekw/Build/Intermediates.noindex/ArchiveIntermediates/SleepCycle/InstallationBuildProductsLocation/Applications/SleepCycle.app

CpResource /Users/runner/Library/Developer/Xcode/DerivedData/SleepCycle-cbzxdwygtqvxpycjunkumnsgsekw/Build/Intermediates.noindex/ArchiveIntermediates/SleepCycle/InstallationBuildProductsLocation/Applications/SleepCycle.app/app_config.json /Users/runner/work/SleepCycle/SleepCycle/Sources/Resources/Configuration/app_config.json (in target 'SleepCycle' from project 'SleepCycle')
    cd /Users/runner/work/SleepCycle/SleepCycle
    builtin-copy -exclude .DS_Store -exclude CVS -exclude .svn -exclude .git -exclude .hg -resolve-src-symlinks /Users/runner/work/SleepCycle/SleepCycle/Sources/Resources/Configuration/app_config.json /Users/runner/Library/Developer/Xcode/DerivedData/SleepCycle-cbzxdwygtqvxpycjunkumnsgsekw/Build/Intermediates.noindex/ArchiveIntermediates/SleepCycle/InstallationBuildProductsLocation/Applications/SleepCycle.app

CopyStringsFile /Users/runner/Library/Developer/Xcode/DerivedData/SleepCycle-cbzxdwygtqvxpycjunkumnsgsekw/Build/Intermediates.noindex/ArchiveIntermediates/SleepCycle/InstallationBuildProductsLocation/Applications/SleepCycle.app/zh-Hans.lproj/Localizable.strings /Users/runner/work/SleepCycle/SleepCycle/Sources/Resources/zh-Hans.lproj/Localizable.strings (in target 'SleepCycle' from project 'SleepCycle')
    cd /Users/runner/work/SleepCycle/SleepCycle
    builtin-copyStrings --validate --outputencoding binary --outfilename Localizable.strings --outdir /Users/runner/Library/Developer/Xcode/DerivedData/SleepCycle-cbzxdwygtqvxpycjunkumnsgsekw/Build/Intermediates.noindex/ArchiveIntermediates/SleepCycle/InstallationBuildProductsLocation/Applications/SleepCycle.app/zh-Hans.lproj -- /Users/runner/work/SleepCycle/SleepCycle/Sources/Resources/zh-Hans.lproj/Localizable.strings
/Users/runner/work/SleepCycle/SleepCycle/Sources/Resources/zh-Hans.lproj/Localizable.strings:1:1: note: detected encoding of input file as Unicode (UTF-8) (in target 'SleepCycle' from project 'SleepCycle')

CopyStringsFile /Users/runner/Library/Developer/Xcode/DerivedData/SleepCycle-cbzxdwygtqvxpycjunkumnsgsekw/Build/Intermediates.noindex/ArchiveIntermediates/SleepCycle/InstallationBuildProductsLocation/Applications/SleepCycle.app/zh-Hans.lproj/InfoPlist.strings /Users/runner/work/SleepCycle/SleepCycle/Sources/Resources/zh-Hans.lproj/InfoPlist.strings (in target 'SleepCycle' from project 'SleepCycle')
    cd /Users/runner/work/SleepCycle/SleepCycle
    builtin-copyStrings --validate --outputencoding binary --outfilename InfoPlist.strings --outdir /Users/runner/Library/Developer/Xcode/DerivedData/SleepCycle-cbzxdwygtqvxpycjunkumnsgsekw/Build/Intermediates.noindex/ArchiveIntermediates/SleepCycle/InstallationBuildProductsLocation/Applications/SleepCycle.app/zh-Hans.lproj -- /Users/runner/work/SleepCycle/SleepCycle/Sources/Resources/zh-Hans.lproj/InfoPlist.strings
/Users/runner/work/SleepCycle/SleepCycle/Sources/Resources/zh-Hans.lproj/InfoPlist.strings:1:1: note: detected encoding of input file as Unicode (UTF-8) (in target 'SleepCycle' from project 'SleepCycle')

CopyStringsFile /Users/runner/Library/Developer/Xcode/DerivedData/SleepCycle-cbzxdwygtqvxpycjunkumnsgsekw/Build/Intermediates.noindex/ArchiveIntermediates/SleepCycle/InstallationBuildProductsLocation/Applications/SleepCycle.app/en.lproj/Localizable.strings /Users/runner/work/SleepCycle/SleepCycle/Sources/Resources/en.lproj/Localizable.strings (in target 'SleepCycle' from project 'SleepCycle')
    cd /Users/runner/work/SleepCycle/SleepCycle
    builtin-copyStrings --validate --outputencoding binary --outfilename Localizable.strings --outdir /Users/runner/Library/Developer/Xcode/DerivedData/SleepCycle-cbzxdwygtqvxpycjunkumnsgsekw/Build/Intermediates.noindex/ArchiveIntermediates/SleepCycle/InstallationBuildProductsLocation/Applications/SleepCycle.app/en.lproj -- /Users/runner/work/SleepCycle/SleepCycle/Sources/Resources/en.lproj/Localizable.strings
/Users/runner/work/SleepCycle/SleepCycle/Sources/Resources/en.lproj/Localizable.strings:1:1: note: detected encoding of input file as Unicode (UTF-8) (in target 'SleepCycle' from project 'SleepCycle')

CopyStringsFile /Users/runner/Library/Developer/Xcode/DerivedData/SleepCycle-cbzxdwygtqvxpycjunkumnsgsekw/Build/Intermediates.noindex/ArchiveIntermediates/SleepCycle/InstallationBuildProductsLocation/Applications/SleepCycle.app/en.lproj/InfoPlist.strings /Users/runner/work/SleepCycle/SleepCycle/Sources/Resources/en.lproj/InfoPlist.strings (in target 'SleepCycle' from project 'SleepCycle')
    cd /Users/runner/work/SleepCycle/SleepCycle
    builtin-copyStrings --validate --outputencoding binary --outfilename InfoPlist.strings --outdir /Users/runner/Library/Developer/Xcode/DerivedData/SleepCycle-cbzxdwygtqvxpycjunkumnsgsekw/Build/Intermediates.noindex/ArchiveIntermediates/SleepCycle/InstallationBuildProductsLocation/Applications/SleepCycle.app/en.lproj -- /Users/runner/work/SleepCycle/SleepCycle/Sources/Resources/en.lproj/InfoPlist.strings
/Users/runner/work/SleepCycle/SleepCycle/Sources/Resources/en.lproj/InfoPlist.strings:1:1: note: detected encoding of input file as Unicode (UTF-8) (in target 'SleepCycle' from project 'SleepCycle')

CompileAssetCatalogVariant thinned /Users/runner/Library/Developer/Xcode/DerivedData/SleepCycle-cbzxdwygtqvxpycjunkumnsgsekw/Build/Intermediates.noindex/ArchiveIntermediates/SleepCycle/InstallationBuildProductsLocation/Applications/SleepCycle.app /Users/runner/work/SleepCycle/SleepCycle/Sources/Resources/Assets.xcassets (in target 'SleepCycle' from project 'SleepCycle')
    cd /Users/runner/work/SleepCycle/SleepCycle
    /Applications/Xcode_26.3.app/Contents/Developer/usr/bin/actool /Users/runner/work/SleepCycle/SleepCycle/Sources/Resources/Assets.xcassets --compile /Users/runner/Library/Developer/Xcode/DerivedData/SleepCycle-cbzxdwygtqvxpycjunkumnsgsekw/Build/Intermediates.noindex/ArchiveIntermediates/SleepCycle/IntermediateBuildFilesPath/SleepCycle.build/Release-iphoneos/SleepCycle.build/assetcatalog_output/thinned --output-format human-readable-text --notices --warnings --export-dependency-info /Users/runner/Library/Developer/Xcode/DerivedData/SleepCycle-cbzxdwygtqvxpycjunkumnsgsekw/Build/Intermediates.noindex/ArchiveIntermediates/SleepCycle/IntermediateBuildFilesPath/SleepCycle.build/Release-iphoneos/SleepCycle.build/assetcatalog_dependencies_thinned --output-partial-info-plist /Users/runner/Library/Developer/Xcode/DerivedData/SleepCycle-cbzxdwygtqvxpycjunkumnsgsekw/Build/Intermediates.noindex/ArchiveIntermediates/SleepCycle/IntermediateBuildFilesPath/SleepCycle.build/Release-iphoneos/SleepCycle.build/assetcatalog_generated_info.plist_thinned --app-icon AppIcon --compress-pngs --enable-on-demand-resources YES --development-region en --target-device iphone --minimum-deployment-target 16.0 --platform iphoneos
/* com.apple.actool.compilation-results */
/Users/runner/Library/Developer/Xcode/DerivedData/SleepCycle-cbzxdwygtqvxpycjunkumnsgsekw/Build/Intermediates.noindex/ArchiveIntermediates/SleepCycle/IntermediateBuildFilesPath/SleepCycle.build/Release-iphoneos/SleepCycle.build/assetcatalog_generated_info.plist_thinned
/Users/runner/Library/Developer/Xcode/DerivedData/SleepCycle-cbzxdwygtqvxpycjunkumnsgsekw/Build/Intermediates.noindex/ArchiveIntermediates/SleepCycle/IntermediateBuildFilesPath/SleepCycle.build/Release-iphoneos/SleepCycle.build/assetcatalog_output/thinned/AppIcon60x60@2x.png
/Users/runner/Library/Developer/Xcode/DerivedData/SleepCycle-cbzxdwygtqvxpycjunkumnsgsekw/Build/Intermediates.noindex/ArchiveIntermediates/SleepCycle/IntermediateBuildFilesPath/SleepCycle.build/Release-iphoneos/SleepCycle.build/assetcatalog_output/thinned/AppIcon76x76@2x~ipad.png
/Users/runner/Library/Developer/Xcode/DerivedData/SleepCycle-cbzxdwygtqvxpycjunkumnsgsekw/Build/Intermediates.noindex/ArchiveIntermediates/SleepCycle/IntermediateBuildFilesPath/SleepCycle.build/Release-iphoneos/SleepCycle.build/assetcatalog_output/thinned/Assets.car


SwiftDriver SleepCycle normal arm64 com.apple.xcode.tools.swift.compiler (in target 'SleepCycle' from project 'SleepCycle')
    cd /Users/runner/work/SleepCycle/SleepCycle
    builtin-SwiftDriver -- /Applications/Xcode_26.3.app/Contents/Developer/Toolchains/XcodeDefault.xctoolchain/usr/bin/swiftc -module-name SleepCycle -O -whole-module-optimization -enforce-exclusivity\=checked @/Users/runner/Library/Developer/Xcode/DerivedData/SleepCycle-cbzxdwygtqvxpycjunkumnsgsekw/Build/Intermediates.noindex/ArchiveIntermediates/SleepCycle/IntermediateBuildFilesPath/SleepCycle.build/Release-iphoneos/SleepCycle.build/Objects-normal/arm64/SleepCycle.SwiftFileList -D COCOAPODS -enable-bare-slash-regex -enable-experimental-feature DebugDescriptionMacro -sdk /Applications/Xcode_26.3.app/Contents/Developer/Platforms/iPhoneOS.platform/Developer/SDKs/iPhoneOS26.2.sdk -target arm64-apple-ios16.0 -g -module-cache-path /Users/runner/Library/Developer/Xcode/DerivedData/ModuleCache.noindex -Xfrontend -serialize-debugging-options -swift-version 5 -I /Users/runner/Library/Developer/Xcode/DerivedData/SleepCycle-cbzxdwygtqvxpycjunkumnsgsekw/Build/Intermediates.noindex/ArchiveIntermediates/SleepCycle/BuildProductsPath/Release-iphoneos -F /Users/runner/Library/Developer/Xcode/DerivedData/SleepCycle-cbzxdwygtqvxpycjunkumnsgsekw/Build/Intermediates.noindex/ArchiveIntermediates/SleepCycle/BuildProductsPath/Release-iphoneos -F /Users/runner/Library/Developer/Xcode/DerivedData/SleepCycle-cbzxdwygtqvxpycjunkumnsgsekw/Build/Intermediates.noindex/ArchiveIntermediates/SleepCycle/BuildProductsPath/Release-iphoneos/SubscriptionKit -F /Users/runner/work/SleepCycle/SleepCycle/Pods/UMAPM/UMAPM_2.0.7 -F /Users/runner/work/SleepCycle/SleepCycle/Pods/UMCommon/UMCommon_7.6.7 -F /Users/runner/work/SleepCycle/SleepCycle/Pods/UMDevice/UMDevice_3.6.0 -F /Users/runner/Library/Developer/Xcode/DerivedData/SleepCycle-cbzxdwygtqvxpycjunkumnsgsekw/Build/Intermediates.noindex/ArchiveIntermediates/SleepCycle/BuildProductsPath/Release-iphoneos/XCFrameworkIntermediates/UMAPM -F /Users/runner/Library/Developer/Xcode/DerivedData/SleepCycle-cbzxdwygtqvxpycjunkumnsgsekw/Build/Intermediates.noindex/ArchiveIntermediates/SleepCycle/BuildProductsPath/Release-iphoneos/XCFrameworkIntermediates/UMCommon -F /Users/runner/Library/Developer/Xcode/DerivedData/SleepCycle-cbzxdwygtqvxpycjunkumnsgsekw/Build/Intermediates.noindex/ArchiveIntermediates/SleepCycle/BuildProductsPath/Release-iphoneos/XCFrameworkIntermediates/UMDevice -c -num-threads 5 -Xcc -ivfsstatcache -Xcc /Users/runner/Library/Developer/Xcode/DerivedData/SDKStatCaches.noindex/iphoneos26.2-23C57-dc75598d0054f22ec865fa860f139d722dd23b4ebda140f7210d155ff1243552.sdkstatcache -output-file-map /Users/runner/Library/Developer/Xcode/DerivedData/SleepCycle-cbzxdwygtqvxpycjunkumnsgsekw/Build/Intermediates.noindex/ArchiveIntermediates/SleepCycle/IntermediateBuildFilesPath/SleepCycle.build/Release-iphoneos/SleepCycle.build/Objects-normal/arm64/SleepCycle-OutputFileMap.json -use-frontend-parseable-output -save-temps -no-color-diagnostics -explicit-module-build -module-cache-path /Users/runner/Library/Developer/Xcode/DerivedData/SleepCycle-cbzxdwygtqvxpycjunkumnsgsekw/Build/Intermediates.noindex/ArchiveIntermediates/SleepCycle/IntermediateBuildFilesPath/SwiftExplicitPrecompiledModules -clang-scanner-module-cache-path /Users/runner/Library/Developer/Xcode/DerivedData/ModuleCache.noindex -sdk-module-cache-path /Users/runner/Library/Developer/Xcode/DerivedData/ModuleCache.noindex -serialize-diagnostics -emit-dependencies -emit-module -emit-module-path /Users/runner/Library/Developer/Xcode/DerivedData/SleepCycle-cbzxdwygtqvxpycjunkumnsgsekw/Build/Intermediates.noindex/ArchiveIntermediates/SleepCycle/IntermediateBuildFilesPath/SleepCycle.build/Release-iphoneos/SleepCycle.build/Objects-normal/arm64/SleepCycle.swiftmodule -validate-clang-modules-once -clang-build-session-file /Users/runner/Library/Developer/Xcode/DerivedData/ModuleCache.noindex/Session.modulevalidation -Xcc -I/Users/runner/Library/Developer/Xcode/DerivedData/SleepCycle-cbzxdwygtqvxpycjunkumnsgsekw/Build/Intermediates.noindex/ArchiveIntermediates/SleepCycle/IntermediateBuildFilesPath/SleepCycle.build/Release-iphoneos/SleepCycle.build/swift-overrides.hmap -emit-const-values -Xfrontend -const-gather-protocols-file -Xfrontend /Users/runner/Library/Developer/Xcode/DerivedData/SleepCycle-cbzxdwygtqvxpycjunkumnsgsekw/Build/Intermediates.noindex/ArchiveIntermediates/SleepCycle/IntermediateBuildFilesPath/SleepCycle.build/Release-iphoneos/SleepCycle.build/Objects-normal/arm64/SleepCycle_const_extract_protocols.json -Xcc -iquote -Xcc /Users/runner/Library/Developer/Xcode/DerivedData/SleepCycle-cbzxdwygtqvxpycjunkumnsgsekw/Build/Intermediates.noindex/ArchiveIntermediates/SleepCycle/IntermediateBuildFilesPath/SleepCycle.build/Release-iphoneos/SleepCycle.build/SleepCycle-generated-files.hmap -Xcc -I/Users/runner/Library/Developer/Xcode/DerivedData/SleepCycle-cbzxdwygtqvxpycjunkumnsgsekw/Build/Intermediates.noindex/ArchiveIntermediates/SleepCycle/IntermediateBuildFilesPath/SleepCycle.build/Release-iphoneos/SleepCycle.build/SleepCycle-own-target-headers.hmap -Xcc -I/Users/runner/Library/Developer/Xcode/DerivedData/SleepCycle-cbzxdwygtqvxpycjunkumnsgsekw/Build/Intermediates.noindex/ArchiveIntermediates/SleepCycle/IntermediateBuildFilesPath/SleepCycle.build/Release-iphoneos/SleepCycle.build/SleepCycle-all-non-framework-target-headers.hmap -Xcc -ivfsoverlay -Xcc /Users/runner/Library/Developer/Xcode/DerivedData/SleepCycle-cbzxdwygtqvxpycjunkumnsgsekw/Build/Intermediates.noindex/ArchiveIntermediates/SleepCycle/IntermediateBuildFilesPath/SleepCycle.build/Release-iphoneos/SleepCycle-c3e7bd4dd03994102489fc65901e5ef8-VFS-iphoneos/all-product-headers.yaml -Xcc -iquote -Xcc /Users/runner/Library/Developer/Xcode/DerivedData/SleepCycle-cbzxdwygtqvxpycjunkumnsgsekw/Build/Intermediates.noindex/ArchiveIntermediates/SleepCycle/IntermediateBuildFilesPath/SleepCycle.build/Release-iphoneos/SleepCycle.build/SleepCycle-project-headers.hmap -Xcc -I/Users/runner/Library/Developer/Xcode/DerivedData/SleepCycle-cbzxdwygtqvxpycjunkumnsgsekw/Build/Intermediates.noindex/ArchiveIntermediates/SleepCycle/BuildProductsPath/Release-iphoneos/include -Xcc -I/Users/runner/Library/Developer/Xcode/DerivedData/SleepCycle-cbzxdwygtqvxpycjunkumnsgsekw/Build/Intermediates.noindex/ArchiveIntermediates/SleepCycle/BuildProductsPath/Release-iphoneos/SubscriptionKit/SubscriptionKit.framework/Headers -Xcc -I/Users/runner/Library/Developer/Xcode/DerivedData/SleepCycle-cbzxdwygtqvxpycjunkumnsgsekw/Build/Intermediates.noindex/ArchiveIntermediates/SleepCycle/IntermediateBuildFilesPath/SleepCycle.build/Release-iphoneos/SleepCycle.build/DerivedSources-normal/arm64 -Xcc -I/Users/runner/Library/Developer/Xcode/DerivedData/SleepCycle-cbzxdwygtqvxpycjunkumnsgsekw/Build/Intermediates.noindex/ArchiveIntermediates/SleepCycle/IntermediateBuildFilesPath/SleepCycle.build/Release-iphoneos/SleepCycle.build/DerivedSources/arm64 -Xcc -I/Users/runner/Library/Developer/Xcode/DerivedData/SleepCycle-cbzxdwygtqvxpycjunkumnsgsekw/Build/Intermediates.noindex/ArchiveIntermediates/SleepCycle/IntermediateBuildFilesPath/SleepCycle.build/Release-iphoneos/SleepCycle.build/DerivedSources -Xcc -DCOCOAPODS\=1 -emit-objc-header -emit-objc-header-path /Users/runner/Library/Developer/Xcode/DerivedData/SleepCycle-cbzxdwygtqvxpycjunkumnsgsekw/Build/Intermediates.noindex/ArchiveIntermediates/SleepCycle/IntermediateBuildFilesPath/SleepCycle.build/Release-iphoneos/SleepCycle.build/Objects-normal/arm64/SleepCycle-Swift.h -working-directory /Users/runner/work/SleepCycle/SleepCycle -no-emit-module-separately-wmo

SwiftDriver\ Compilation SleepCycle normal arm64 com.apple.xcode.tools.swift.compiler (in target 'SleepCycle' from project 'SleepCycle')
    cd /Users/runner/work/SleepCycle/SleepCycle
    builtin-Swift-Compilation -- /Applications/Xcode_26.3.app/Contents/Developer/Toolchains/XcodeDefault.xctoolchain/usr/bin/swiftc -module-name SleepCycle -O -whole-module-optimization -enforce-exclusivity\=checked @/Users/runner/Library/Developer/Xcode/DerivedData/SleepCycle-cbzxdwygtqvxpycjunkumnsgsekw/Build/Intermediates.noindex/ArchiveIntermediates/SleepCycle/IntermediateBuildFilesPath/SleepCycle.build/Release-iphoneos/SleepCycle.build/Objects-normal/arm64/SleepCycle.SwiftFileList -D COCOAPODS -enable-bare-slash-regex -enable-experimental-feature DebugDescriptionMacro -sdk /Applications/Xcode_26.3.app/Contents/Developer/Platforms/iPhoneOS.platform/Developer/SDKs/iPhoneOS26.2.sdk -target arm64-apple-ios16.0 -g -module-cache-path /Users/runner/Library/Developer/Xcode/DerivedData/ModuleCache.noindex -Xfrontend -serialize-debugging-options -swift-version 5 -I /Users/runner/Library/Developer/Xcode/DerivedData/SleepCycle-cbzxdwygtqvxpycjunkumnsgsekw/Build/Intermediates.noindex/ArchiveIntermediates/SleepCycle/BuildProductsPath/Release-iphoneos -F /Users/runner/Library/Developer/Xcode/DerivedData/SleepCycle-cbzxdwygtqvxpycjunkumnsgsekw/Build/Intermediates.noindex/ArchiveIntermediates/SleepCycle/BuildProductsPath/Release-iphoneos -F /Users/runner/Library/Developer/Xcode/DerivedData/SleepCycle-cbzxdwygtqvxpycjunkumnsgsekw/Build/Intermediates.noindex/ArchiveIntermediates/SleepCycle/BuildProductsPath/Release-iphoneos/SubscriptionKit -F /Users/runner/work/SleepCycle/SleepCycle/Pods/UMAPM/UMAPM_2.0.7 -F /Users/runner/work/SleepCycle/SleepCycle/Pods/UMCommon/UMCommon_7.6.7 -F /Users/runner/work/SleepCycle/SleepCycle/Pods/UMDevice/UMDevice_3.6.0 -F /Users/runner/Library/Developer/Xcode/DerivedData/SleepCycle-cbzxdwygtqvxpycjunkumnsgsekw/Build/Intermediates.noindex/ArchiveIntermediates/SleepCycle/BuildProductsPath/Release-iphoneos/XCFrameworkIntermediates/UMAPM -F /Users/runner/Library/Developer/Xcode/DerivedData/SleepCycle-cbzxdwygtqvxpycjunkumnsgsekw/Build/Intermediates.noindex/ArchiveIntermediates/SleepCycle/BuildProductsPath/Release-iphoneos/XCFrameworkIntermediates/UMCommon -F /Users/runner/Library/Developer/Xcode/DerivedData/SleepCycle-cbzxdwygtqvxpycjunkumnsgsekw/Build/Intermediates.noindex/ArchiveIntermediates/SleepCycle/BuildProductsPath/Release-iphoneos/XCFrameworkIntermediates/UMDevice -c -num-threads 5 -Xcc -ivfsstatcache -Xcc /Users/runner/Library/Developer/Xcode/DerivedData/SDKStatCaches.noindex/iphoneos26.2-23C57-dc75598d0054f22ec865fa860f139d722dd23b4ebda140f7210d155ff1243552.sdkstatcache -output-file-map /Users/runner/Library/Developer/Xcode/DerivedData/SleepCycle-cbzxdwygtqvxpycjunkumnsgsekw/Build/Intermediates.noindex/ArchiveIntermediates/SleepCycle/IntermediateBuildFilesPath/SleepCycle.build/Release-iphoneos/SleepCycle.build/Objects-normal/arm64/SleepCycle-OutputFileMap.json -use-frontend-parseable-output -save-temps -no-color-diagnostics -explicit-module-build -module-cache-path /Users/runner/Library/Developer/Xcode/DerivedData/SleepCycle-cbzxdwygtqvxpycjunkumnsgsekw/Build/Intermediates.noindex/ArchiveIntermediates/SleepCycle/IntermediateBuildFilesPath/SwiftExplicitPrecompiledModules -clang-scanner-module-cache-path /Users/runner/Library/Developer/Xcode/DerivedData/ModuleCache.noindex -sdk-module-cache-path /Users/runner/Library/Developer/Xcode/DerivedData/ModuleCache.noindex -serialize-diagnostics -emit-dependencies -emit-module -emit-module-path /Users/runner/Library/Developer/Xcode/DerivedData/SleepCycle-cbzxdwygtqvxpycjunkumnsgsekw/Build/Intermediates.noindex/ArchiveIntermediates/SleepCycle/IntermediateBuildFilesPath/SleepCycle.build/Release-iphoneos/SleepCycle.build/Objects-normal/arm64/SleepCycle.swiftmodule -validate-clang-modules-once -clang-build-session-file /Users/runner/Library/Developer/Xcode/DerivedData/ModuleCache.noindex/Session.modulevalidation -Xcc -I/Users/runner/Library/Developer/Xcode/DerivedData/SleepCycle-cbzxdwygtqvxpycjunkumnsgsekw/Build/Intermediates.noindex/ArchiveIntermediates/SleepCycle/IntermediateBuildFilesPath/SleepCycle.build/Release-iphoneos/SleepCycle.build/swift-overrides.hmap -emit-const-values -Xfrontend -const-gather-protocols-file -Xfrontend /Users/runner/Library/Developer/Xcode/DerivedData/SleepCycle-cbzxdwygtqvxpycjunkumnsgsekw/Build/Intermediates.noindex/ArchiveIntermediates/SleepCycle/IntermediateBuildFilesPath/SleepCycle.build/Release-iphoneos/SleepCycle.build/Objects-normal/arm64/SleepCycle_const_extract_protocols.json -Xcc -iquote -Xcc /Users/runner/Library/Developer/Xcode/DerivedData/SleepCycle-cbzxdwygtqvxpycjunkumnsgsekw/Build/Intermediates.noindex/ArchiveIntermediates/SleepCycle/IntermediateBuildFilesPath/SleepCycle.build/Release-iphoneos/SleepCycle.build/SleepCycle-generated-files.hmap -Xcc -I/Users/runner/Library/Developer/Xcode/DerivedData/SleepCycle-cbzxdwygtqvxpycjunkumnsgsekw/Build/Intermediates.noindex/ArchiveIntermediates/SleepCycle/IntermediateBuildFilesPath/SleepCycle.build/Release-iphoneos/SleepCycle.build/SleepCycle-own-target-headers.hmap -Xcc -I/Users/runner/Library/Developer/Xcode/DerivedData/SleepCycle-cbzxdwygtqvxpycjunkumnsgsekw/Build/Intermediates.noindex/ArchiveIntermediates/SleepCycle/IntermediateBuildFilesPath/SleepCycle.build/Release-iphoneos/SleepCycle.build/SleepCycle-all-non-framework-target-headers.hmap -Xcc -ivfsoverlay -Xcc /Users/runner/Library/Developer/Xcode/DerivedData/SleepCycle-cbzxdwygtqvxpycjunkumnsgsekw/Build/Intermediates.noindex/ArchiveIntermediates/SleepCycle/IntermediateBuildFilesPath/SleepCycle.build/Release-iphoneos/SleepCycle-c3e7bd4dd03994102489fc65901e5ef8-VFS-iphoneos/all-product-headers.yaml -Xcc -iquote -Xcc /Users/runner/Library/Developer/Xcode/DerivedData/SleepCycle-cbzxdwygtqvxpycjunkumnsgsekw/Build/Intermediates.noindex/ArchiveIntermediates/SleepCycle/IntermediateBuildFilesPath/SleepCycle.build/Release-iphoneos/SleepCycle.build/SleepCycle-project-headers.hmap -Xcc -I/Users/runner/Library/Developer/Xcode/DerivedData/SleepCycle-cbzxdwygtqvxpycjunkumnsgsekw/Build/Intermediates.noindex/ArchiveIntermediates/SleepCycle/BuildProductsPath/Release-iphoneos/include -Xcc -I/Users/runner/Library/Developer/Xcode/DerivedData/SleepCycle-cbzxdwygtqvxpycjunkumnsgsekw/Build/Intermediates.noindex/ArchiveIntermediates/SleepCycle/BuildProductsPath/Release-iphoneos/SubscriptionKit/SubscriptionKit.framework/Headers -Xcc -I/Users/runner/Library/Developer/Xcode/DerivedData/SleepCycle-cbzxdwygtqvxpycjunkumnsgsekw/Build/Intermediates.noindex/ArchiveIntermediates/SleepCycle/IntermediateBuildFilesPath/SleepCycle.build/Release-iphoneos/SleepCycle.build/DerivedSources-normal/arm64 -Xcc -I/Users/runner/Library/Developer/Xcode/DerivedData/SleepCycle-cbzxdwygtqvxpycjunkumnsgsekw/Build/Intermediates.noindex/ArchiveIntermediates/SleepCycle/IntermediateBuildFilesPath/SleepCycle.build/Release-iphoneos/SleepCycle.build/DerivedSources/arm64 -Xcc -I/Users/runner/Library/Developer/Xcode/DerivedData/SleepCycle-cbzxdwygtqvxpycjunkumnsgsekw/Build/Intermediates.noindex/ArchiveIntermediates/SleepCycle/IntermediateBuildFilesPath/SleepCycle.build/Release-iphoneos/SleepCycle.build/DerivedSources -Xcc -DCOCOAPODS\=1 -emit-objc-header -emit-objc-header-path /Users/runner/Library/Developer/Xcode/DerivedData/SleepCycle-cbzxdwygtqvxpycjunkumnsgsekw/Build/Intermediates.noindex/ArchiveIntermediates/SleepCycle/IntermediateBuildFilesPath/SleepCycle.build/Release-iphoneos/SleepCycle.build/Objects-normal/arm64/SleepCycle-Swift.h -working-directory /Users/runner/work/SleepCycle/SleepCycle -no-emit-module-separately-wmo

SwiftExplicitDependencyGeneratePcm arm64 /Users/runner/Library/Developer/Xcode/DerivedData/ModuleCache.noindex/_SwiftConcurrencyShims-ET20BZ6W4R0387G36PO1KXMLT.pcm

SwiftExplicitDependencyGeneratePcm arm64 /Users/runner/Library/Developer/Xcode/DerivedData/ModuleCache.noindex/_Builtin_stddef-D56B3AOPZILRV5RY4Z7BMDOSL.pcm

SwiftExplicitDependencyGeneratePcm arm64 /Users/runner/Library/Developer/Xcode/DerivedData/ModuleCache.noindex/_Builtin_stdarg-3UADYY6JF9BGYXF2W3DEH9JXO.pcm

SwiftExplicitDependencyGeneratePcm arm64 /Users/runner/Library/Developer/Xcode/DerivedData/ModuleCache.noindex/_AvailabilityInternal-B2MJT460RPZK6C0PMHF3AYFHD.pcm

SwiftExplicitDependencyGeneratePcm arm64 /Users/runner/Library/Developer/Xcode/DerivedData/ModuleCache.noindex/ptrcheck-4B75TA49T7YAARX5JSPE1KZDM.pcm

SwiftExplicitDependencyGeneratePcm arm64 /Users/runner/Library/Developer/Xcode/DerivedData/ModuleCache.noindex/SwiftShims-36L5TMN9OUCLA1P8DKJP9RN6Y.pcm

SwiftExplicitDependencyGeneratePcm arm64 /Users/runner/Library/Developer/Xcode/DerivedData/ModuleCache.noindex/DeveloperToolsSupport-91M3588X5I450EVJX866G6F37.pcm

SwiftExplicitDependencyGeneratePcm arm64 /Users/runner/Library/Developer/Xcode/DerivedData/ModuleCache.noindex/_Builtin_stdbool-E4PO5GYSXQ6FUD9MW336XM8CW.pcm

SwiftExplicitDependencyGeneratePcm arm64 /Users/runner/Library/Developer/Xcode/DerivedData/ModuleCache.noindex/ptrauth-1Y82ZI8JJINRN1FZ63K8V9FEN.pcm

SwiftExplicitDependencyGeneratePcm arm64 /Users/runner/Library/Developer/Xcode/DerivedData/ModuleCache.noindex/_DarwinFoundation1-AXAK9ONW7IKCKKQ7MHOZIUP92.pcm

SwiftExplicitDependencyGeneratePcm arm64 /Users/runner/Library/Developer/Xcode/DerivedData/ModuleCache.noindex/_StoreKit_SwiftUI-1T7X346OILNGBZAAEVX8SSJLU.pcm

SwiftExplicitDependencyGeneratePcm arm64 /Users/runner/Library/Developer/Xcode/DerivedData/ModuleCache.noindex/_Builtin_float-6Q04N3WJW42GZHXGGCGCMO3V5.pcm

SwiftExplicitDependencyGeneratePcm arm64 /Users/runner/Library/Developer/Xcode/DerivedData/ModuleCache.noindex/_DarwinFoundation2-1KT0N7QVJW9SSDL0IT59PIDTQ.pcm

SwiftExplicitDependencyGeneratePcm arm64 /Users/runner/Library/Developer/Xcode/DerivedData/ModuleCache.noindex/_Builtin_limits-9C4XWF56YW5VJNE462XX3S291.pcm

SwiftExplicitDependencyGeneratePcm arm64 /Users/runner/Library/Developer/Xcode/DerivedData/ModuleCache.noindex/ExtensionFoundation-KBUSF8XO2NYC7SINEFMXG81H.pcm

SwiftExplicitDependencyGeneratePcm arm64 /Users/runner/Library/Developer/Xcode/DerivedData/ModuleCache.noindex/sys_types-E69JO91901MPSX468XXSJ0DWA.pcm

SwiftExplicitDependencyGeneratePcm arm64 /Users/runner/Library/Developer/Xcode/DerivedData/ModuleCache.noindex/_Builtin_stdint-4ZBGKR1WDBRDOEE3FG0E90DW4.pcm

SwiftExplicitDependencyGeneratePcm arm64 /Users/runner/Library/Developer/Xcode/DerivedData/ModuleCache.noindex/_Builtin_tgmath-1TUS3D6GAQO0OXTADD9NGJMDW.pcm

SwiftExplicitDependencyGeneratePcm arm64 /Users/runner/Library/Developer/Xcode/DerivedData/ModuleCache.noindex/_DarwinFoundation3-D40WAL051S54GZJ60Z168IDIJ.pcm

SwiftExplicitDependencyGeneratePcm arm64 /Users/runner/Library/Developer/Xcode/DerivedData/ModuleCache.noindex/_Builtin_stdatomic-3WK2Z71TFBQKU6QB4L36DE6DC.pcm

SwiftExplicitDependencyGeneratePcm arm64 /Users/runner/Library/Developer/Xcode/DerivedData/ModuleCache.noindex/_Builtin_intrinsics-DJ6QEK45NQG9PH3GWW33QL5IU.pcm

SwiftExplicitDependencyGeneratePcm arm64 /Users/runner/Library/Developer/Xcode/DerivedData/ModuleCache.noindex/_Builtin_inttypes-ASOK1VH4JJGAVQVC810HI7EMV.pcm

SwiftExplicitDependencyGeneratePcm arm64 /Users/runner/Library/Developer/Xcode/DerivedData/ModuleCache.noindex/Darwin-32VBULM4JKW7F2LRJOYBITGQ2.pcm

SwiftExplicitDependencyGeneratePcm arm64 /Users/runner/Library/Developer/Xcode/DerivedData/ModuleCache.noindex/simd-BC09T05ZBP4J6AQ2DW5YSDFJF.pcm

SwiftExplicitDependencyGeneratePcm arm64 /Users/runner/Library/Developer/Xcode/DerivedData/ModuleCache.noindex/MachO-XF793000230WFAGL2MUFO2LC.pcm

SwiftExplicitDependencyGeneratePcm arm64 /Users/runner/Library/Developer/Xcode/DerivedData/ModuleCache.noindex/ObjectiveC-5TQAA2KKN8UV2ABL3ZGXO1F8F.pcm

SwiftExplicitDependencyGeneratePcm arm64 /Users/runner/Library/Developer/Xcode/DerivedData/ModuleCache.noindex/os_object-4HBEW84IMG0SV75KWBGF0RPAH.pcm

SwiftExplicitDependencyGeneratePcm arm64 /Users/runner/Library/Developer/Xcode/DerivedData/ModuleCache.noindex/os_workgroup-9SJQPIK7APJMRV158BIKQV99U.pcm

SwiftExplicitDependencyGeneratePcm arm64 /Users/runner/Library/Developer/Xcode/DerivedData/ModuleCache.noindex/Dispatch-X3CFGJJVQX83YULHXU36K3X3.pcm

SwiftExplicitDependencyGeneratePcm arm64 /Users/runner/Library/Developer/Xcode/DerivedData/ModuleCache.noindex/Spatial-AVALRA07WHT5QQA2UCIN30PPY.pcm

SwiftExplicitDependencyGeneratePcm arm64 /Users/runner/Library/Developer/Xcode/DerivedData/ModuleCache.noindex/XPC-89K375CHT9XZ8PGOT4UQAWR3.pcm

SwiftExplicitDependencyGeneratePcm arm64 /Users/runner/Library/Developer/Xcode/DerivedData/ModuleCache.noindex/dnssd-6X08POFDPHALJE4IWLODPAJ27.pcm

SwiftExplicitDependencyGeneratePcm arm64 /Users/runner/Library/Developer/Xcode/DerivedData/ModuleCache.noindex/CoreFoundation-3215T7Y2FPISGZJV8Y4WBJTG5.pcm

SwiftExplicitDependencyGeneratePcm arm64 /Users/runner/Library/Developer/Xcode/DerivedData/ModuleCache.noindex/os-2LE86AEK2RRCEWX1Q6Q5FMR7L.pcm

SwiftExplicitDependencyGeneratePcm arm64 /Users/runner/Library/Developer/Xcode/DerivedData/ModuleCache.noindex/Security-3XET3X1ZVNYOYNNVCH81T0HFO.pcm

SwiftExplicitDependencyGeneratePcm arm64 /Users/runner/Library/Developer/Xcode/DerivedData/ModuleCache.noindex/CFNetwork-E0B0K6S63NRFXUCN0I248J3I1.pcm

SwiftExplicitDependencyGeneratePcm arm64 /Users/runner/Library/Developer/Xcode/DerivedData/ModuleCache.noindex/CoreAudioTypes-37I3J0UPJN8F5N1ZML6I4G9BO.pcm

SwiftExplicitDependencyGeneratePcm arm64 /Users/runner/Library/Developer/Xcode/DerivedData/ModuleCache.noindex/CoreGraphics-2UONO584T1RSNICGD46TTIMWI.pcm

SwiftExplicitDependencyGeneratePcm arm64 /Users/runner/Library/Developer/Xcode/DerivedData/ModuleCache.noindex/CoreAudio-39J0NGEL7YX2SMOFXZTWIROOZ.pcm

SwiftExplicitDependencyGeneratePcm arm64 /Users/runner/Library/Developer/Xcode/DerivedData/ModuleCache.noindex/Foundation-4I2YB51NCVN7PIQ9SOQ65EFCQ.pcm

SwiftExplicitDependencyGeneratePcm arm64 /Users/runner/Library/Developer/Xcode/DerivedData/ModuleCache.noindex/CoreText-ASW4JYHOHBTNI9Z1ZJFI18ZJX.pcm

SwiftExplicitDependencyGeneratePcm arm64 /Users/runner/Library/Developer/Xcode/DerivedData/ModuleCache.noindex/ImageIO-2PE3RSN3EQDR8AB492WCV5KVO.pcm

SwiftExplicitDependencyGeneratePcm arm64 /Users/runner/Library/Developer/Xcode/DerivedData/ModuleCache.noindex/UIUtilities-8DB0XC5PDFUF6Y05HP9HFX70I.pcm

SwiftExplicitDependencyGeneratePcm arm64 /Users/runner/Library/Developer/Xcode/DerivedData/ModuleCache.noindex/OSLog-5XPW98X3CH9B5HGSBSNWIPMSG.pcm

SwiftExplicitDependencyGeneratePcm arm64 /Users/runner/Library/Developer/Xcode/DerivedData/ModuleCache.noindex/BackgroundAssets-B6CAMOIX9VY5VPNZTJCK245ZV.pcm

SwiftExplicitDependencyGeneratePcm arm64 /Users/runner/Library/Developer/Xcode/DerivedData/ModuleCache.noindex/CoreTransferable-F4WNIHYYM49DYNGR39KCJNUHV.pcm

SwiftExplicitDependencyGeneratePcm arm64 /Users/runner/Library/Developer/Xcode/DerivedData/ModuleCache.noindex/DataDetection-39C62IC8HT924M4AAX26RK9RF.pcm

SwiftExplicitDependencyGeneratePcm arm64 /Users/runner/Library/Developer/Xcode/DerivedData/ModuleCache.noindex/CoreMIDI-59M3GLKLQKF9378AHWLCKTCJ7.pcm

SwiftExplicitDependencyGeneratePcm arm64 /Users/runner/Library/Developer/Xcode/DerivedData/ModuleCache.noindex/IOSurface-EITNWS6CD8MHQPUNBQ8E33QS2.pcm

SwiftExplicitDependencyGeneratePcm arm64 /Users/runner/Library/Developer/Xcode/DerivedData/ModuleCache.noindex/AdServices-6YDU60TPP2WNEB4JB21YRCPOV.pcm

SwiftExplicitDependencyGeneratePcm arm64 /Users/runner/Library/Developer/Xcode/DerivedData/ModuleCache.noindex/CoreData-BPKV9QIGKFE3W18LLZW84WBW4.pcm

SwiftExplicitDependencyGeneratePcm arm64 /Users/runner/Library/Developer/Xcode/DerivedData/ModuleCache.noindex/Network-B9JLTSOQBY04TPX89YOYEDA9W.pcm

SwiftExplicitDependencyGeneratePcm arm64 /Users/runner/Library/Developer/Xcode/DerivedData/ModuleCache.noindex/Accessibility-7LEZIECK08G19RZT5RG2DPKBJ.pcm

SwiftExplicitDependencyGeneratePcm arm64 /Users/runner/Library/Developer/Xcode/DerivedData/ModuleCache.noindex/UniformTypeIdentifiers-3NK19WQD8IY7TNM619XIF67X7.pcm

SwiftExplicitDependencyGeneratePcm arm64 /Users/runner/Library/Developer/Xcode/DerivedData/ModuleCache.noindex/LocalAuthentication-AAGAF3KAMC1OIQ92O0SA543OB.pcm

SwiftExplicitDependencyGeneratePcm arm64 /Users/runner/Library/Developer/Xcode/DerivedData/ModuleCache.noindex/FileProvider-14568SSUIUX0NM03XVN13MM7N.pcm

SwiftExplicitDependencyGeneratePcm arm64 /Users/runner/Library/Developer/Xcode/DerivedData/ModuleCache.noindex/OpenGLES-5BVFD2P8FW75C0D3OOF1NTSHT.pcm

SwiftExplicitDependencyGeneratePcm arm64 /Users/runner/Library/Developer/Xcode/DerivedData/ModuleCache.noindex/UserNotifications-12M6M0ALNKFG8Y2N3JC30RDHG.pcm

SwiftExplicitDependencyGeneratePcm arm64 /Users/runner/Library/Developer/Xcode/DerivedData/ModuleCache.noindex/AVRouting-ABXJG2DVXNXPTOWNFCJ15ZA61.pcm

SwiftExplicitDependencyGeneratePcm arm64 /Users/runner/Library/Developer/Xcode/DerivedData/ModuleCache.noindex/Metal-67AOBAU2YZN7OR2TPYHC4AGG9.pcm

SwiftExplicitDependencyGeneratePcm arm64 /Users/runner/Library/Developer/Xcode/DerivedData/ModuleCache.noindex/Symbols-1OMEYTK0D02NE3NWLO9SNQLOB.pcm

SwiftExplicitDependencyGeneratePcm arm64 /Users/runner/Library/Developer/Xcode/DerivedData/ModuleCache.noindex/AudioToolbox-7DCGNBXVIZY73XMPP2DARH5TF.pcm

SwiftExplicitDependencyGeneratePcm arm64 /Users/runner/Library/Developer/Xcode/DerivedData/ModuleCache.noindex/CoreVideo-71NZJPXNJCTVI17O2717FGKG7.pcm

SwiftExplicitDependencyGeneratePcm arm64 /Users/runner/Library/Developer/Xcode/DerivedData/ModuleCache.noindex/QuartzCore-G4VI6MQNGAJ23I08R68TFRFW.pcm

SwiftExplicitDependencyGeneratePcm arm64 /Users/runner/Library/Developer/Xcode/DerivedData/ModuleCache.noindex/CoreMedia-6N9DTZ3Q28F14GWRS2XJT3D41.pcm

SwiftExplicitDependencyGeneratePcm arm64 /Users/runner/Library/Developer/Xcode/DerivedData/ModuleCache.noindex/CoreImage-BR89QKJ2INPTAV28N88H0K43K.pcm

SwiftExplicitDependencyGeneratePcm arm64 /Users/runner/Library/Developer/Xcode/DerivedData/ModuleCache.noindex/SwiftUICore-5YI9C02NF3MHQBWW995K6KLE7.pcm

SwiftExplicitDependencyGeneratePcm arm64 /Users/runner/Library/Developer/Xcode/DerivedData/ModuleCache.noindex/MediaToolbox-8P3BWOJONFUNFC4BAFTXD41G8.pcm

SwiftExplicitDependencyGeneratePcm arm64 /Users/runner/Library/Developer/Xcode/DerivedData/ModuleCache.noindex/AVFAudio-1EY9IPUZLAM12MRW47Q9FI499.pcm

SwiftExplicitDependencyGeneratePcm arm64 /Users/runner/Library/Developer/Xcode/DerivedData/ModuleCache.noindex/UIKit-EDFPHR8P79JGOAZWB9FIQRHYR.pcm

SwiftExplicitDependencyGeneratePcm arm64 /Users/runner/Library/Developer/Xcode/DerivedData/ModuleCache.noindex/AVFoundation-CSEOVNEZ793E6KJQMA0U0S8QV.pcm

SwiftExplicitDependencyGeneratePcm arm64 /Users/runner/Library/Developer/Xcode/DerivedData/SleepCycle-cbzxdwygtqvxpycjunkumnsgsekw/Build/Intermediates.noindex/ArchiveIntermediates/SleepCycle/IntermediateBuildFilesPath/SwiftExplicitPrecompiledModules/SubscriptionKit-D45X1T25T4NKQSY1VT3MJNO6C.pcm

SwiftExplicitDependencyGeneratePcm arm64 /Users/runner/Library/Developer/Xcode/DerivedData/ModuleCache.noindex/MediaPlayer-DSAOJXM1HAYZAFFY2EDGRRV2O.pcm

SwiftExplicitDependencyGeneratePcm arm64 /Users/runner/Library/Developer/Xcode/DerivedData/SleepCycle-cbzxdwygtqvxpycjunkumnsgsekw/Build/Intermediates.noindex/ArchiveIntermediates/SleepCycle/IntermediateBuildFilesPath/SwiftExplicitPrecompiledModules/UMCommon-BY056LGIHU54Z2YGJHEDPBLYT.pcm
<module-includes>:1:9: note: in file included from <module-includes>:1:
1 | #import "Headers/UMCommon.h"
  |         `- note: in file included from <module-includes>:1:
2 | 

/Users/runner/Library/Developer/Xcode/DerivedData/SleepCycle-cbzxdwygtqvxpycjunkumnsgsekw/Build/Intermediates.noindex/ArchiveIntermediates/SleepCycle/BuildProductsPath/Release-iphoneos/XCFrameworkIntermediates/UMCommon/UMCommon.framework/Headers/UMCommon.h:19:9: note: in file included from /Users/runner/Library/Developer/Xcode/DerivedData/SleepCycle-cbzxdwygtqvxpycjunkumnsgsekw/Build/Intermediates.noindex/ArchiveIntermediates/SleepCycle/BuildProductsPath/Release-iphoneos/XCFrameworkIntermediates/UMCommon/UMCommon.framework/Headers/UMCommon.h:19:
17 | // In this header, you should import all the public headers of your framework using statements like #import <UMCommon/PublicHeader.h>
18 | 
19 | #import <UMCommon/UMConfigure.h>
   |         `- note: in file included from /Users/runner/Library/Developer/Xcode/DerivedData/SleepCycle-cbzxdwygtqvxpycjunkumnsgsekw/Build/Intermediates.noindex/ArchiveIntermediates/SleepCycle/BuildProductsPath/Release-iphoneos/XCFrameworkIntermediates/UMCommon/UMCommon.framework/Headers/UMCommon.h:19:
20 | #import <UMCommon/MobClick.h>
21 | #import <UMCommon/UMCommonDeepLink.h>

/Users/runner/Library/Developer/Xcode/DerivedData/SleepCycle-cbzxdwygtqvxpycjunkumnsgsekw/Build/Intermediates.noindex/ArchiveIntermediates/SleepCycle/BuildProductsPath/Release-iphoneos/XCFrameworkIntermediates/UMCommon/UMCommon.framework/Headers/UMConfigure.h:22:34: warning: pointer is missing a nullability type specifier (_Nonnull, _Nullable, or _Null_unspecified)
20 |  @param channel 渠道标识，可设置nil表示"App Store".
21 |  */
22 | + (void)initWithAppkey:(NSString *)appKey channel:(NSString *)channel;
   |                                  |- warning: pointer is missing a nullability type specifier (_Nonnull, _Nullable, or _Null_unspecified)
   |                                  |- note: insert '_Nullable' if the pointer may be null
   |                                  `- note: insert '_Nonnull' if the pointer should never be null
23 | 
24 | /** 设置是否在console输出sdk的log信息.

<module-includes>:1:9: note: in file included from <module-includes>:1:
1 | #import "Headers/UMCommon.h"
  |         `- note: in file included from <module-includes>:1:
2 | 

/Users/runner/Library/Developer/Xcode/DerivedData/SleepCycle-cbzxdwygtqvxpycjunkumnsgsekw/Build/Intermediates.noindex/ArchiveIntermediates/SleepCycle/BuildProductsPath/Release-iphoneos/XCFrameworkIntermediates/UMCommon/UMCommon.framework/Headers/UMCommon.h:19:9: note: in file included from /Users/runner/Library/Developer/Xcode/DerivedData/SleepCycle-cbzxdwygtqvxpycjunkumnsgsekw/Build/Intermediates.noindex/ArchiveIntermediates/SleepCycle/BuildProductsPath/Release-iphoneos/XCFrameworkIntermediates/UMCommon/UMCommon.framework/Headers/UMCommon.h:19:
17 | // In this header, you should import all the public headers of your framework using statements like #import <UMCommon/PublicHeader.h>
18 | 
19 | #import <UMCommon/UMConfigure.h>
   |         `- note: in file included from /Users/runner/Library/Developer/Xcode/DerivedData/SleepCycle-cbzxdwygtqvxpycjunkumnsgsekw/Build/Intermediates.noindex/ArchiveIntermediates/SleepCycle/BuildProductsPath/Release-iphoneos/XCFrameworkIntermediates/UMCommon/UMCommon.framework/Headers/UMCommon.h:19:
20 | #import <UMCommon/MobClick.h>
21 | #import <UMCommon/UMCommonDeepLink.h>

/Users/runner/Library/Developer/Xcode/DerivedData/SleepCycle-cbzxdwygtqvxpycjunkumnsgsekw/Build/Intermediates.noindex/ArchiveIntermediates/SleepCycle/BuildProductsPath/Release-iphoneos/XCFrameworkIntermediates/UMCommon/UMCommon.framework/Headers/UMConfigure.h:22:61: warning: pointer is missing a nullability type specifier (_Nonnull, _Nullable, or _Null_unspecified)
20 |  @param channel 渠道标识，可设置nil表示"App Store".
21 |  */
22 | + (void)initWithAppkey:(NSString *)appKey channel:(NSString *)channel;
   |                                                             |- warning: pointer is missing a nullability type specifier (_Nonnull, _Nullable, or _Null_unspecified)
   |                                                             |- note: insert '_Nullable' if the pointer may be null
   |                                                             `- note: insert '_Nonnull' if the pointer should never be null
23 | 
24 | /** 设置是否在console输出sdk的log信息.

<module-includes>:1:9: note: in file included from <module-includes>:1:
1 | #import "Headers/UMCommon.h"
  |         `- note: in file included from <module-includes>:1:
2 | 

/Users/runner/Library/Developer/Xcode/DerivedData/SleepCycle-cbzxdwygtqvxpycjunkumnsgsekw/Build/Intermediates.noindex/ArchiveIntermediates/SleepCycle/BuildProductsPath/Release-iphoneos/XCFrameworkIntermediates/UMCommon/UMCommon.framework/Headers/UMCommon.h:19:9: note: in file included from /Users/runner/Library/Developer/Xcode/DerivedData/SleepCycle-cbzxdwygtqvxpycjunkumnsgsekw/Build/Intermediates.noindex/ArchiveIntermediates/SleepCycle/BuildProductsPath/Release-iphoneos/XCFrameworkIntermediates/UMCommon/UMCommon.framework/Headers/UMCommon.h:19:
17 | // In this header, you should import all the public headers of your framework using statements like #import <UMCommon/PublicHeader.h>
18 | 
19 | #import <UMCommon/UMConfigure.h>
   |         `- note: in file included from /Users/runner/Library/Developer/Xcode/DerivedData/SleepCycle-cbzxdwygtqvxpycjunkumnsgsekw/Build/Intermediates.noindex/ArchiveIntermediates/SleepCycle/BuildProductsPath/Release-iphoneos/XCFrameworkIntermediates/UMCommon/UMCommon.framework/Headers/UMCommon.h:19:
20 | #import <UMCommon/MobClick.h>
21 | #import <UMCommon/UMCommonDeepLink.h>

/Users/runner/Library/Developer/Xcode/DerivedData/SleepCycle-cbzxdwygtqvxpycjunkumnsgsekw/Build/Intermediates.noindex/ArchiveIntermediates/SleepCycle/BuildProductsPath/Release-iphoneos/XCFrameworkIntermediates/UMCommon/UMCommon.framework/Headers/UMConfigure.h:34:13: warning: pointer is missing a nullability type specifier (_Nonnull, _Nullable, or _Null_unspecified)
32 | + (void)setEncryptEnabled:(BOOL)value;
33 | 
34 | + (NSString *)umidString;
   |             |- warning: pointer is missing a nullability type specifier (_Nonnull, _Nullable, or _Null_unspecified)
   |             |- note: insert '_Nullable' if the pointer may be null
   |             `- note: insert '_Nonnull' if the pointer should never be null
35 | 
36 | /**

<module-includes>:1:9: note: in file included from <module-includes>:1:
1 | #import "Headers/UMCommon.h"
  |         `- note: in file included from <module-includes>:1:
2 | 

/Users/runner/Library/Developer/Xcode/DerivedData/SleepCycle-cbzxdwygtqvxpycjunkumnsgsekw/Build/Intermediates.noindex/ArchiveIntermediates/SleepCycle/BuildProductsPath/Release-iphoneos/XCFrameworkIntermediates/UMCommon/UMCommon.framework/Headers/UMCommon.h:19:9: note: in file included from /Users/runner/Library/Developer/Xcode/DerivedData/SleepCycle-cbzxdwygtqvxpycjunkumnsgsekw/Build/Intermediates.noindex/ArchiveIntermediates/SleepCycle/BuildProductsPath/Release-iphoneos/XCFrameworkIntermediates/UMCommon/UMCommon.framework/Headers/UMCommon.h:19:
17 | // In this header, you should import all the public headers of your framework using statements like #import <UMCommon/PublicHeader.h>
18 | 
19 | #import <UMCommon/UMConfigure.h>
   |         `- note: in file included from /Users/runner/Library/Developer/Xcode/DerivedData/SleepCycle-cbzxdwygtqvxpycjunkumnsgsekw/Build/Intermediates.noindex/ArchiveIntermediates/SleepCycle/BuildProductsPath/Release-iphoneos/XCFrameworkIntermediates/UMCommon/UMCommon.framework/Headers/UMCommon.h:19:
20 | #import <UMCommon/MobClick.h>
21 | #import <UMCommon/UMCommonDeepLink.h>

/Users/runner/Library/Developer/Xcode/DerivedData/SleepCycle-cbzxdwygtqvxpycjunkumnsgsekw/Build/Intermediates.noindex/ArchiveIntermediates/SleepCycle/BuildProductsPath/Release-iphoneos/XCFrameworkIntermediates/UMCommon/UMCommon.framework/Headers/UMConfigure.h:39:12: warning: pointer is missing a nullability type specifier (_Nonnull, _Nullable, or _Null_unspecified)
37 |  集成测试需要device_id
38 |  */
39 | + (NSString*)deviceIDForIntegration;
   |            |- warning: pointer is missing a nullability type specifier (_Nonnull, _Nullable, or _Null_unspecified)
   |            |- note: insert '_Nullable' if the pointer may be null
   |            `- note: insert '_Nonnull' if the pointer should never be null
40 | 
41 | /** 是否开启统计，默认为YES(开启状态)

<module-includes>:1:9: note: in file included from <module-includes>:1:
1 | #import "Headers/UMCommon.h"
  |         `- note: in file included from <module-includes>:1:
2 | 

/Users/runner/Library/Developer/Xcode/DerivedData/SleepCycle-cbzxdwygtqvxpycjunkumnsgsekw/Build/Intermediates.noindex/ArchiveIntermediates/SleepCycle/BuildProductsPath/Release-iphoneos/XCFrameworkIntermediates/UMCommon/UMCommon.framework/Headers/UMCommon.h:19:9: note: in file included from /Users/runner/Library/Developer/Xcode/DerivedData/SleepCycle-cbzxdwygtqvxpycjunkumnsgsekw/Build/Intermediates.noindex/ArchiveIntermediates/SleepCycle/BuildProductsPath/Release-iphoneos/XCFrameworkIntermediates/UMCommon/UMCommon.framework/Headers/UMCommon.h:19:
17 | // In this header, you should import all the public headers of your framework using statements like #import <UMCommon/PublicHeader.h>
18 | 
19 | #import <UMCommon/UMConfigure.h>
   |         `- note: in file included from /Users/runner/Library/Developer/Xcode/DerivedData/SleepCycle-cbzxdwygtqvxpycjunkumnsgsekw/Build/Intermediates.noindex/ArchiveIntermediates/SleepCycle/BuildProductsPath/Release-iphoneos/XCFrameworkIntermediates/UMCommon/UMCommon.framework/Headers/UMCommon.h:19:
20 | #import <UMCommon/MobClick.h>
21 | #import <UMCommon/UMCommonDeepLink.h>

/Users/runner/Library/Developer/Xcode/DerivedData/SleepCycle-cbzxdwygtqvxpycjunkumnsgsekw/Build/Intermediates.noindex/ArchiveIntermediates/SleepCycle/BuildProductsPath/Release-iphoneos/XCFrameworkIntermediates/UMCommon/UMCommon.framework/Headers/UMConfigure.h:47:13: warning: pointer is missing a nullability type specifier (_Nonnull, _Nullable, or _Null_unspecified)
45 | 
46 | //获取zid
47 | + (NSString *)getUmengZID;
   |             |- warning: pointer is missing a nullability type specifier (_Nonnull, _Nullable, or _Null_unspecified)
   |             |- note: insert '_Nullable' if the pointer may be null
   |             `- note: insert '_Nonnull' if the pointer should never be null
48 | 
49 | //是否发送海外域名，默认为YES发送海外域名

<module-includes>:1:9: note: in file included from <module-includes>:1:
1 | #import "Headers/UMCommon.h"
  |         `- note: in file included from <module-includes>:1:
2 | 

/Users/runner/Library/Developer/Xcode/DerivedData/SleepCycle-cbzxdwygtqvxpycjunkumnsgsekw/Build/Intermediates.noindex/ArchiveIntermediates/SleepCycle/BuildProductsPath/Release-iphoneos/XCFrameworkIntermediates/UMCommon/UMCommon.framework/Headers/UMCommon.h:19:9: note: in file included from /Users/runner/Library/Developer/Xcode/DerivedData/SleepCycle-cbzxdwygtqvxpycjunkumnsgsekw/Build/Intermediates.noindex/ArchiveIntermediates/SleepCycle/BuildProductsPath/Release-iphoneos/XCFrameworkIntermediates/UMCommon/UMCommon.framework/Headers/UMCommon.h:19:
17 | // In this header, you should import all the public headers of your framework using statements like #import <UMCommon/PublicHeader.h>
18 | 
19 | #import <UMCommon/UMConfigure.h>
   |         `- note: in file included from /Users/runner/Library/Developer/Xcode/DerivedData/SleepCycle-cbzxdwygtqvxpycjunkumnsgsekw/Build/Intermediates.noindex/ArchiveIntermediates/SleepCycle/BuildProductsPath/Release-iphoneos/XCFrameworkIntermediates/UMCommon/UMCommon.framework/Headers/UMCommon.h:19:
20 | #import <UMCommon/MobClick.h>
21 | #import <UMCommon/UMCommonDeepLink.h>

/Users/runner/Library/Developer/Xcode/DerivedData/SleepCycle-cbzxdwygtqvxpycjunkumnsgsekw/Build/Intermediates.noindex/ArchiveIntermediates/SleepCycle/BuildProductsPath/Release-iphoneos/XCFrameworkIntermediates/UMCommon/UMCommon.framework/Headers/UMConfigure.h:53:13: warning: pointer is missing a nullability type specifier (_Nonnull, _Nullable, or _Null_unspecified)
51 | 
52 | //获取本次SessionID
53 | + (NSString *)getSessionID;
   |             |- warning: pointer is missing a nullability type specifier (_Nonnull, _Nullable, or _Null_unspecified)
   |             |- note: insert '_Nullable' if the pointer may be null
   |             `- note: insert '_Nonnull' if the pointer should never be null
54 | 
55 | + (void)resetStorePrefix:(NSString *)prefix;

<module-includes>:1:9: note: in file included from <module-includes>:1:
1 | #import "Headers/UMCommon.h"
  |         `- note: in file included from <module-includes>:1:
2 | 

/Users/runner/Library/Developer/Xcode/DerivedData/SleepCycle-cbzxdwygtqvxpycjunkumnsgsekw/Build/Intermediates.noindex/ArchiveIntermediates/SleepCycle/BuildProductsPath/Release-iphoneos/XCFrameworkIntermediates/UMCommon/UMCommon.framework/Headers/UMCommon.h:19:9: note: in file included from /Users/runner/Library/Developer/Xcode/DerivedData/SleepCycle-cbzxdwygtqvxpycjunkumnsgsekw/Build/Intermediates.noindex/ArchiveIntermediates/SleepCycle/BuildProductsPath/Release-iphoneos/XCFrameworkIntermediates/UMCommon/UMCommon.framework/Headers/UMCommon.h:19:
17 | // In this header, you should import all the public headers of your framework using statements like #import <UMCommon/PublicHeader.h>
18 | 
19 | #import <UMCommon/UMConfigure.h>
   |         `- note: in file included from /Users/runner/Library/Developer/Xcode/DerivedData/SleepCycle-cbzxdwygtqvxpycjunkumnsgsekw/Build/Intermediates.noindex/ArchiveIntermediates/SleepCycle/BuildProductsPath/Release-iphoneos/XCFrameworkIntermediates/UMCommon/UMCommon.framework/Headers/UMCommon.h:19:
20 | #import <UMCommon/MobClick.h>
21 | #import <UMCommon/UMCommonDeepLink.h>

/Users/runner/Library/Developer/Xcode/DerivedData/SleepCycle-cbzxdwygtqvxpycjunkumnsgsekw/Build/Intermediates.noindex/ArchiveIntermediates/SleepCycle/BuildProductsPath/Release-iphoneos/XCFrameworkIntermediates/UMCommon/UMCommon.framework/Headers/UMConfigure.h:55:36: warning: pointer is missing a nullability type specifier (_Nonnull, _Nullable, or _Null_unspecified)
53 | + (NSString *)getSessionID;
54 | 
55 | + (void)resetStorePrefix:(NSString *)prefix;
   |                                    |- warning: pointer is missing a nullability type specifier (_Nonnull, _Nullable, or _Null_unspecified)
   |                                    |- note: insert '_Nullable' if the pointer may be null
   |                                    `- note: insert '_Nonnull' if the pointer should never be null
56 | + (void)resetStorePath;
57 | 

<module-includes>:1:9: note: in file included from <module-includes>:1:
1 | #import "Headers/UMCommon.h"
  |         `- note: in file included from <module-includes>:1:
2 | 

/Users/runner/Library/Developer/Xcode/DerivedData/SleepCycle-cbzxdwygtqvxpycjunkumnsgsekw/Build/Intermediates.noindex/ArchiveIntermediates/SleepCycle/BuildProductsPath/Release-iphoneos/XCFrameworkIntermediates/UMCommon/UMCommon.framework/Headers/UMCommon.h:19:9: note: in file included from /Users/runner/Library/Developer/Xcode/DerivedData/SleepCycle-cbzxdwygtqvxpycjunkumnsgsekw/Build/Intermediates.noindex/ArchiveIntermediates/SleepCycle/BuildProductsPath/Release-iphoneos/XCFrameworkIntermediates/UMCommon/UMCommon.framework/Headers/UMCommon.h:19:
17 | // In this header, you should import all the public headers of your framework using statements like #import <UMCommon/PublicHeader.h>
18 | 
19 | #import <UMCommon/UMConfigure.h>
   |         `- note: in file included from /Users/runner/Library/Developer/Xcode/DerivedData/SleepCycle-cbzxdwygtqvxpycjunkumnsgsekw/Build/Intermediates.noindex/ArchiveIntermediates/SleepCycle/BuildProductsPath/Release-iphoneos/XCFrameworkIntermediates/UMCommon/UMCommon.framework/Headers/UMCommon.h:19:
20 | #import <UMCommon/MobClick.h>
21 | #import <UMCommon/UMCommonDeepLink.h>

/Users/runner/Library/Developer/Xcode/DerivedData/SleepCycle-cbzxdwygtqvxpycjunkumnsgsekw/Build/Intermediates.noindex/ArchiveIntermediates/SleepCycle/BuildProductsPath/Release-iphoneos/XCFrameworkIntermediates/UMCommon/UMCommon.framework/Headers/UMConfigure.h:61:29: warning: pointer is missing a nullability type specifier (_Nonnull, _Nullable, or _Null_unspecified)
59 |  @param primaryDomain 传日志的主域名收数地址,参数不能为null或者空串。例如：https://www.umeng.com
60 | */
61 | + (void)setDomain:(NSString *)primaryDomain;
   |                             |- warning: pointer is missing a nullability type specifier (_Nonnull, _Nullable, or _Null_unspecified)
   |                             |- note: insert '_Nullable' if the pointer may be null
   |                             `- note: insert '_Nonnull' if the pointer should never be null
62 | 
63 | /** 进端采集开关

<module-includes>:1:9: note: in file included from <module-includes>:1:
1 | #import "Headers/UMCommon.h"
  |         `- note: in file included from <module-includes>:1:
2 | 

/Users/runner/Library/Developer/Xcode/DerivedData/SleepCycle-cbzxdwygtqvxpycjunkumnsgsekw/Build/Intermediates.noindex/ArchiveIntermediates/SleepCycle/BuildProductsPath/Release-iphoneos/XCFrameworkIntermediates/UMCommon/UMCommon.framework/Headers/UMCommon.h:19:9: note: in file included from /Users/runner/Library/Developer/Xcode/DerivedData/SleepCycle-cbzxdwygtqvxpycjunkumnsgsekw/Build/Intermediates.noindex/ArchiveIntermediates/SleepCycle/BuildProductsPath/Release-iphoneos/XCFrameworkIntermediates/UMCommon/UMCommon.framework/Headers/UMCommon.h:19:
17 | // In this header, you should import all the public headers of your framework using statements like #import <UMCommon/PublicHeader.h>
18 | 
19 | #import <UMCommon/UMConfigure.h>
   |         `- note: in file included from /Users/runner/Library/Developer/Xcode/DerivedData/SleepCycle-cbzxdwygtqvxpycjunkumnsgsekw/Build/Intermediates.noindex/ArchiveIntermediates/SleepCycle/BuildProductsPath/Release-iphoneos/XCFrameworkIntermediates/UMCommon/UMCommon.framework/Headers/UMCommon.h:19:
20 | #import <UMCommon/MobClick.h>
21 | #import <UMCommon/UMCommonDeepLink.h>

9 warnings generated.
/Users/runner/Library/Developer/Xcode/DerivedData/SleepCycle-cbzxdwygtqvxpycjunkumnsgsekw/Build/Intermediates.noindex/ArchiveIntermediates/SleepCycle/BuildProductsPath/Release-iphoneos/XCFrameworkIntermediates/UMCommon/UMCommon.framework/Headers/UMConfigure.h:71:44: warning: pointer is missing a nullability type specifier (_Nonnull, _Nullable, or _Null_unspecified)
69 |  @param connectionOptions: UIScene模式下的启动参数
70 | */
71 | + (void)handleSceneWillConnectWithOptions:(id)connectionOptions;
   |                                            |- warning: pointer is missing a nullability type specifier (_Nonnull, _Nullable, or _Null_unspecified)
   |                                            |- note: insert '_Nullable' if the pointer may be null
   |                                            `- note: insert '_Nonnull' if the pointer should never be null
72 | 
73 | /** ASA归因采集开关，默认为YES(开启)。

SwiftExplicitDependencyGeneratePcm arm64 /Users/runner/Library/Developer/Xcode/DerivedData/ModuleCache.noindex/StoreKit-8F47VSHNHB3TSK9GMBE3VP82Z.pcm

SwiftExplicitDependencyGeneratePcm arm64 /Users/runner/Library/Developer/Xcode/DerivedData/ModuleCache.noindex/WebKit-4558WC0EZARV96ZM2UM6HDLCH.pcm

SwiftExplicitDependencyGeneratePcm arm64 /Users/runner/Library/Developer/Xcode/DerivedData/ModuleCache.noindex/SwiftUI-35WLO3LENPATPT7555CRKKV66.pcm

SwiftCompile normal arm64 Compiling\ APISCClient.swift,\ AbandonSessionSCAlert.swift,\ ActivityShareSCSheet.swift,\ AdvertisingSCService.swift,\ AdvertisingSCViewModel.swift,\ AdvertisingSCViewState.swift,\ AlarmCardSCView.swift,\ AlarmDeleteSCAlert.swift,\ AlarmEditSCView.swift,\ AlarmEditSCViewModel.swift,\ AlarmEditSCViewState.swift,\ AlarmListSCView.swift,\ AlarmListSCViewModel.swift,\ AlarmListSCViewState.swift,\ AlarmRecoverySCAlert.swift,\ AlarmRingingSCView.swift,\ AlarmRingingSCViewModel.swift,\ AlarmRingingSCViewState.swift,\ AlarmSC.swift,\ AlarmSCEntity.swift,\ AlarmSCRepository.swift,\ AlertDialogSCView.swift,\ AppColors.swift,\ AppConfigSCGateway.swift,\ AppDelegateAppearance.swift,\ AppFonts.swift,\ AppIcons.swift,\ AppImages.swift,\ AppReviewSCGateway.swift,\ AppShellSCView.swift,\ AppShellSCViewModel.swift,\ AppShellSCViewState.swift,\ AppStateSCRepository.swift,\ AttributionSCService.swift,\ AudioPlaybackSCService.swift,\ AudioRecordingSCService.swift,\ AudioSynthesisSCEngine.swift,\ BannerAdSCSlot.swift,\ BatterySCGateway.swift,\ BenefitRowSCView.swift,\ BlockingOverlaySCView.swift,\ BootstrapSCService.swift,\ BottomSheetSCView.swift,\ BreathAuraSCView.swift,\ BreathSessionSCRepository.swift,\ BreatheOptionsSCSheet.swift,\ BreatheSCView.swift,\ BreatheSCViewModel.swift,\ BreatheSCViewState.swift,\ BreathingLogoSCView.swift,\ CheckboxSCView.swift,\ CircularPlayButtonSCView.swift,\ ComplianceLinkBarSCView.swift,\ CoreDataSCStack.swift,\ CountdownPrepSCOverlay.swift,\ DebugBackdoorSCCopy.swift,\ DecibelWaveSCView.swift,\ DependencySCContainer.swift,\ DurationWheelSCView.swift,\ EmptyStateSCView.swift,\ ExploreSCView.swift,\ ExploreSCViewModel.swift,\ ExploreSCViewState.swift,\ FeedAdSCCard.swift,\ FocusDialSCView.swift,\ FocusSCView.swift,\ FocusSCViewModel.swift,\ FocusSCViewState.swift,\ FocusSessionSCRepository.swift,\ GlassOverlaySCModifier.swift,\ GreetingSCView.swift,\ HapticSCService.swift,\ HomeSCView.swift,\ HomeSCViewModel.swift,\ HomeSCViewState.swift,\ InterstitialAdSCView.swift,\ LaunchSCView.swift,\ LaunchSCViewModel.swift,\ LaunchSCViewState.swift,\ ListeningStatsSCRepository.swift,\ LocalRecordingSCView.swift,\ LocalRecordingSCViewModel.swift,\ LocalRecordingSCViewState.swift,\ LocaleSCService.swift,\ LockedOverlaySCModifier.swift,\ MainTabBarSCView.swift,\ MetricCardSCView.swift,\ MineSCView.swift,\ MineSCViewModel.swift,\ MineSCViewState.swift,\ MiniPlayerSCBar.swift,\ NavigationBarSCView.swift,\ NavigationSCRoute.swift,\ NavigationSCState.swift,\ NotificationSCService.swift,\ NotificationSoundSCService.swift,\ NowPlayingSCGateway.swift,\ OnboardingPageSCView.swift,\ OnboardingSCView.swift,\ OnboardingSCViewModel.swift,\ OnboardingSCViewState.swift,\ PageIndicatorSCView.swift,\ PaywallSCView.swift,\ PaywallSCViewModel.swift,\ PaywallSCViewState.swift,\ PermissionDeniedSCAlert.swift,\ PermissionSCGateway.swift,\ PlaybackSliderSCView.swift,\ PlayerActionsSCSheet.swift,\ PlayerSCView.swift,\ PlayerSCViewModel.swift,\ PlayerSCViewState.swift,\ PrimaryButtonSCStyle.swift,\ PrimaryCategoryBarSCView.swift,\ ProgressRingSCView.swift,\ PromoBarSCView.swift,\ PromotionSCRepository.swift,\ PurchaseProcessingSCOverlay.swift,\ ReachabilitySCService.swift,\ RecentSleepRecordCardSCView.swift,\ RecommendRowSCView.swift,\ RecommendedAppsSCSection.swift,\ RecordingStorageSCGateway.swift,\ RepeatRuleSCSheet.swift,\ RepositorySCProtocol.swift,\ RestSCView.swift,\ RestSCViewModel.swift,\ RestSCViewState.swift,\ RestoreResultSCAlert.swift,\ SceneEntryGridSCView.swift,\ ScreenBrightnessSCService.swift,\ SecondaryButtonSCStyle.swift,\ SecondaryTagBarSCView.swift,\ SegmentedBarSCView.swift,\ SessionPhaseSC.swift,\ SettingsGroupSCView.swift,\ SettingsRowSCView.swift,\ ShareSCGateway.swift,\ SkeletonSCView.swift,\ SleepAnalysisSCService.swift,\ SleepCycleApp.swift,\ SleepHeroCardSCView.swift,\ SleepIntroSCView.swift,\ SleepIntroSCViewModel.swift,\ SleepIntroSCViewState.swift,\ SleepMonitorSCView.swift,\ SleepMonitorSCViewModel.swift,\ SleepMonitorSCViewState.swift,\ SleepQuickStatsSCView.swift,\ SleepRecordSC.swift,\ SleepRecordSCEntity.swift,\ SleepRecordSCRepository.swift,\ SleepReportSCView.swift,\ SleepReportSCViewModel.swift,\ SleepReportSCViewState.swift,\ SleepStageChartSCView.swift,\ SleepTimerSCSheet.swift,\ SlideToWakeSCView.swift,\ SliderSCView.swift,\ SoundCardSCView.swift,\ SoundCatalogSCPayload.swift,\ SoundCatalogSCRepository.swift,\ SoundEventRowSCView.swift,\ SoundGridSCView.swift,\ SoundSC.swift,\ SoundscapePickerSCSheet.swift,\ SoundscapePickerSCViewModel.swift,\ SoundscapePickerSCViewState.swift,\ SubscriptionDetailSCView.swift,\ SubscriptionDetailSCViewModel.swift,\ SubscriptionDetailSCViewState.swift,\ SubscriptionPlanSC.swift,\ SupportMailSCGateway.swift,\ SupportSCSheet.swift,\ SwipeActionSCModifier.swift,\ SystemSettingsSCGateway.swift,\ TextButtonSCStyle.swift,\ TextFieldSCView.swift,\ TierCardSCView.swift,\ TimeWheelSCView.swift,\ ToastSCView.swift,\ ToggleSCView.swift,\ TonearmSCView.swift,\ ToolsSCView.swift,\ ToolsSCViewModel.swift,\ UserPreferenceSCRepository.swift,\ View+KeyboardSC.swift,\ VinylDiscSCView.swift,\ VipBannerSCCard.swift,\ WakeConfirmSCView.swift,\ WakeConfirmSCViewModel.swift,\ WakeConfirmSCViewState.swift,\ WebContentSCGateway.swift,\ WeekdayPickerSCSheet.swift,\ GeneratedAssetSymbols.swift /Users/runner/work/SleepCycle/SleepCycle/Sources/ServiceGateways/APISCClient.swift /Users/runner/work/SleepCycle/SleepCycle/Sources/Scenes/Focus/FocusSCComponents/AbandonSessionSCAlert.swift /Users/runner/work/SleepCycle/SleepCycle/Sources/ViewFoundation/Components/ActivityShareSCSheet.swift /Users/runner/work/SleepCycle/SleepCycle/Sources/ServiceGateways/AdvertisingSCService.swift /Users/runner/work/SleepCycle/SleepCycle/Sources/Scenes/Advertising/AdvertisingSCViewModel.swift /Users/runner/work/SleepCycle/SleepCycle/Sources/Scenes/Advertising/AdvertisingSCViewState.swift /Users/runner/work/SleepCycle/SleepCycle/Sources/Scenes/Alarm/AlarmSCComponents/AlarmCardSCView.swift /Users/runner/work/SleepCycle/SleepCycle/Sources/Scenes/Alarm/AlarmSCComponents/AlarmDeleteSCAlert.swift /Users/runner/work/SleepCycle/SleepCycle/Sources/Scenes/Alarm/AlarmEditSCView.swift /Users/runner/work/SleepCycle/SleepCycle/Sources/Scenes/Alarm/AlarmEditSCViewModel.swift /Users/runner/work/SleepCycle/SleepCycle/Sources/Scenes/Alarm/AlarmEditSCViewState.swift /Users/runner/work/SleepCycle/SleepCycle/Sources/Scenes/Alarm/AlarmListSCView.swift /Users/runner/work/SleepCycle/SleepCycle/Sources/Scenes/Alarm/AlarmListSCViewModel.swift /Users/runner/work/SleepCycle/SleepCycle/Sources/Scenes/Alarm/AlarmListSCViewState.swift /Users/runner/work/SleepCycle/SleepCycle/Sources/Scenes/Alarm/AlarmSCComponents/AlarmRecoverySCAlert.swift /Users/runner/work/SleepCycle/SleepCycle/Sources/Scenes/Alarm/AlarmRingingSCView.swift /Users/runner/work/SleepCycle/SleepCycle/Sources/Scenes/Alarm/AlarmRingingSCViewModel.swift /Users/runner/work/SleepCycle/SleepCycle/Sources/Scenes/Alarm/AlarmRingingSCViewState.swift /Users/runner/work/SleepCycle/SleepCycle/Sources/RepositoryHub/Models/AlarmSC.swift /Users/runner/work/SleepCycle/SleepCycle/Sources/ManagedModel/Entities/AlarmSCEntity.swift /Users/runner/work/SleepCycle/SleepCycle/Sources/RepositoryHub/AlarmSCRepository.swift /Users/runner/work/SleepCycle/SleepCycle/Sources/ViewFoundation/Components/AlertDialogSCView.swift /Users/runner/work/SleepCycle/SleepCycle/Sources/ViewFoundation/Styles/AppColors.swift /Users/runner/work/SleepCycle/SleepCycle/Sources/ServiceGateways/AppConfigSCGateway.swift /Users/runner/work/SleepCycle/SleepCycle/Sources/Runtime/AppDelegateAppearance.swift /Users/runner/work/SleepCycle/SleepCycle/Sources/ViewFoundation/Styles/AppFonts.swift /Users/runner/work/SleepCycle/SleepCycle/Sources/ViewFoundation/Styles/AppIcons.swift /Users/runner/work/SleepCycle/SleepCycle/Sources/ViewFoundation/Styles/AppImages.swift /Users/runner/work/SleepCycle/SleepCycle/Sources/ServiceGateways/AppReviewSCGateway.swift /Users/runner/work/SleepCycle/SleepCycle/Sources/Scenes/AppShell/AppShellSCView.swift /Users/runner/work/SleepCycle/SleepCycle/Sources/Scenes/AppShell/AppShellSCViewModel.swift /Users/runner/work/SleepCycle/SleepCycle/Sources/Scenes/AppShell/AppShellSCViewState.swift /Users/runner/work/SleepCycle/SleepCycle/Sources/RepositoryHub/AppStateSCRepository.swift /Users/runner/work/SleepCycle/SleepCycle/Sources/ServiceGateways/AttributionSCService.swift /Users/runner/work/SleepCycle/SleepCycle/Sources/ServiceGateways/AudioPlaybackSCService.swift /Users/runner/work/SleepCycle/SleepCycle/Sources/ServiceGateways/AudioRecordingSCService.swift /Users/runner/work/SleepCycle/SleepCycle/Sources/ServiceGateways/AudioSynthesisSCEngine.swift /Users/runner/work/SleepCycle/SleepCycle/Sources/Scenes/Advertising/BannerAdSCSlot.swift /Users/runner/work/SleepCycle/SleepCycle/Sources/ServiceGateways/BatterySCGateway.swift /Users/runner/work/SleepCycle/SleepCycle/Sources/Scenes/Paywall/PaywallSCComponents/BenefitRowSCView.swift /Users/runner/work/SleepCycle/SleepCycle/Sources/ViewFoundation/Components/BlockingOverlaySCView.swift /Users/runner/work/SleepCycle/SleepCycle/Sources/ServiceGateways/BootstrapSCService.swift /Users/runner/work/SleepCycle/SleepCycle/Sources/ViewFoundation/Components/BottomSheetSCView.swift /Users/runner/work/SleepCycle/SleepCycle/Sources/Scenes/Breathe/BreatheSCComponents/BreathAuraSCView.swift /Users/runner/work/SleepCycle/SleepCycle/Sources/RepositoryHub/BreathSessionSCRepository.swift /Users/runner/work/SleepCycle/SleepCycle/Sources/Scenes/Breathe/BreatheSCComponents/BreatheOptionsSCSheet.swift /Users/runner/work/SleepCycle/SleepCycle/Sources/Scenes/Breathe/BreatheSCView.swift /Users/runner/work/SleepCycle/SleepCycle/Sources/Scenes/Breathe/BreatheSCViewModel.swift /Users/runner/work/SleepCycle/SleepCycle/Sources/Scenes/Breathe/BreatheSCViewState.swift /Users/runner/work/SleepCycle/SleepCycle/Sources/ViewFoundation/Components/BreathingLogoSCView.swift /Users/runner/work/SleepCycle/SleepCycle/Sources/ViewFoundation/Components/CheckboxSCView.swift /Users/runner/work/SleepCycle/SleepCycle/Sources/ViewFoundation/Components/CircularPlayButtonSCView.swift /Users/runner/work/SleepCycle/SleepCycle/Sources/Scenes/Paywall/PaywallSCComponents/ComplianceLinkBarSCView.swift /Users/runner/work/SleepCycle/SleepCycle/Sources/ManagedModel/CoreDataSCStack.swift /Users/runner/work/SleepCycle/SleepCycle/Sources/Scenes/Breathe/BreatheSCComponents/CountdownPrepSCOverlay.swift /Users/runner/work/SleepCycle/SleepCycle/Sources/Scenes/Mine/MineSCComponents/DebugBackdoorSCCopy.swift /Users/runner/work/SleepCycle/SleepCycle/Sources/Scenes/SleepMonitor/SleepMonitorSCComponents/DecibelWaveSCView.swift /Users/runner/work/SleepCycle/SleepCycle/Sources/Runtime/DependencySCContainer.swift /Users/runner/work/SleepCycle/SleepCycle/Sources/ViewFoundation/Components/DurationWheelSCView.swift /Users/runner/work/SleepCycle/SleepCycle/Sources/ViewFoundation/Components/EmptyStateSCView.swift /Users/runner/work/SleepCycle/SleepCycle/Sources/Scenes/Explore/ExploreSCView.swift /Users/runner/work/SleepCycle/SleepCycle/Sources/Scenes/Explore/ExploreSCViewModel.swift /Users/runner/work/SleepCycle/SleepCycle/Sources/Scenes/Explore/ExploreSCViewState.swift /Users/runner/work/SleepCycle/SleepCycle/Sources/Scenes/Advertising/FeedAdSCCard.swift /Users/runner/work/SleepCycle/SleepCycle/Sources/Scenes/Focus/FocusSCComponents/FocusDialSCView.swift /Users/runner/work/SleepCycle/SleepCycle/Sources/Scenes/Focus/FocusSCView.swift /Users/runner/work/SleepCycle/SleepCycle/Sources/Scenes/Focus/FocusSCViewModel.swift /Users/runner/work/SleepCycle/SleepCycle/Sources/Scenes/Focus/FocusSCViewState.swift /Users/runner/work/SleepCycle/SleepCycle/Sources/RepositoryHub/FocusSessionSCRepository.swift /Users/runner/work/SleepCycle/SleepCycle/Sources/ViewFoundation/Modifiers/GlassOverlaySCModifier.swift /Users/runner/work/SleepCycle/SleepCycle/Sources/Scenes/Home/HomeSCComponents/GreetingSCView.swift /Users/runner/work/SleepCycle/SleepCycle/Sources/ServiceGateways/HapticSCService.swift /Users/runner/work/SleepCycle/SleepCycle/Sources/Scenes/Home/HomeSCView.swift /Users/runner/work/SleepCycle/SleepCycle/Sources/Scenes/Home/HomeSCViewModel.swift /Users/runner/work/SleepCycle/SleepCycle/Sources/Scenes/Home/HomeSCViewState.swift /Users/runner/work/SleepCycle/SleepCycle/Sources/Scenes/Advertising/InterstitialAdSCView.swift /Users/runner/work/SleepCycle/SleepCycle/Sources/Scenes/Launch/LaunchSCView.swift /Users/runner/work/SleepCycle/SleepCycle/Sources/Scenes/Launch/LaunchSCViewModel.swift /Users/runner/work/SleepCycle/SleepCycle/Sources/Scenes/Launch/LaunchSCViewState.swift /Users/runner/work/SleepCycle/SleepCycle/Sources/RepositoryHub/ListeningStatsSCRepository.swift /Users/runner/work/SleepCycle/SleepCycle/Sources/Scenes/Mine/LocalRecording/LocalRecordingSCView.swift /Users/runner/work/SleepCycle/SleepCycle/Sources/Scenes/Mine/LocalRecording/LocalRecordingSCViewModel.swift /Users/runner/work/SleepCycle/SleepCycle/Sources/Scenes/Mine/LocalRecording/LocalRecordingSCViewState.swift /Users/runner/work/SleepCycle/SleepCycle/Sources/ServiceGateways/LocaleSCService.swift /Users/runner/work/SleepCycle/SleepCycle/Sources/ViewFoundation/Modifiers/LockedOverlaySCModifier.swift /Users/runner/work/SleepCycle/SleepCycle/Sources/Scenes/AppShell/AppShellSCComponents/MainTabBarSCView.swift /Users/runner/work/SleepCycle/SleepCycle/Sources/Scenes/SleepMonitor/SleepMonitorSCComponents/MetricCardSCView.swift /Users/runner/work/SleepCycle/SleepCycle/Sources/Scenes/Mine/MineSCView.swift /Users/runner/work/SleepCycle/SleepCycle/Sources/Scenes/Mine/MineSCViewModel.swift /Users/runner/work/SleepCycle/SleepCycle/Sources/Scenes/Mine/MineSCViewState.swift /Users/runner/work/SleepCycle/SleepCycle/Sources/ViewFoundation/Components/MiniPlayerSCBar.swift /Users/runner/work/SleepCycle/SleepCycle/Sources/ViewFoundation/Components/NavigationBarSCView.swift /Users/runner/work/SleepCycle/SleepCycle/Sources/Runtime/NavigationSCRoute.swift /Users/runner/work/SleepCycle/SleepCycle/Sources/Runtime/NavigationSCState.swift /Users/runner/work/SleepCycle/SleepCycle/Sources/ServiceGateways/NotificationSCService.swift /Users/runner/work/SleepCycle/SleepCycle/Sources/ServiceGateways/NotificationSoundSCService.swift /Users/runner/work/SleepCycle/SleepCycle/Sources/ServiceGateways/NowPlayingSCGateway.swift /Users/runner/work/SleepCycle/SleepCycle/Sources/Scenes/Onboarding/OnboardingSCComponents/OnboardingPageSCView.swift /Users/runner/work/SleepCycle/SleepCycle/Sources/Scenes/Onboarding/OnboardingSCView.swift /Users/runner/work/SleepCycle/SleepCycle/Sources/Scenes/Onboarding/OnboardingSCViewModel.swift /Users/runner/work/SleepCycle/SleepCycle/Sources/Scenes/Onboarding/OnboardingSCViewState.swift /Users/runner/work/SleepCycle/SleepCycle/Sources/Scenes/Onboarding/OnboardingSCComponents/PageIndicatorSCView.swift /Users/runner/work/SleepCycle/SleepCycle/Sources/Scenes/Paywall/PaywallSCView.swift /Users/runner/work/SleepCycle/SleepCycle/Sources/Scenes/Paywall/PaywallSCViewModel.swift /Users/runner/work/SleepCycle/SleepCycle/Sources/Scenes/Paywall/PaywallSCViewState.swift /Users/runner/work/SleepCycle/SleepCycle/Sources/ViewFoundation/Components/PermissionDeniedSCAlert.swift /Users/runner/work/SleepCycle/SleepCycle/Sources/ServiceGateways/PermissionSCGateway.swift /Users/runner/work/SleepCycle/SleepCycle/Sources/Scenes/Player/PlayerSCComponents/PlaybackSliderSCView.swift /Users/runner/work/SleepCycle/SleepCycle/Sources/Scenes/Player/PlayerSCComponents/PlayerActionsSCSheet.swift /Users/runner/work/SleepCycle/SleepCycle/Sources/Scenes/Player/PlayerSCView.swift /Users/runner/work/SleepCycle/SleepCycle/Sources/Scenes/Player/PlayerSCViewModel.swift /Users/runner/work/SleepCycle/SleepCycle/Sources/Scenes/Player/PlayerSCViewState.swift /Users/runner/work/SleepCycle/SleepCycle/Sources/ViewFoundation/Styles/PrimaryButtonSCStyle.swift /Users/runner/work/SleepCycle/SleepCycle/Sources/Scenes/Explore/ExploreSCComponents/PrimaryCategoryBarSCView.swift /Users/runner/work/SleepCycle/SleepCycle/Sources/ViewFoundation/Components/ProgressRingSCView.swift /Users/runner/work/SleepCycle/SleepCycle/Sources/Scenes/Home/HomeSCComponents/PromoBarSCView.swift /Users/runner/work/SleepCycle/SleepCycle/Sources/RepositoryHub/PromotionSCRepository.swift /Users/runner/work/SleepCycle/SleepCycle/Sources/Scenes/Paywall/PaywallSCComponents/PurchaseProcessingSCOverlay.swift /Users/runner/work/SleepCycle/SleepCycle/Sources/ServiceGateways/ReachabilitySCService.swift /Users/runner/work/SleepCycle/SleepCycle/Sources/Scenes/Home/HomeSCComponents/RecentSleepRecordCardSCView.swift /Users/runner/work/SleepCycle/SleepCycle/Sources/Scenes/Home/HomeSCComponents/RecommendRowSCView.swift /Users/runner/work/SleepCycle/SleepCycle/Sources/Scenes/Mine/MineSCComponents/RecommendedAppsSCSection.swift /Users/runner/work/SleepCycle/SleepCycle/Sources/ServiceGateways/RecordingStorageSCGateway.swift /Users/runner/work/SleepCycle/SleepCycle/Sources/Scenes/Alarm/AlarmSCComponents/RepeatRuleSCSheet.swift /Users/runner/work/SleepCycle/SleepCycle/Sources/RepositoryHub/RepositorySCProtocol.swift /Users/runner/work/SleepCycle/SleepCycle/Sources/Scenes/Rest/RestSCView.swift /Users/runner/work/SleepCycle/SleepCycle/Sources/Scenes/Rest/RestSCViewModel.swift /Users/runner/work/SleepCycle/SleepCycle/Sources/Scenes/Rest/RestSCViewState.swift /Users/runner/work/SleepCycle/SleepCycle/Sources/Scenes/Paywall/PaywallSCComponents/RestoreResultSCAlert.swift /Users/runner/work/SleepCycle/SleepCycle/Sources/Scenes/Home/HomeSCComponents/SceneEntryGridSCView.swift /Users/runner/work/SleepCycle/SleepCycle/Sources/ServiceGateways/ScreenBrightnessSCService.swift /Users/runner/work/SleepCycle/SleepCycle/Sources/ViewFoundation/Styles/SecondaryButtonSCStyle.swift /Users/runner/work/SleepCycle/SleepCycle/Sources/Scenes/Explore/ExploreSCComponents/SecondaryTagBarSCView.swift /Users/runner/work/SleepCycle/SleepCycle/Sources/ViewFoundation/Components/SegmentedBarSCView.swift /Users/runner/work/SleepCycle/SleepCycle/Sources/RepositoryHub/Models/SessionPhaseSC.swift /Users/runner/work/SleepCycle/SleepCycle/Sources/Scenes/Mine/MineSCComponents/SettingsGroupSCView.swift /Users/runner/work/SleepCycle/SleepCycle/Sources/ViewFoundation/Components/SettingsRowSCView.swift /Users/runner/work/SleepCycle/SleepCycle/Sources/ServiceGateways/ShareSCGateway.swift /Users/runner/work/SleepCycle/SleepCycle/Sources/ViewFoundation/Components/SkeletonSCView.swift /Users/runner/work/SleepCycle/SleepCycle/Sources/ServiceGateways/SleepAnalysisSCService.swift /Users/runner/work/SleepCycle/SleepCycle/Sources/Runtime/SleepCycleApp.swift /Users/runner/work/SleepCycle/SleepCycle/Sources/Scenes/Home/HomeSCComponents/SleepHeroCardSCView.swift /Users/runner/work/SleepCycle/SleepCycle/Sources/Scenes/SleepMonitor/SleepIntroSCView.swift /Users/runner/work/SleepCycle/SleepCycle/Sources/Scenes/SleepMonitor/SleepIntroSCViewModel.swift /Users/runner/work/SleepCycle/SleepCycle/Sources/Scenes/SleepMonitor/SleepIntroSCViewState.swift /Users/runner/work/SleepCycle/SleepCycle/Sources/Scenes/SleepMonitor/SleepMonitorSCView.swift /Users/runner/work/SleepCycle/SleepCycle/Sources/Scenes/SleepMonitor/SleepMonitorSCViewModel.swift /Users/runner/work/SleepCycle/SleepCycle/Sources/Scenes/SleepMonitor/SleepMonitorSCViewState.swift /Users/runner/work/SleepCycle/SleepCycle/Sources/Scenes/Home/HomeSCComponents/SleepQuickStatsSCView.swift /Users/runner/work/SleepCycle/SleepCycle/Sources/RepositoryHub/Models/SleepRecordSC.swift /Users/runner/work/SleepCycle/SleepCycle/Sources/ManagedModel/Entities/SleepRecordSCEntity.swift /Users/runner/work/SleepCycle/SleepCycle/Sources/RepositoryHub/SleepRecordSCRepository.swift /Users/runner/work/SleepCycle/SleepCycle/Sources/Scenes/SleepMonitor/SleepReportSCView.swift /Users/runner/work/SleepCycle/SleepCycle/Sources/Scenes/SleepMonitor/SleepReportSCViewModel.swift /Users/runner/work/SleepCycle/SleepCycle/Sources/Scenes/SleepMonitor/SleepReportSCViewState.swift /Users/runner/work/SleepCycle/SleepCycle/Sources/Scenes/SleepMonitor/SleepMonitorSCComponents/SleepStageChartSCView.swift /Users/runner/work/SleepCycle/SleepCycle/Sources/Scenes/Player/PlayerSCComponents/SleepTimerSCSheet.swift /Users/runner/work/SleepCycle/SleepCycle/Sources/Scenes/Alarm/AlarmSCComponents/SlideToWakeSCView.swift /Users/runner/work/SleepCycle/SleepCycle/Sources/ViewFoundation/Components/SliderSCView.swift /Users/runner/work/SleepCycle/SleepCycle/Sources/ViewFoundation/Components/SoundCardSCView.swift /Users/runner/work/SleepCycle/SleepCycle/Sources/RepositoryHub/Models/SoundCatalogSCPayload.swift /Users/runner/work/SleepCycle/SleepCycle/Sources/RepositoryHub/SoundCatalogSCRepository.swift /Users/runner/work/SleepCycle/SleepCycle/Sources/Scenes/SleepMonitor/SleepMonitorSCComponents/SoundEventRowSCView.swift /Users/runner/work/SleepCycle/SleepCycle/Sources/Scenes/Explore/ExploreSCComponents/SoundGridSCView.swift /Users/runner/work/SleepCycle/SleepCycle/Sources/RepositoryHub/Models/SoundSC.swift /Users/runner/work/SleepCycle/SleepCycle/Sources/Scenes/Soundscape/SoundscapePickerSCSheet.swift /Users/runner/work/SleepCycle/SleepCycle/Sources/Scenes/Soundscape/SoundscapePickerSCViewModel.swift /Users/runner/work/SleepCycle/SleepCycle/Sources/Scenes/Soundscape/SoundscapePickerSCViewState.swift /Users/runner/work/SleepCycle/SleepCycle/Sources/Scenes/Mine/SubscriptionDetail/SubscriptionDetailSCView.swift /Users/runner/work/SleepCycle/SleepCycle/Sources/Scenes/Mine/SubscriptionDetail/SubscriptionDetailSCViewModel.swift /Users/runner/work/SleepCycle/SleepCycle/Sources/Scenes/Mine/SubscriptionDetail/SubscriptionDetailSCViewState.swift /Users/runner/work/SleepCycle/SleepCycle/Sources/RepositoryHub/Models/SubscriptionPlanSC.swift /Users/runner/work/SleepCycle/SleepCycle/Sources/ServiceGateways/SupportMailSCGateway.swift /Users/runner/work/SleepCycle/SleepCycle/Sources/Scenes/Mine/MineSCComponents/SupportSCSheet.swift /Users/runner/work/SleepCycle/SleepCycle/Sources/ViewFoundation/Modifiers/SwipeActionSCModifier.swift /Users/runner/work/SleepCycle/SleepCycle/Sources/ServiceGateways/SystemSettingsSCGateway.swift /Users/runner/work/SleepCycle/SleepCycle/Sources/ViewFoundation/Styles/TextButtonSCStyle.swift /Users/runner/work/SleepCycle/SleepCycle/Sources/ViewFoundation/Components/TextFieldSCView.swift /Users/runner/work/SleepCycle/SleepCycle/Sources/Scenes/Paywall/PaywallSCComponents/TierCardSCView.swift /Users/runner/work/SleepCycle/SleepCycle/Sources/Scenes/Alarm/AlarmSCComponents/TimeWheelSCView.swift /Users/runner/work/SleepCycle/SleepCycle/Sources/ViewFoundation/Components/ToastSCView.swift /Users/runner/work/SleepCycle/SleepCycle/Sources/ViewFoundation/Components/ToggleSCView.swift /Users/runner/work/SleepCycle/SleepCycle/Sources/Scenes/Player/PlayerSCComponents/TonearmSCView.swift /Users/runner/work/SleepCycle/SleepCycle/Sources/Scenes/Tools/ToolsSCView.swift /Users/runner/work/SleepCycle/SleepCycle/Sources/Scenes/Tools/ToolsSCViewModel.swift /Users/runner/work/SleepCycle/SleepCycle/Sources/RepositoryHub/UserPreferenceSCRepository.swift /Users/runner/work/SleepCycle/SleepCycle/Sources/ViewFoundation/Modifiers/View+KeyboardSC.swift /Users/runner/work/SleepCycle/SleepCycle/Sources/Scenes/Player/PlayerSCComponents/VinylDiscSCView.swift /Users/runner/work/SleepCycle/SleepCycle/Sources/ViewFoundation/Components/VipBannerSCCard.swift /Users/runner/work/SleepCycle/SleepCycle/Sources/Scenes/SleepMonitor/WakeConfirmSCView.swift /Users/runner/work/SleepCycle/SleepCycle/Sources/Scenes/SleepMonitor/WakeConfirmSCViewModel.swift /Users/runner/work/SleepCycle/SleepCycle/Sources/Scenes/SleepMonitor/WakeConfirmSCViewState.swift /Users/runner/work/SleepCycle/SleepCycle/Sources/ServiceGateways/WebContentSCGateway.swift /Users/runner/work/SleepCycle/SleepCycle/Sources/Scenes/Alarm/AlarmSCComponents/WeekdayPickerSCSheet.swift /Users/runner/Library/Developer/Xcode/DerivedData/SleepCycle-cbzxdwygtqvxpycjunkumnsgsekw/Build/Intermediates.noindex/ArchiveIntermediates/SleepCycle/IntermediateBuildFilesPath/SleepCycle.build/Release-iphoneos/SleepCycle.build/DerivedSources/GeneratedAssetSymbols.swift /Applications/Xcode_26.3.app/Contents/Developer/Toolchains/XcodeDefault.xctoolchain/usr/lib/swift/iphoneos/prebuilt-modules/26.2/CoreVideo.swiftmodule/arm64e-apple-ios.swiftmodule /Applications/Xcode_26.3.app/Contents/Developer/Toolchains/XcodeDefault.xctoolchain/usr/lib/swift/iphoneos/prebuilt-modules/26.2/_Concurrency.swiftmodule/arm64e-apple-ios.swiftmodule /Applications/Xcode_26.3.app/Contents/Developer/Toolchains/XcodeDefault.xctoolchain/usr/lib/swift/iphoneos/prebuilt-modules/26.2/Distributed.swiftmodule/arm64e-apple-ios.swiftmodule /Applications/Xcode_26.3.app/Contents/Developer/Toolchains/XcodeDefault.xctoolchain/usr/lib/swift/iphoneos/prebuilt-modules/26.2/CoreText.swiftmodule/arm64e-apple-ios.swiftmodule /Applications/Xcode_26.3.app/Contents/Developer/Toolchains/XcodeDefault.xctoolchain/usr/lib/swift/iphoneos/prebuilt-modules/26.2/CoreGraphics.swiftmodule/arm64e-apple-ios.swiftmodule /Applications/Xcode_26.3.app/Contents/Developer/Toolchains/XcodeDefault.xctoolchain/usr/lib/swift/iphoneos/prebuilt-modules/26.2/os.swiftmodule/arm64e-apple-ios.swiftmodule /Applications/Xcode_26.3.app/Contents/Developer/Toolchains/XcodeDefault.xctoolchain/usr/lib/swift/iphoneos/prebuilt-modules/26.2/Observation.swiftmodule/arm64e-apple-ios.swiftmodule /Applications/Xcode_26.3.app/Contents/Developer/Toolchains/XcodeDefault.xctoolchain/usr/lib/swift/iphoneos/prebuilt-modules/26.2/CoreTransferable.swiftmodule/arm64e-apple-ios.swiftmodule /Applications/Xcode_26.3.app/Contents/Developer/Toolchains/XcodeDefault.xctoolchain/usr/lib/swift/iphoneos/prebuilt-modules/26.2/ExtensionFoundation.swiftmodule/arm64e-apple-ios.swiftmodule /Applications/Xcode_26.3.app/Contents/Developer/Toolchains/XcodeDefault.xctoolchain/usr/lib/swift/iphoneos/prebuilt-modules/26.2/AVFoundation.swiftmodule/arm64e-apple-ios.swiftmodule /Applications/Xcode_26.3.app/Contents/Developer/Toolchains/XcodeDefault.xctoolchain/usr/lib/swift/iphoneos/prebuilt-modules/26.2/UniformTypeIdentifiers.swiftmodule/arm64e-apple-ios.swiftmodule /Applications/Xcode_26.3.app/Contents/Developer/Toolchains/XcodeDefault.xctoolchain/usr/lib/swift/iphoneos/prebuilt-modules/26.2/simd.swiftmodule/arm64e-apple-ios.swiftmodule /Applications/Xcode_26.3.app/Contents/Developer/Toolchains/XcodeDefault.xctoolchain/usr/lib/swift/iphoneos/prebuilt-modules/26.2/_Builtin_float.swiftmodule/arm64e-apple-ios.swiftmodule /Applications/Xcode_26.3.app/Contents/Developer/Toolchains/XcodeDefault.xctoolchain/usr/lib/swift/iphoneos/prebuilt-modules/26.2/Combine.swiftmodule/arm64e-apple-ios.swiftmodule /Applications/Xcode_26.3.app/Contents/Developer/Toolchains/XcodeDefault.xctoolchain/usr/lib/swift/iphoneos/prebuilt-modules/26.2/SwiftUICore.swiftmodule/arm64e-apple-ios.swiftmodule /Applications/Xcode_26.3.app/Contents/Developer/Toolchains/XcodeDefault.xctoolchain/usr/lib/swift/iphoneos/prebuilt-modules/26.2/AVFAudio.swiftmodule/arm64e-apple-ios.swiftmodule /Applications/Xcode_26.3.app/Contents/Developer/Toolchains/XcodeDefault.xctoolchain/usr/lib/swift/iphoneos/prebuilt-modules/26.2/AudioToolbox.swiftmodule/arm64e-apple-ios.swiftmodule /Applications/Xcode_26.3.app/Contents/Developer/Toolchains/XcodeDefault.xctoolchain/usr/lib/swift/iphoneos/prebuilt-modules/26.2/LocalAuthentication.swiftmodule/arm64e-apple-ios.swiftmodule /Applications/Xcode_26.3.app/Contents/Developer/Toolchains/XcodeDefault.xctoolchain/usr/lib/swift/iphoneos/prebuilt-modules/26.2/OSLog.swiftmodule/arm64e-apple-ios.swiftmodule /Applications/Xcode_26.3.app/Contents/Developer/Toolchains/XcodeDefault.xctoolchain/usr/lib/swift/iphoneos/prebuilt-modules/26.2/Accessibility.swiftmodule/arm64e-apple-ios.swiftmodule /Applications/Xcode_26.3.app/Contents/Developer/Toolchains/XcodeDefault.xctoolchain/usr/lib/swift/iphoneos/prebuilt-modules/26.2/CoreAudio.swiftmodule/arm64e-apple-ios.swiftmodule /Applications/Xcode_26.3.app/Contents/Developer/Toolchains/XcodeDefault.xctoolchain/usr/lib/swift/iphoneos/prebuilt-modules/26.2/_StoreKit_SwiftUI.swiftmodule/arm64e-apple-ios.swiftmodule /Applications/Xcode_26.3.app/Contents/Developer/Toolchains/XcodeDefault.xctoolchain/usr/lib/swift/iphoneos/prebuilt-modules/26.2/WebKit.swiftmodule/arm64e-apple-ios.swiftmodule /Applications/Xcode_26.3.app/Contents/Developer/Toolchains/XcodeDefault.xctoolchain/usr/lib/swift/iphoneos/prebuilt-modules/26.2/StoreKit.swiftmodule/arm64e-apple-ios.swiftmodule /Applications/Xcode_26.3.app/Contents/Developer/Toolchains/XcodeDefault.xctoolchain/usr/lib/swift/iphoneos/prebuilt-modules/26.2/CoreFoundation.swiftmodule/arm64e-apple-ios.swiftmodule /Applications/Xcode_26.3.app/Contents/Developer/Toolchains/XcodeDefault.xctoolchain/usr/lib/swift/iphoneos/prebuilt-modules/26.2/Network.swiftmodule/arm64e-apple-ios.swiftmodule /Applications/Xcode_26.3.app/Contents/Developer/Toolchains/XcodeDefault.xctoolchain/usr/lib/swift/iphoneos/prebuilt-modules/26.2/Dispatch.swiftmodule/arm64e-apple-ios.swiftmodule /Applications/Xcode_26.3.app/Contents/Developer/Toolchains/XcodeDefault.xctoolchain/usr/lib/swift/iphoneos/prebuilt-modules/26.2/XPC.swiftmodule/arm64e-apple-ios.swiftmodule /Applications/Xcode_26.3.app/Contents/Developer/Toolchains/XcodeDefault.xctoolchain/usr/lib/swift/iphoneos/prebuilt-modules/26.2/Synchronization.swiftmodule/arm64e-apple-ios.swiftmodule /Applications/Xcode_26.3.app/Contents/Developer/Toolchains/XcodeDefault.xctoolchain/usr/lib/swift/iphoneos/prebuilt-modules/26.2/DataDetection.swiftmodule/arm64e-apple-ios.swiftmodule /Applications/Xcode_26.3.app/Contents/Developer/Toolchains/XcodeDefault.xctoolchain/usr/lib/swift/iphoneos/prebuilt-modules/26.2/CoreMedia.swiftmodule/arm64e-apple-ios.swiftmodule /Applications/Xcode_26.3.app/Contents/Developer/Toolchains/XcodeDefault.xctoolchain/usr/lib/swift/iphoneos/prebuilt-modules/26.2/Foundation.swiftmodule/arm64e-apple-ios.swiftmodule /Applications/Xcode_26.3.app/Contents/Developer/Toolchains/XcodeDefault.xctoolchain/usr/lib/swift/iphoneos/prebuilt-modules/26.2/CryptoKit.swiftmodule/arm64e-apple-ios.swiftmodule /Applications/Xcode_26.3.app/Contents/Developer/Toolchains/XcodeDefault.xctoolchain/usr/lib/swift/iphoneos/prebuilt-modules/26.2/CoreImage.swiftmodule/arm64e-apple-ios.swiftmodule /Applications/Xcode_26.3.app/Contents/Developer/Toolchains/XcodeDefault.xctoolchain/usr/lib/swift/iphoneos/prebuilt-modules/26.2/_DarwinFoundation2.swiftmodule/arm64e-apple-ios.swiftmodule /Applications/Xcode_26.3.app/Contents/Developer/Toolchains/XcodeDefault.xctoolchain/usr/lib/swift/iphoneos/prebuilt-modules/26.2/CoreData.swiftmodule/arm64e-apple-ios.swiftmodule /Applications/Xcode_26.3.app/Contents/Developer/Toolchains/XcodeDefault.xctoolchain/usr/lib/swift/iphoneos/prebuilt-modules/26.2/ObjectiveC.swiftmodule/arm64e-apple-ios.swiftmodule /Applications/Xcode_26.3.app/Contents/Developer/Toolchains/XcodeDefault.xctoolchain/usr/lib/swift/iphoneos/prebuilt-modules/26.2/UIKit.swiftmodule/arm64e-apple-ios.swiftmodule /Applications/Xcode_26.3.app/Contents/Developer/Toolchains/XcodeDefault.xctoolchain/usr/lib/swift/iphoneos/prebuilt-modules/26.2/_DarwinFoundation3.swiftmodule/arm64e-apple-ios.swiftmodule /Applications/Xcode_26.3.app/Contents/Developer/Toolchains/XcodeDefault.xctoolchain/usr/lib/swift/iphoneos/prebuilt-modules/26.2/DeveloperToolsSupport.swiftmodule/arm64e-apple-ios.swiftmodule /Applications/Xcode_26.3.app/Contents/Developer/Toolchains/XcodeDefault.xctoolchain/usr/lib/swift/iphoneos/prebuilt-modules/26.2/Symbols.swiftmodule/arm64e-apple-ios.swiftmodule /Applications/Xcode_26.3.app/Contents/Developer/Toolchains/XcodeDefault.xctoolchain/usr/lib/swift/iphoneos/prebuilt-modules/26.2/_StringProcessing.swiftmodule/arm64e-apple-ios.swiftmodule /Applications/Xcode_26.3.app/Contents/Developer/Toolchains/XcodeDefault.xctoolchain/usr/lib/swift/iphoneos/prebuilt-modules/26.2/Darwin.swiftmodule/arm64e-apple-ios.swiftmodule /Applications/Xcode_26.3.app/Contents/Developer/Toolchains/XcodeDefault.xctoolchain/usr/lib/swift/iphoneos/prebuilt-modules/26.2/BackgroundAssets.swiftmodule/arm64e-apple-ios.swiftmodule /Applications/Xcode_26.3.app/Contents/Developer/Toolchains/XcodeDefault.xctoolchain/usr/lib/swift/iphoneos/prebuilt-modules/26.2/MediaPlayer.swiftmodule/arm64e-apple-ios.swiftmodule /Applications/Xcode_26.3.app/Contents/Developer/Toolchains/XcodeDefault.xctoolchain/usr/lib/swift/iphoneos/prebuilt-modules/26.2/SwiftUI.swiftmodule/arm64e-apple-ios.swiftmodule /Applications/Xcode_26.3.app/Contents/Developer/Toolchains/XcodeDefault.xctoolchain/usr/lib/swift/iphoneos/prebuilt-modules/26.2/System.swiftmodule/arm64e-apple-ios.swiftmodule /Applications/Xcode_26.3.app/Contents/Developer/Toolchains/XcodeDefault.xctoolchain/usr/lib/swift/iphoneos/prebuilt-modules/26.2/CoreMIDI.swiftmodule/arm64e-apple-ios.swiftmodule /Applications/Xcode_26.3.app/Contents/Developer/Toolchains/XcodeDefault.xctoolchain/usr/lib/swift/iphoneos/prebuilt-modules/26.2/FileProvider.swiftmodule/arm64e-apple-ios.swiftmodule /Users/runner/Library/Developer/Xcode/DerivedData/SleepCycle-cbzxdwygtqvxpycjunkumnsgsekw/Build/Intermediates.noindex/ArchiveIntermediates/SleepCycle/BuildProductsPath/Release-iphoneos/SubscriptionKit/SubscriptionKit.framework/Modules/SubscriptionKit.swiftmodule/arm64-apple-ios.swiftmodule /Applications/Xcode_26.3.app/Contents/Developer/Toolchains/XcodeDefault.xctoolchain/usr/lib/swift/iphoneos/prebuilt-modules/26.2/Spatial.swiftmodule/arm64e-apple-ios.swiftmodule /Applications/Xcode_26.3.app/Contents/Developer/Toolchains/XcodeDefault.xctoolchain/usr/lib/swift/iphoneos/prebuilt-modules/26.2/_DarwinFoundation1.swiftmodule/arm64e-apple-ios.swiftmodule /Applications/Xcode_26.3.app/Contents/Developer/Toolchains/XcodeDefault.xctoolchain/usr/lib/swift/iphoneos/prebuilt-modules/26.2/Swift.swiftmodule/arm64e-apple-ios.swiftmodule /Applications/Xcode_26.3.app/Contents/Developer/Toolchains/XcodeDefault.xctoolchain/usr/lib/swift/iphoneos/prebuilt-modules/26.2/QuartzCore.swiftmodule/arm64e-apple-ios.swiftmodule /Applications/Xcode_26.3.app/Contents/Developer/Toolchains/XcodeDefault.xctoolchain/usr/lib/swift/iphoneos/prebuilt-modules/26.2/Metal.swiftmodule/arm64e-apple-ios.swiftmodule /Users/runner/Library/Developer/Xcode/DerivedData/ModuleCache.noindex/OSLog-5XPW98X3CH9B5HGSBSNWIPMSG.pcm /Users/runner/Library/Developer/Xcode/DerivedData/ModuleCache.noindex/_DarwinFoundation2-1KT0N7QVJW9SSDL0IT59PIDTQ.pcm /Users/runner/Library/Developer/Xcode/DerivedData/ModuleCache.noindex/simd-BC09T05ZBP4J6AQ2DW5YSDFJF.pcm /Users/runner/Library/Developer/Xcode/DerivedData/ModuleCache.noindex/OpenGLES-5BVFD2P8FW75C0D3OOF1NTSHT.pcm /Users/runner/Library/Developer/Xcode/DerivedData/ModuleCache.noindex/Metal-67AOBAU2YZN7OR2TPYHC4AGG9.pcm /Users/runner/Library/Developer/Xcode/DerivedData/ModuleCache.noindex/ObjectiveC-5TQAA2KKN8UV2ABL3ZGXO1F8F.pcm /Users/runner/Library/Developer/Xcode/DerivedData/ModuleCache.noindex/_Builtin_stdbool-E4PO5GYSXQ6FUD9MW336XM8CW.pcm /Users/runner/Library/Developer/Xcode/DerivedData/ModuleCache.noindex/_Builtin_inttypes-ASOK1VH4JJGAVQVC810HI7EMV.pcm /Users/runner/Library/Developer/Xcode/DerivedData/ModuleCache.noindex/dnssd-6X08POFDPHALJE4IWLODPAJ27.pcm /Users/runner/Library/Developer/Xcode/DerivedData/ModuleCache.noindex/sys_types-E69JO91901MPSX468XXSJ0DWA.pcm /Users/runner/Library/Developer/Xcode/DerivedData/ModuleCache.noindex/AVFoundation-CSEOVNEZ793E6KJQMA0U0S8QV.pcm /Users/runner/Library/Developer/Xcode/DerivedData/ModuleCache.noindex/CoreAudio-39J0NGEL7YX2SMOFXZTWIROOZ.pcm /Users/runner/Library/Developer/Xcode/DerivedData/ModuleCache.noindex/CoreGraphics-2UONO584T1RSNICGD46TTIMWI.pcm /Users/runner/Library/Developer/Xcode/DerivedData/ModuleCache.noindex/SwiftUICore-5YI9C02NF3MHQBWW995K6KLE7.pcm /Users/runner/Library/Developer/Xcode/DerivedData/SleepCycle-cbzxdwygtqvxpycjunkumnsgsekw/Build/Intermediates.noindex/ArchiveIntermediates/SleepCycle/IntermediateBuildFilesPath/SwiftExplicitPrecompiledModules/UMCommon-BY056LGIHU54Z2YGJHEDPBLYT.pcm /Users/runner/Library/Developer/Xcode/DerivedData/ModuleCache.noindex/Darwin-32VBULM4JKW7F2LRJOYBITGQ2.pcm /Users/runner/Library/Developer/Xcode/DerivedData/ModuleCache.noindex/AdServices-6YDU60TPP2WNEB4JB21YRCPOV.pcm /Users/runner/Library/Developer/Xcode/DerivedData/ModuleCache.noindex/CoreVideo-71NZJPXNJCTVI17O2717FGKG7.pcm /Users/runner/Library/Developer/Xcode/DerivedData/ModuleCache.noindex/StoreKit-8F47VSHNHB3TSK9GMBE3VP82Z.pcm /Users/runner/Library/Developer/Xcode/DerivedData/ModuleCache.noindex/CoreMedia-6N9DTZ3Q28F14GWRS2XJT3D41.pcm /Users/runner/Library/Developer/Xcode/DerivedData/ModuleCache.noindex/_DarwinFoundation1-AXAK9ONW7IKCKKQ7MHOZIUP92.pcm /Users/runner/Library/Developer/Xcode/DerivedData/ModuleCache.noindex/IOSurface-EITNWS6CD8MHQPUNBQ8E33QS2.pcm /Users/runner/Library/Developer/Xcode/DerivedData/ModuleCache.noindex/CoreMIDI-59M3GLKLQKF9378AHWLCKTCJ7.pcm /Users/runner/Library/Developer/Xcode/DerivedData/ModuleCache.noindex/CoreFoundation-3215T7Y2FPISGZJV8Y4WBJTG5.pcm /Users/runner/Library/Developer/Xcode/DerivedData/ModuleCache.noindex/AVFAudio-1EY9IPUZLAM12MRW47Q9FI499.pcm /Users/runner/Library/Developer/Xcode/DerivedData/ModuleCache.noindex/AudioToolbox-7DCGNBXVIZY73XMPP2DARH5TF.pcm /Users/runner/Library/Developer/Xcode/DerivedData/ModuleCache.noindex/_Builtin_stdint-4ZBGKR1WDBRDOEE3FG0E90DW4.pcm /Users/runner/Library/Developer/Xcode/DerivedData/ModuleCache.noindex/AVRouting-ABXJG2DVXNXPTOWNFCJ15ZA61.pcm /Users/runner/Library/Developer/Xcode/DerivedData/ModuleCache.noindex/ptrauth-1Y82ZI8JJINRN1FZ63K8V9FEN.pcm /Users/runner/Library/Developer/Xcode/DerivedData/ModuleCache.noindex/Foundation-4I2YB51NCVN7PIQ9SOQ65EFCQ.pcm /Users/runner/Library/Developer/Xcode/DerivedData/ModuleCache.noindex/ImageIO-2PE3RSN3EQDR8AB492WCV5KVO.pcm /Users/runner/Library/Developer/Xcode/DerivedData/ModuleCache.noindex/_Builtin_tgmath-1TUS3D6GAQO0OXTADD9NGJMDW.pcm /Users/runner/Library/Developer/Xcode/DerivedData/ModuleCache.noindex/CoreTransferable-F4WNIHYYM49DYNGR39KCJNUHV.pcm /Users/runner/Library/Developer/Xcode/DerivedData/ModuleCache.noindex/UIUtilities-8DB0XC5PDFUF6Y05HP9HFX70I.pcm /Users/runner/Library/Developer/Xcode/DerivedData/ModuleCache.noindex/CoreImage-BR89QKJ2INPTAV28N88H0K43K.pcm /Users/runner/Library/Developer/Xcode/DerivedData/ModuleCache.noindex/FileProvider-14568SSUIUX0NM03XVN13MM7N.pcm /Users/runner/Library/Developer/Xcode/DerivedData/ModuleCache.noindex/_StoreKit_SwiftUI-1T7X346OILNGBZAAEVX8SSJLU.pcm /Users/runner/Library/Developer/Xcode/DerivedData/ModuleCache.noindex/LocalAuthentication-AAGAF3KAMC1OIQ92O0SA543OB.pcm /Users/runner/Library/Developer/Xcode/DerivedData/ModuleCache.noindex/UniformTypeIdentifiers-3NK19WQD8IY7TNM619XIF67X7.pcm /Users/runner/Library/Developer/Xcode/DerivedData/ModuleCache.noindex/Accessibility-7LEZIECK08G19RZT5RG2DPKBJ.pcm /Users/runner/Library/Developer/Xcode/DerivedData/ModuleCache.noindex/CoreText-ASW4JYHOHBTNI9Z1ZJFI18ZJX.pcm /Users/runner/Library/Developer/Xcode/DerivedData/ModuleCache.noindex/BackgroundAssets-B6CAMOIX9VY5VPNZTJCK245ZV.pcm /Users/runner/Library/Developer/Xcode/DerivedData/ModuleCache.noindex/XPC-89K375CHT9XZ8PGOT4UQAWR3.pcm /Users/runner/Library/Developer/Xcode/DerivedData/ModuleCache.noindex/UIKit-EDFPHR8P79JGOAZWB9FIQRHYR.pcm /Users/runner/Library/Developer/Xcode/DerivedData/ModuleCache.noindex/_Builtin_float-6Q04N3WJW42GZHXGGCGCMO3V5.pcm /Users/runner/Library/Developer/Xcode/DerivedData/ModuleCache.noindex/CoreAudioTypes-37I3J0UPJN8F5N1ZML6I4G9BO.pcm /Users/runner/Library/Developer/Xcode/DerivedData/ModuleCache.noindex/_Builtin_stddef-D56B3AOPZILRV5RY4Z7BMDOSL.pcm /Users/runner/Library/Developer/Xcode/DerivedData/ModuleCache.noindex/_Builtin_stdarg-3UADYY6JF9BGYXF2W3DEH9JXO.pcm /Users/runner/Library/Developer/Xcode/DerivedData/ModuleCache.noindex/UserNotifications-12M6M0ALNKFG8Y2N3JC30RDHG.pcm /Users/runner/Library/Developer/Xcode/DerivedData/ModuleCache.noindex/Security-3XET3X1ZVNYOYNNVCH81T0HFO.pcm /Users/runner/Library/Developer/Xcode/DerivedData/ModuleCache.noindex/_Builtin_intrinsics-DJ6QEK45NQG9PH3GWW33QL5IU.pcm /Users/runner/Library/Developer/Xcode/DerivedData/ModuleCache.noindex/MediaToolbox-8P3BWOJONFUNFC4BAFTXD41G8.pcm /Users/runner/Library/Developer/Xcode/DerivedData/ModuleCache.noindex/Network-B9JLTSOQBY04TPX89YOYEDA9W.pcm /Users/runner/Library/Developer/Xcode/DerivedData/ModuleCache.noindex/MachO-XF793000230WFAGL2MUFO2LC.pcm /Users/runner/Library/Developer/Xcode/DerivedData/ModuleCache.noindex/os_workgroup-9SJQPIK7APJMRV158BIKQV99U.pcm /Users/runner/Library/Developer/Xcode/DerivedData/ModuleCache.noindex/os_object-4HBEW84IMG0SV75KWBGF0RPAH.pcm /Users/runner/Library/Developer/Xcode/DerivedData/ModuleCache.noindex/CFNetwork-E0B0K6S63NRFXUCN0I248J3I1.pcm /Users/runner/Library/Developer/Xcode/DerivedData/ModuleCache.noindex/MediaPlayer-DSAOJXM1HAYZAFFY2EDGRRV2O.pcm /Users/runner/Library/Developer/Xcode/DerivedData/ModuleCache.noindex/_DarwinFoundation3-D40WAL051S54GZJ60Z168IDIJ.pcm /Users/runner/Library/Developer/Xcode/DerivedData/ModuleCache.noindex/DeveloperToolsSupport-91M3588X5I450EVJX866G6F37.pcm /Users/runner/Library/Developer/Xcode/DerivedData/ModuleCache.noindex/_Builtin_stdatomic-3WK2Z71TFBQKU6QB4L36DE6DC.pcm /Users/runner/Library/Developer/Xcode/DerivedData/ModuleCache.noindex/QuartzCore-G4VI6MQNGAJ23I08R68TFRFW.pcm /Users/runner/Library/Developer/Xcode/DerivedData/ModuleCache.noindex/ExtensionFoundation-KBUSF8XO2NYC7SINEFMXG81H.pcm /Users/runner/Library/Developer/Xcode/DerivedData/ModuleCache.noindex/_Builtin_limits-9C4XWF56YW5VJNE462XX3S291.pcm /Users/runner/Library/Developer/Xcode/DerivedData/ModuleCache.noindex/Dispatch-X3CFGJJVQX83YULHXU36K3X3.pcm /Users/runner/Library/Developer/Xcode/DerivedData/ModuleCache.noindex/ptrcheck-4B75TA49T7YAARX5JSPE1KZDM.pcm /Users/runner/Library/Developer/Xcode/DerivedData/ModuleCache.noindex/DataDetection-39C62IC8HT924M4AAX26RK9RF.pcm /Users/runner/Library/Developer/Xcode/DerivedData/ModuleCache.noindex/SwiftUI-35WLO3LENPATPT7555CRKKV66.pcm /Users/runner/Library/Developer/Xcode/DerivedData/ModuleCache.noindex/_SwiftConcurrencyShims-ET20BZ6W4R0387G36PO1KXMLT.pcm /Users/runner/Library/Developer/Xcode/DerivedData/ModuleCache.noindex/SwiftShims-36L5TMN9OUCLA1P8DKJP9RN6Y.pcm /Users/runner/Library/Developer/Xcode/DerivedData/SleepCycle-cbzxdwygtqvxpycjunkumnsgsekw/Build/Intermediates.noindex/ArchiveIntermediates/SleepCycle/IntermediateBuildFilesPath/SwiftExplicitPrecompiledModules/SubscriptionKit-D45X1T25T4NKQSY1VT3MJNO6C.pcm /Users/runner/Library/Developer/Xcode/DerivedData/ModuleCache.noindex/os-2LE86AEK2RRCEWX1Q6Q5FMR7L.pcm /Users/runner/Library/Developer/Xcode/DerivedData/ModuleCache.noindex/CoreData-BPKV9QIGKFE3W18LLZW84WBW4.pcm /Users/runner/Library/Developer/Xcode/DerivedData/ModuleCache.noindex/WebKit-4558WC0EZARV96ZM2UM6HDLCH.pcm /Users/runner/Library/Developer/Xcode/DerivedData/ModuleCache.noindex/_AvailabilityInternal-B2MJT460RPZK6C0PMHF3AYFHD.pcm /Users/runner/Library/Developer/Xcode/DerivedData/ModuleCache.noindex/Symbols-1OMEYTK0D02NE3NWLO9SNQLOB.pcm /Users/runner/Library/Developer/Xcode/DerivedData/ModuleCache.noindex/Spatial-AVALRA07WHT5QQA2UCIN30PPY.pcm /Users/runner/Library/Developer/Xcode/DerivedData/SleepCycle-cbzxdwygtqvxpycjunkumnsgsekw/Build/Intermediates.noindex/ArchiveIntermediates/SleepCycle/IntermediateBuildFilesPath/SleepCycle.build/Release-iphoneos/SleepCycle.build/Objects-normal/arm64/SleepCycle-dependencies-1.json (in target 'SleepCycle' from project 'SleepCycle')
CompileSwift normal arm64 (in target 'SleepCycle' from project 'SleepCycle')
    cd /Users/runner/work/SleepCycle/SleepCycle
    
/Users/runner/work/SleepCycle/SleepCycle/Sources/Scenes/Paywall/PaywallSCView.swift:376:37: warning: 'regionCode' was deprecated in iOS 16: renamed to 'region.identifier'
            country: Locale.current.regionCode ?? ""
                                    ^
/Users/runner/work/SleepCycle/SleepCycle/Sources/Scenes/Paywall/PaywallSCView.swift:376:37: note: use 'region.identifier' instead
            country: Locale.current.regionCode ?? ""
                                    ^~~~~~~~~~
                                    region.identifier
/Users/runner/work/SleepCycle/SleepCycle/Sources/Scenes/Paywall/PaywallSCView.swift:398:37: warning: 'regionCode' was deprecated in iOS 16: renamed to 'region.identifier'
            country: Locale.current.regionCode ?? "",
                                    ^
/Users/runner/work/SleepCycle/SleepCycle/Sources/Scenes/Paywall/PaywallSCView.swift:398:37: note: use 'region.identifier' instead
            country: Locale.current.regionCode ?? "",
                                    ^~~~~~~~~~
                                    region.identifier
/Users/runner/work/SleepCycle/SleepCycle/Sources/Scenes/Paywall/PaywallSCView.swift:425:41: warning: 'regionCode' was deprecated in iOS 16: renamed to 'region.identifier'
                country: Locale.current.regionCode ?? "",
                                        ^
/Users/runner/work/SleepCycle/SleepCycle/Sources/Scenes/Paywall/PaywallSCView.swift:425:41: note: use 'region.identifier' instead
                country: Locale.current.regionCode ?? "",
                                        ^~~~~~~~~~
                                        region.identifier
/Users/runner/work/SleepCycle/SleepCycle/Sources/Scenes/Paywall/PaywallSCView.swift:439:41: warning: 'regionCode' was deprecated in iOS 16: renamed to 'region.identifier'
                country: Locale.current.regionCode ?? ""
                                        ^
/Users/runner/work/SleepCycle/SleepCycle/Sources/Scenes/Paywall/PaywallSCView.swift:439:41: note: use 'region.identifier' instead
                country: Locale.current.regionCode ?? ""
                                        ^~~~~~~~~~
                                        region.identifier
/Users/runner/work/SleepCycle/SleepCycle/Sources/Scenes/Paywall/PaywallSCView.swift:449:41: warning: 'regionCode' was deprecated in iOS 16: renamed to 'region.identifier'
                country: Locale.current.regionCode ?? "",
                                        ^
/Users/runner/work/SleepCycle/SleepCycle/Sources/Scenes/Paywall/PaywallSCView.swift:449:41: note: use 'region.identifier' instead
                country: Locale.current.regionCode ?? "",
                                        ^~~~~~~~~~
                                        region.identifier
/Users/runner/work/SleepCycle/SleepCycle/Sources/ServiceGateways/RecordingStorageSCGateway.swift:61:55: warning: 'duration' was deprecated in iOS 16.0: Use load(.duration) instead
                let duration = CMTimeGetSeconds(asset.duration)
                                                      ^

LinkAssetCatalog /Users/runner/work/SleepCycle/SleepCycle/Sources/Resources/Assets.xcassets (in target 'SleepCycle' from project 'SleepCycle')
    cd /Users/runner/work/SleepCycle/SleepCycle
    builtin-linkAssetCatalog --thinned /Users/runner/Library/Developer/Xcode/DerivedData/SleepCycle-cbzxdwygtqvxpycjunkumnsgsekw/Build/Intermediates.noindex/ArchiveIntermediates/SleepCycle/IntermediateBuildFilesPath/SleepCycle.build/Release-iphoneos/SleepCycle.build/assetcatalog_output/thinned --thinned-dependencies /Users/runner/Library/Developer/Xcode/DerivedData/SleepCycle-cbzxdwygtqvxpycjunkumnsgsekw/Build/Intermediates.noindex/ArchiveIntermediates/SleepCycle/IntermediateBuildFilesPath/SleepCycle.build/Release-iphoneos/SleepCycle.build/assetcatalog_dependencies_thinned --thinned-info-plist-content /Users/runner/Library/Developer/Xcode/DerivedData/SleepCycle-cbzxdwygtqvxpycjunkumnsgsekw/Build/Intermediates.noindex/ArchiveIntermediates/SleepCycle/IntermediateBuildFilesPath/SleepCycle.build/Release-iphoneos/SleepCycle.build/assetcatalog_generated_info.plist_thinned --unthinned /Users/runner/Library/Developer/Xcode/DerivedData/SleepCycle-cbzxdwygtqvxpycjunkumnsgsekw/Build/Intermediates.noindex/ArchiveIntermediates/SleepCycle/IntermediateBuildFilesPath/SleepCycle.build/Release-iphoneos/SleepCycle.build/assetcatalog_output/unthinned --unthinned-dependencies /Users/runner/Library/Developer/Xcode/DerivedData/SleepCycle-cbzxdwygtqvxpycjunkumnsgsekw/Build/Intermediates.noindex/ArchiveIntermediates/SleepCycle/IntermediateBuildFilesPath/SleepCycle.build/Release-iphoneos/SleepCycle.build/assetcatalog_dependencies_unthinned --unthinned-info-plist-content /Users/runner/Library/Developer/Xcode/DerivedData/SleepCycle-cbzxdwygtqvxpycjunkumnsgsekw/Build/Intermediates.noindex/ArchiveIntermediates/SleepCycle/IntermediateBuildFilesPath/SleepCycle.build/Release-iphoneos/SleepCycle.build/assetcatalog_generated_info.plist_unthinned --output /Users/runner/Library/Developer/Xcode/DerivedData/SleepCycle-cbzxdwygtqvxpycjunkumnsgsekw/Build/Intermediates.noindex/ArchiveIntermediates/SleepCycle/InstallationBuildProductsLocation/Applications/SleepCycle.app --plist-output /Users/runner/Library/Developer/Xcode/DerivedData/SleepCycle-cbzxdwygtqvxpycjunkumnsgsekw/Build/Intermediates.noindex/ArchiveIntermediates/SleepCycle/IntermediateBuildFilesPath/SleepCycle.build/Release-iphoneos/SleepCycle.build/assetcatalog_generated_info.plist
note: Emplaced /Users/runner/Library/Developer/Xcode/DerivedData/SleepCycle-cbzxdwygtqvxpycjunkumnsgsekw/Build/Intermediates.noindex/ArchiveIntermediates/SleepCycle/InstallationBuildProductsLocation/Applications/SleepCycle.app/AppIcon76x76@2x~ipad.png (in target 'SleepCycle' from project 'SleepCycle')
note: Emplaced /Users/runner/Library/Developer/Xcode/DerivedData/SleepCycle-cbzxdwygtqvxpycjunkumnsgsekw/Build/Intermediates.noindex/ArchiveIntermediates/SleepCycle/InstallationBuildProductsLocation/Applications/SleepCycle.app/AppIcon60x60@2x.png (in target 'SleepCycle' from project 'SleepCycle')
note: Emplaced /Users/runner/Library/Developer/Xcode/DerivedData/SleepCycle-cbzxdwygtqvxpycjunkumnsgsekw/Build/Intermediates.noindex/ArchiveIntermediates/SleepCycle/InstallationBuildProductsLocation/Applications/SleepCycle.app/Assets.car (in target 'SleepCycle' from project 'SleepCycle')

ProcessInfoPlistFile /Users/runner/Library/Developer/Xcode/DerivedData/SleepCycle-cbzxdwygtqvxpycjunkumnsgsekw/Build/Intermediates.noindex/ArchiveIntermediates/SleepCycle/InstallationBuildProductsLocation/Applications/SleepCycle.app/Info.plist /Users/runner/work/SleepCycle/SleepCycle/Sources/Resources/Info.plist (in target 'SleepCycle' from project 'SleepCycle')
    cd /Users/runner/work/SleepCycle/SleepCycle
    builtin-infoPlistUtility /Users/runner/work/SleepCycle/SleepCycle/Sources/Resources/Info.plist -producttype com.apple.product-type.application -genpkginfo /Users/runner/Library/Developer/Xcode/DerivedData/SleepCycle-cbzxdwygtqvxpycjunkumnsgsekw/Build/Intermediates.noindex/ArchiveIntermediates/SleepCycle/InstallationBuildProductsLocation/Applications/SleepCycle.app/PkgInfo -expandbuildsettings -format binary -platform iphoneos -additionalcontentfile /Users/runner/Library/Developer/Xcode/DerivedData/SleepCycle-cbzxdwygtqvxpycjunkumnsgsekw/Build/Intermediates.noindex/ArchiveIntermediates/SleepCycle/IntermediateBuildFilesPath/SleepCycle.build/Release-iphoneos/SleepCycle.build/assetcatalog_generated_info.plist -requiredArchitecture arm64 -o /Users/runner/Library/Developer/Xcode/DerivedData/SleepCycle-cbzxdwygtqvxpycjunkumnsgsekw/Build/Intermediates.noindex/ArchiveIntermediates/SleepCycle/InstallationBuildProductsLocation/Applications/SleepCycle.app/Info.plist

SwiftDriverJobDiscovery normal arm64 Compiling APISCClient.swift, AbandonSessionSCAlert.swift, ActivityShareSCSheet.swift, AdvertisingSCService.swift, AdvertisingSCViewModel.swift, AdvertisingSCViewState.swift, AlarmCardSCView.swift, AlarmDeleteSCAlert.swift, AlarmEditSCView.swift, AlarmEditSCViewModel.swift, AlarmEditSCViewState.swift, AlarmListSCView.swift, AlarmListSCViewModel.swift, AlarmListSCViewState.swift, AlarmRecoverySCAlert.swift, AlarmRingingSCView.swift, AlarmRingingSCViewModel.swift, AlarmRingingSCViewState.swift, AlarmSC.swift, AlarmSCEntity.swift, AlarmSCRepository.swift, AlertDialogSCView.swift, AppColors.swift, AppConfigSCGateway.swift, AppDelegateAppearance.swift, AppFonts.swift, AppIcons.swift, AppImages.swift, AppReviewSCGateway.swift, AppShellSCView.swift, AppShellSCViewModel.swift, AppShellSCViewState.swift, AppStateSCRepository.swift, AttributionSCService.swift, AudioPlaybackSCService.swift, AudioRecordingSCService.swift, AudioSynthesisSCEngine.swift, BannerAdSCSlot.swift, BatterySCGateway.swift, BenefitRowSCView.swift, BlockingOverlaySCView.swift, BootstrapSCService.swift, BottomSheetSCView.swift, BreathAuraSCView.swift, BreathSessionSCRepository.swift, BreatheOptionsSCSheet.swift, BreatheSCView.swift, BreatheSCViewModel.swift, BreatheSCViewState.swift, BreathingLogoSCView.swift, CheckboxSCView.swift, CircularPlayButtonSCView.swift, ComplianceLinkBarSCView.swift, CoreDataSCStack.swift, CountdownPrepSCOverlay.swift, DebugBackdoorSCCopy.swift, DecibelWaveSCView.swift, DependencySCContainer.swift, DurationWheelSCView.swift, EmptyStateSCView.swift, ExploreSCView.swift, ExploreSCViewModel.swift, ExploreSCViewState.swift, FeedAdSCCard.swift, FocusDialSCView.swift, FocusSCView.swift, FocusSCViewModel.swift, FocusSCViewState.swift, FocusSessionSCRepository.swift, GlassOverlaySCModifier.swift, GreetingSCView.swift, HapticSCService.swift, HomeSCView.swift, HomeSCViewModel.swift, HomeSCViewState.swift, InterstitialAdSCView.swift, LaunchSCView.swift, LaunchSCViewModel.swift, LaunchSCViewState.swift, ListeningStatsSCRepository.swift, LocalRecordingSCView.swift, LocalRecordingSCViewModel.swift, LocalRecordingSCViewState.swift, LocaleSCService.swift, LockedOverlaySCModifier.swift, MainTabBarSCView.swift, MetricCardSCView.swift, MineSCView.swift, MineSCViewModel.swift, MineSCViewState.swift, MiniPlayerSCBar.swift, NavigationBarSCView.swift, NavigationSCRoute.swift, NavigationSCState.swift, NotificationSCService.swift, NotificationSoundSCService.swift, NowPlayingSCGateway.swift, OnboardingPageSCView.swift, OnboardingSCView.swift, OnboardingSCViewModel.swift, OnboardingSCViewState.swift, PageIndicatorSCView.swift, PaywallSCView.swift, PaywallSCViewModel.swift, PaywallSCViewState.swift, PermissionDeniedSCAlert.swift, PermissionSCGateway.swift, PlaybackSliderSCView.swift, PlayerActionsSCSheet.swift, PlayerSCView.swift, PlayerSCViewModel.swift, PlayerSCViewState.swift, PrimaryButtonSCStyle.swift, PrimaryCategoryBarSCView.swift, ProgressRingSCView.swift, PromoBarSCView.swift, PromotionSCRepository.swift, PurchaseProcessingSCOverlay.swift, ReachabilitySCService.swift, RecentSleepRecordCardSCView.swift, RecommendRowSCView.swift, RecommendedAppsSCSection.swift, RecordingStorageSCGateway.swift, RepeatRuleSCSheet.swift, RepositorySCProtocol.swift, RestSCView.swift, RestSCViewModel.swift, RestSCViewState.swift, RestoreResultSCAlert.swift, SceneEntryGridSCView.swift, ScreenBrightnessSCService.swift, SecondaryButtonSCStyle.swift, SecondaryTagBarSCView.swift, SegmentedBarSCView.swift, SessionPhaseSC.swift, SettingsGroupSCView.swift, SettingsRowSCView.swift, ShareSCGateway.swift, SkeletonSCView.swift, SleepAnalysisSCService.swift, SleepCycleApp.swift, SleepHeroCardSCView.swift, SleepIntroSCView.swift, SleepIntroSCViewModel.swift, SleepIntroSCViewState.swift, SleepMonitorSCView.swift, SleepMonitorSCViewModel.swift, SleepMonitorSCViewState.swift, SleepQuickStatsSCView.swift, SleepRecordSC.swift, SleepRecordSCEntity.swift, SleepRecordSCRepository.swift, SleepReportSCView.swift, SleepReportSCViewModel.swift, SleepReportSCViewState.swift, SleepStageChartSCView.swift, SleepTimerSCSheet.swift, SlideToWakeSCView.swift, SliderSCView.swift, SoundCardSCView.swift, SoundCatalogSCPayload.swift, SoundCatalogSCRepository.swift, SoundEventRowSCView.swift, SoundGridSCView.swift, SoundSC.swift, SoundscapePickerSCSheet.swift, SoundscapePickerSCViewModel.swift, SoundscapePickerSCViewState.swift, SubscriptionDetailSCView.swift, SubscriptionDetailSCViewModel.swift, SubscriptionDetailSCViewState.swift, SubscriptionPlanSC.swift, SupportMailSCGateway.swift, SupportSCSheet.swift, SwipeActionSCModifier.swift, SystemSettingsSCGateway.swift, TextButtonSCStyle.swift, TextFieldSCView.swift, TierCardSCView.swift, TimeWheelSCView.swift, ToastSCView.swift, ToggleSCView.swift, TonearmSCView.swift, ToolsSCView.swift, ToolsSCViewModel.swift, UserPreferenceSCRepository.swift, View+KeyboardSC.swift, VinylDiscSCView.swift, VipBannerSCCard.swift, WakeConfirmSCView.swift, WakeConfirmSCViewModel.swift, WakeConfirmSCViewState.swift, WebContentSCGateway.swift, WeekdayPickerSCSheet.swift, GeneratedAssetSymbols.swift (in target 'SleepCycle' from project 'SleepCycle')

SwiftDriver\ Compilation\ Requirements SleepCycle normal arm64 com.apple.xcode.tools.swift.compiler (in target 'SleepCycle' from project 'SleepCycle')
    cd /Users/runner/work/SleepCycle/SleepCycle
    builtin-Swift-Compilation-Requirements -- /Applications/Xcode_26.3.app/Contents/Developer/Toolchains/XcodeDefault.xctoolchain/usr/bin/swiftc -module-name SleepCycle -O -whole-module-optimization -enforce-exclusivity\=checked @/Users/runner/Library/Developer/Xcode/DerivedData/SleepCycle-cbzxdwygtqvxpycjunkumnsgsekw/Build/Intermediates.noindex/ArchiveIntermediates/SleepCycle/IntermediateBuildFilesPath/SleepCycle.build/Release-iphoneos/SleepCycle.build/Objects-normal/arm64/SleepCycle.SwiftFileList -D COCOAPODS -enable-bare-slash-regex -enable-experimental-feature DebugDescriptionMacro -sdk /Applications/Xcode_26.3.app/Contents/Developer/Platforms/iPhoneOS.platform/Developer/SDKs/iPhoneOS26.2.sdk -target arm64-apple-ios16.0 -g -module-cache-path /Users/runner/Library/Developer/Xcode/DerivedData/ModuleCache.noindex -Xfrontend -serialize-debugging-options -swift-version 5 -I /Users/runner/Library/Developer/Xcode/DerivedData/SleepCycle-cbzxdwygtqvxpycjunkumnsgsekw/Build/Intermediates.noindex/ArchiveIntermediates/SleepCycle/BuildProductsPath/Release-iphoneos -F /Users/runner/Library/Developer/Xcode/DerivedData/SleepCycle-cbzxdwygtqvxpycjunkumnsgsekw/Build/Intermediates.noindex/ArchiveIntermediates/SleepCycle/BuildProductsPath/Release-iphoneos -F /Users/runner/Library/Developer/Xcode/DerivedData/SleepCycle-cbzxdwygtqvxpycjunkumnsgsekw/Build/Intermediates.noindex/ArchiveIntermediates/SleepCycle/BuildProductsPath/Release-iphoneos/SubscriptionKit -F /Users/runner/work/SleepCycle/SleepCycle/Pods/UMAPM/UMAPM_2.0.7 -F /Users/runner/work/SleepCycle/SleepCycle/Pods/UMCommon/UMCommon_7.6.7 -F /Users/runner/work/SleepCycle/SleepCycle/Pods/UMDevice/UMDevice_3.6.0 -F /Users/runner/Library/Developer/Xcode/DerivedData/SleepCycle-cbzxdwygtqvxpycjunkumnsgsekw/Build/Intermediates.noindex/ArchiveIntermediates/SleepCycle/BuildProductsPath/Release-iphoneos/XCFrameworkIntermediates/UMAPM -F /Users/runner/Library/Developer/Xcode/DerivedData/SleepCycle-cbzxdwygtqvxpycjunkumnsgsekw/Build/Intermediates.noindex/ArchiveIntermediates/SleepCycle/BuildProductsPath/Release-iphoneos/XCFrameworkIntermediates/UMCommon -F /Users/runner/Library/Developer/Xcode/DerivedData/SleepCycle-cbzxdwygtqvxpycjunkumnsgsekw/Build/Intermediates.noindex/ArchiveIntermediates/SleepCycle/BuildProductsPath/Release-iphoneos/XCFrameworkIntermediates/UMDevice -c -num-threads 5 -Xcc -ivfsstatcache -Xcc /Users/runner/Library/Developer/Xcode/DerivedData/SDKStatCaches.noindex/iphoneos26.2-23C57-dc75598d0054f22ec865fa860f139d722dd23b4ebda140f7210d155ff1243552.sdkstatcache -output-file-map /Users/runner/Library/Developer/Xcode/DerivedData/SleepCycle-cbzxdwygtqvxpycjunkumnsgsekw/Build/Intermediates.noindex/ArchiveIntermediates/SleepCycle/IntermediateBuildFilesPath/SleepCycle.build/Release-iphoneos/SleepCycle.build/Objects-normal/arm64/SleepCycle-OutputFileMap.json -use-frontend-parseable-output -save-temps -no-color-diagnostics -explicit-module-build -module-cache-path /Users/runner/Library/Developer/Xcode/DerivedData/SleepCycle-cbzxdwygtqvxpycjunkumnsgsekw/Build/Intermediates.noindex/ArchiveIntermediates/SleepCycle/IntermediateBuildFilesPath/SwiftExplicitPrecompiledModules -clang-scanner-module-cache-path /Users/runner/Library/Developer/Xcode/DerivedData/ModuleCache.noindex -sdk-module-cache-path /Users/runner/Library/Developer/Xcode/DerivedData/ModuleCache.noindex -serialize-diagnostics -emit-dependencies -emit-module -emit-module-path /Users/runner/Library/Developer/Xcode/DerivedData/SleepCycle-cbzxdwygtqvxpycjunkumnsgsekw/Build/Intermediates.noindex/ArchiveIntermediates/SleepCycle/IntermediateBuildFilesPath/SleepCycle.build/Release-iphoneos/SleepCycle.build/Objects-normal/arm64/SleepCycle.swiftmodule -validate-clang-modules-once -clang-build-session-file /Users/runner/Library/Developer/Xcode/DerivedData/ModuleCache.noindex/Session.modulevalidation -Xcc -I/Users/runner/Library/Developer/Xcode/DerivedData/SleepCycle-cbzxdwygtqvxpycjunkumnsgsekw/Build/Intermediates.noindex/ArchiveIntermediates/SleepCycle/IntermediateBuildFilesPath/SleepCycle.build/Release-iphoneos/SleepCycle.build/swift-overrides.hmap -emit-const-values -Xfrontend -const-gather-protocols-file -Xfrontend /Users/runner/Library/Developer/Xcode/DerivedData/SleepCycle-cbzxdwygtqvxpycjunkumnsgsekw/Build/Intermediates.noindex/ArchiveIntermediates/SleepCycle/IntermediateBuildFilesPath/SleepCycle.build/Release-iphoneos/SleepCycle.build/Objects-normal/arm64/SleepCycle_const_extract_protocols.json -Xcc -iquote -Xcc /Users/runner/Library/Developer/Xcode/DerivedData/SleepCycle-cbzxdwygtqvxpycjunkumnsgsekw/Build/Intermediates.noindex/ArchiveIntermediates/SleepCycle/IntermediateBuildFilesPath/SleepCycle.build/Release-iphoneos/SleepCycle.build/SleepCycle-generated-files.hmap -Xcc -I/Users/runner/Library/Developer/Xcode/DerivedData/SleepCycle-cbzxdwygtqvxpycjunkumnsgsekw/Build/Intermediates.noindex/ArchiveIntermediates/SleepCycle/IntermediateBuildFilesPath/SleepCycle.build/Release-iphoneos/SleepCycle.build/SleepCycle-own-target-headers.hmap -Xcc -I/Users/runner/Library/Developer/Xcode/DerivedData/SleepCycle-cbzxdwygtqvxpycjunkumnsgsekw/Build/Intermediates.noindex/ArchiveIntermediates/SleepCycle/IntermediateBuildFilesPath/SleepCycle.build/Release-iphoneos/SleepCycle.build/SleepCycle-all-non-framework-target-headers.hmap -Xcc -ivfsoverlay -Xcc /Users/runner/Library/Developer/Xcode/DerivedData/SleepCycle-cbzxdwygtqvxpycjunkumnsgsekw/Build/Intermediates.noindex/ArchiveIntermediates/SleepCycle/IntermediateBuildFilesPath/SleepCycle.build/Release-iphoneos/SleepCycle-c3e7bd4dd03994102489fc65901e5ef8-VFS-iphoneos/all-product-headers.yaml -Xcc -iquote -Xcc /Users/runner/Library/Developer/Xcode/DerivedData/SleepCycle-cbzxdwygtqvxpycjunkumnsgsekw/Build/Intermediates.noindex/ArchiveIntermediates/SleepCycle/IntermediateBuildFilesPath/SleepCycle.build/Release-iphoneos/SleepCycle.build/SleepCycle-project-headers.hmap -Xcc -I/Users/runner/Library/Developer/Xcode/DerivedData/SleepCycle-cbzxdwygtqvxpycjunkumnsgsekw/Build/Intermediates.noindex/ArchiveIntermediates/SleepCycle/BuildProductsPath/Release-iphoneos/include -Xcc -I/Users/runner/Library/Developer/Xcode/DerivedData/SleepCycle-cbzxdwygtqvxpycjunkumnsgsekw/Build/Intermediates.noindex/ArchiveIntermediates/SleepCycle/BuildProductsPath/Release-iphoneos/SubscriptionKit/SubscriptionKit.framework/Headers -Xcc -I/Users/runner/Library/Developer/Xcode/DerivedData/SleepCycle-cbzxdwygtqvxpycjunkumnsgsekw/Build/Intermediates.noindex/ArchiveIntermediates/SleepCycle/IntermediateBuildFilesPath/SleepCycle.build/Release-iphoneos/SleepCycle.build/DerivedSources-normal/arm64 -Xcc -I/Users/runner/Library/Developer/Xcode/DerivedData/SleepCycle-cbzxdwygtqvxpycjunkumnsgsekw/Build/Intermediates.noindex/ArchiveIntermediates/SleepCycle/IntermediateBuildFilesPath/SleepCycle.build/Release-iphoneos/SleepCycle.build/DerivedSources/arm64 -Xcc -I/Users/runner/Library/Developer/Xcode/DerivedData/SleepCycle-cbzxdwygtqvxpycjunkumnsgsekw/Build/Intermediates.noindex/ArchiveIntermediates/SleepCycle/IntermediateBuildFilesPath/SleepCycle.build/Release-iphoneos/SleepCycle.build/DerivedSources -Xcc -DCOCOAPODS\=1 -emit-objc-header -emit-objc-header-path /Users/runner/Library/Developer/Xcode/DerivedData/SleepCycle-cbzxdwygtqvxpycjunkumnsgsekw/Build/Intermediates.noindex/ArchiveIntermediates/SleepCycle/IntermediateBuildFilesPath/SleepCycle.build/Release-iphoneos/SleepCycle.build/Objects-normal/arm64/SleepCycle-Swift.h -working-directory /Users/runner/work/SleepCycle/SleepCycle -no-emit-module-separately-wmo

SwiftMergeGeneratedHeaders /Users/runner/Library/Developer/Xcode/DerivedData/SleepCycle-cbzxdwygtqvxpycjunkumnsgsekw/Build/Intermediates.noindex/ArchiveIntermediates/SleepCycle/IntermediateBuildFilesPath/SleepCycle.build/Release-iphoneos/SleepCycle.build/DerivedSources/SleepCycle-Swift.h /Users/runner/Library/Developer/Xcode/DerivedData/SleepCycle-cbzxdwygtqvxpycjunkumnsgsekw/Build/Intermediates.noindex/ArchiveIntermediates/SleepCycle/IntermediateBuildFilesPath/SleepCycle.build/Release-iphoneos/SleepCycle.build/Objects-normal/arm64/SleepCycle-Swift.h (in target 'SleepCycle' from project 'SleepCycle')
    cd /Users/runner/work/SleepCycle/SleepCycle
    builtin-swiftHeaderTool -arch arm64 /Users/runner/Library/Developer/Xcode/DerivedData/SleepCycle-cbzxdwygtqvxpycjunkumnsgsekw/Build/Intermediates.noindex/ArchiveIntermediates/SleepCycle/IntermediateBuildFilesPath/SleepCycle.build/Release-iphoneos/SleepCycle.build/Objects-normal/arm64/SleepCycle-Swift.h -o /Users/runner/Library/Developer/Xcode/DerivedData/SleepCycle-cbzxdwygtqvxpycjunkumnsgsekw/Build/Intermediates.noindex/ArchiveIntermediates/SleepCycle/IntermediateBuildFilesPath/SleepCycle.build/Release-iphoneos/SleepCycle.build/DerivedSources/SleepCycle-Swift.h

Copy /Users/runner/Library/Developer/Xcode/DerivedData/SleepCycle-cbzxdwygtqvxpycjunkumnsgsekw/Build/Intermediates.noindex/ArchiveIntermediates/SleepCycle/BuildProductsPath/Release-iphoneos/SleepCycle.swiftmodule/arm64-apple-ios.swiftmodule /Users/runner/Library/Developer/Xcode/DerivedData/SleepCycle-cbzxdwygtqvxpycjunkumnsgsekw/Build/Intermediates.noindex/ArchiveIntermediates/SleepCycle/IntermediateBuildFilesPath/SleepCycle.build/Release-iphoneos/SleepCycle.build/Objects-normal/arm64/SleepCycle.swiftmodule (in target 'SleepCycle' from project 'SleepCycle')
    cd /Users/runner/work/SleepCycle/SleepCycle
    builtin-copy -exclude .DS_Store -exclude CVS -exclude .svn -exclude .git -exclude .hg -resolve-src-symlinks -rename /Users/runner/Library/Developer/Xcode/DerivedData/SleepCycle-cbzxdwygtqvxpycjunkumnsgsekw/Build/Intermediates.noindex/ArchiveIntermediates/SleepCycle/IntermediateBuildFilesPath/SleepCycle.build/Release-iphoneos/SleepCycle.build/Objects-normal/arm64/SleepCycle.swiftmodule /Users/runner/Library/Developer/Xcode/DerivedData/SleepCycle-cbzxdwygtqvxpycjunkumnsgsekw/Build/Intermediates.noindex/ArchiveIntermediates/SleepCycle/BuildProductsPath/Release-iphoneos/SleepCycle.swiftmodule/arm64-apple-ios.swiftmodule

Copy /Users/runner/Library/Developer/Xcode/DerivedData/SleepCycle-cbzxdwygtqvxpycjunkumnsgsekw/Build/Intermediates.noindex/ArchiveIntermediates/SleepCycle/BuildProductsPath/Release-iphoneos/SleepCycle.swiftmodule/arm64-apple-ios.abi.json /Users/runner/Library/Developer/Xcode/DerivedData/SleepCycle-cbzxdwygtqvxpycjunkumnsgsekw/Build/Intermediates.noindex/ArchiveIntermediates/SleepCycle/IntermediateBuildFilesPath/SleepCycle.build/Release-iphoneos/SleepCycle.build/Objects-normal/arm64/SleepCycle.abi.json (in target 'SleepCycle' from project 'SleepCycle')
    cd /Users/runner/work/SleepCycle/SleepCycle
    builtin-copy -exclude .DS_Store -exclude CVS -exclude .svn -exclude .git -exclude .hg -resolve-src-symlinks -rename /Users/runner/Library/Developer/Xcode/DerivedData/SleepCycle-cbzxdwygtqvxpycjunkumnsgsekw/Build/Intermediates.noindex/ArchiveIntermediates/SleepCycle/IntermediateBuildFilesPath/SleepCycle.build/Release-iphoneos/SleepCycle.build/Objects-normal/arm64/SleepCycle.abi.json /Users/runner/Library/Developer/Xcode/DerivedData/SleepCycle-cbzxdwygtqvxpycjunkumnsgsekw/Build/Intermediates.noindex/ArchiveIntermediates/SleepCycle/BuildProductsPath/Release-iphoneos/SleepCycle.swiftmodule/arm64-apple-ios.abi.json

Copy /Users/runner/Library/Developer/Xcode/DerivedData/SleepCycle-cbzxdwygtqvxpycjunkumnsgsekw/Build/Intermediates.noindex/ArchiveIntermediates/SleepCycle/BuildProductsPath/Release-iphoneos/SleepCycle.swiftmodule/arm64-apple-ios.swiftdoc /Users/runner/Library/Developer/Xcode/DerivedData/SleepCycle-cbzxdwygtqvxpycjunkumnsgsekw/Build/Intermediates.noindex/ArchiveIntermediates/SleepCycle/IntermediateBuildFilesPath/SleepCycle.build/Release-iphoneos/SleepCycle.build/Objects-normal/arm64/SleepCycle.swiftdoc (in target 'SleepCycle' from project 'SleepCycle')
    cd /Users/runner/work/SleepCycle/SleepCycle
    builtin-copy -exclude .DS_Store -exclude CVS -exclude .svn -exclude .git -exclude .hg -resolve-src-symlinks -rename /Users/runner/Library/Developer/Xcode/DerivedData/SleepCycle-cbzxdwygtqvxpycjunkumnsgsekw/Build/Intermediates.noindex/ArchiveIntermediates/SleepCycle/IntermediateBuildFilesPath/SleepCycle.build/Release-iphoneos/SleepCycle.build/Objects-normal/arm64/SleepCycle.swiftdoc /Users/runner/Library/Developer/Xcode/DerivedData/SleepCycle-cbzxdwygtqvxpycjunkumnsgsekw/Build/Intermediates.noindex/ArchiveIntermediates/SleepCycle/BuildProductsPath/Release-iphoneos/SleepCycle.swiftmodule/arm64-apple-ios.swiftdoc

ScanDependencies /Users/runner/Library/Developer/Xcode/DerivedData/SleepCycle-cbzxdwygtqvxpycjunkumnsgsekw/Build/Intermediates.noindex/ArchiveIntermediates/SleepCycle/IntermediateBuildFilesPath/SleepCycle.build/Release-iphoneos/SleepCycle.build/Objects-normal/arm64/SleepCycle_vers.o /Users/runner/Library/Developer/Xcode/DerivedData/SleepCycle-cbzxdwygtqvxpycjunkumnsgsekw/Build/Intermediates.noindex/ArchiveIntermediates/SleepCycle/IntermediateBuildFilesPath/SleepCycle.build/Release-iphoneos/SleepCycle.build/DerivedSources/SleepCycle_vers.c normal arm64 c com.apple.compilers.llvm.clang.1_0.compiler (in target 'SleepCycle' from project 'SleepCycle')
    cd /Users/runner/work/SleepCycle/SleepCycle
    
    Using response file: /Users/runner/Library/Developer/Xcode/DerivedData/SleepCycle-cbzxdwygtqvxpycjunkumnsgsekw/Build/Intermediates.noindex/ArchiveIntermediates/SleepCycle/IntermediateBuildFilesPath/SleepCycle.build/Release-iphoneos/SleepCycle.build/Objects-normal/arm64/7187679823f38a2a940e0043cdf9d637-common-args.resp
    
    builtin-ScanDependencies -o /Users/runner/Library/Developer/Xcode/DerivedData/SleepCycle-cbzxdwygtqvxpycjunkumnsgsekw/Build/Intermediates.noindex/ArchiveIntermediates/SleepCycle/IntermediateBuildFilesPath/SleepCycle.build/Release-iphoneos/SleepCycle.build/Objects-normal/arm64/SleepCycle_vers.o.scan -- /Applications/Xcode_26.3.app/Contents/Developer/Toolchains/XcodeDefault.xctoolchain/usr/bin/clang -x c -ivfsstatcache /Users/runner/Library/Developer/Xcode/DerivedData/SDKStatCaches.noindex/iphoneos26.2-23C57-dc75598d0054f22ec865fa860f139d722dd23b4ebda140f7210d155ff1243552.sdkstatcache -fmessage-length\=0 -fdiagnostics-show-note-include-stack -fmacro-backtrace-limit\=0 -fno-color-diagnostics -fmodules-prune-interval\=86400 -fmodules-prune-after\=345600 -fbuild-session-file\=/Users/runner/Library/Developer/Xcode/DerivedData/ModuleCache.noindex/Session.modulevalidation -fmodules-validate-once-per-build-session -Wnon-modular-include-in-framework-module -Werror\=non-modular-include-in-framework-module -Wno-trigraphs -Wno-missing-field-initializers -Wno-missing-prototypes -Werror\=return-type -Wdocumentation -Wunreachable-code -Werror\=deprecated-objc-isa-usage -Werror\=objc-root-class -Wno-missing-braces -Wparentheses -Wswitch -Wunused-function -Wno-unused-label -Wno-unused-parameter -Wunused-variable -Wunused-value -Wempty-body -Wuninitialized -Wconditional-uninitialized -Wno-unknown-pragmas -Wno-shadow -Wno-four-char-constants -Wno-conversion -Wconstant-conversion -Wint-conversion -Wbool-conversion -Wenum-conversion -Wno-float-conversion -Wnon-literal-null-conversion -Wobjc-literal-conversion -Wshorten-64-to-32 -Wpointer-sign -Wno-newline-eof -Wno-implicit-fallthrough -fstrict-aliasing -Wdeprecated-declarations -Wno-sign-conversion -Winfinite-recursion -Wcomma -Wblock-capture-autoreleasing -Wstrict-prototypes -Wno-semicolon-before-method-body -Wunguarded-availability @/Users/runner/Library/Developer/Xcode/DerivedData/SleepCycle-cbzxdwygtqvxpycjunkumnsgsekw/Build/Intermediates.noindex/ArchiveIntermediates/SleepCycle/IntermediateBuildFilesPath/SleepCycle.build/Release-iphoneos/SleepCycle.build/Objects-normal/arm64/7187679823f38a2a940e0043cdf9d637-common-args.resp -MMD -MT dependencies -MF /Users/runner/Library/Developer/Xcode/DerivedData/SleepCycle-cbzxdwygtqvxpycjunkumnsgsekw/Build/Intermediates.noindex/ArchiveIntermediates/SleepCycle/IntermediateBuildFilesPath/SleepCycle.build/Release-iphoneos/SleepCycle.build/Objects-normal/arm64/SleepCycle_vers.d --serialize-diagnostics /Users/runner/Library/Developer/Xcode/DerivedData/SleepCycle-cbzxdwygtqvxpycjunkumnsgsekw/Build/Intermediates.noindex/ArchiveIntermediates/SleepCycle/IntermediateBuildFilesPath/SleepCycle.build/Release-iphoneos/SleepCycle.build/Objects-normal/arm64/SleepCycle_vers.dia -c /Users/runner/Library/Developer/Xcode/DerivedData/SleepCycle-cbzxdwygtqvxpycjunkumnsgsekw/Build/Intermediates.noindex/ArchiveIntermediates/SleepCycle/IntermediateBuildFilesPath/SleepCycle.build/Release-iphoneos/SleepCycle.build/DerivedSources/SleepCycle_vers.c -o /Users/runner/Library/Developer/Xcode/DerivedData/SleepCycle-cbzxdwygtqvxpycjunkumnsgsekw/Build/Intermediates.noindex/ArchiveIntermediates/SleepCycle/IntermediateBuildFilesPath/SleepCycle.build/Release-iphoneos/SleepCycle.build/Objects-normal/arm64/SleepCycle_vers.o

CompileC /Users/runner/Library/Developer/Xcode/DerivedData/SleepCycle-cbzxdwygtqvxpycjunkumnsgsekw/Build/Intermediates.noindex/ArchiveIntermediates/SleepCycle/IntermediateBuildFilesPath/SleepCycle.build/Release-iphoneos/SleepCycle.build/Objects-normal/arm64/SleepCycle_vers.o /Users/runner/Library/Developer/Xcode/DerivedData/SleepCycle-cbzxdwygtqvxpycjunkumnsgsekw/Build/Intermediates.noindex/ArchiveIntermediates/SleepCycle/IntermediateBuildFilesPath/SleepCycle.build/Release-iphoneos/SleepCycle.build/DerivedSources/SleepCycle_vers.c normal arm64 c com.apple.compilers.llvm.clang.1_0.compiler (in target 'SleepCycle' from project 'SleepCycle')
    cd /Users/runner/work/SleepCycle/SleepCycle
    
    Using response file: /Users/runner/Library/Developer/Xcode/DerivedData/SleepCycle-cbzxdwygtqvxpycjunkumnsgsekw/Build/Intermediates.noindex/ArchiveIntermediates/SleepCycle/IntermediateBuildFilesPath/SleepCycle.build/Release-iphoneos/SleepCycle.build/Objects-normal/arm64/7187679823f38a2a940e0043cdf9d637-common-args.resp
    
    /Applications/Xcode_26.3.app/Contents/Developer/Toolchains/XcodeDefault.xctoolchain/usr/bin/clang -x c -ivfsstatcache /Users/runner/Library/Developer/Xcode/DerivedData/SDKStatCaches.noindex/iphoneos26.2-23C57-dc75598d0054f22ec865fa860f139d722dd23b4ebda140f7210d155ff1243552.sdkstatcache -fmessage-length\=0 -fdiagnostics-show-note-include-stack -fmacro-backtrace-limit\=0 -fno-color-diagnostics -fmodules-prune-interval\=86400 -fmodules-prune-after\=345600 -fbuild-session-file\=/Users/runner/Library/Developer/Xcode/DerivedData/ModuleCache.noindex/Session.modulevalidation -fmodules-validate-once-per-build-session -Wnon-modular-include-in-framework-module -Werror\=non-modular-include-in-framework-module -Wno-trigraphs -Wno-missing-field-initializers -Wno-missing-prototypes -Werror\=return-type -Wdocumentation -Wunreachable-code -Werror\=deprecated-objc-isa-usage -Werror\=objc-root-class -Wno-missing-braces -Wparentheses -Wswitch -Wunused-function -Wno-unused-label -Wno-unused-parameter -Wunused-variable -Wunused-value -Wempty-body -Wuninitialized -Wconditional-uninitialized -Wno-unknown-pragmas -Wno-shadow -Wno-four-char-constants -Wno-conversion -Wconstant-conversion -Wint-conversion -Wbool-conversion -Wenum-conversion -Wno-float-conversion -Wnon-literal-null-conversion -Wobjc-literal-conversion -Wshorten-64-to-32 -Wpointer-sign -Wno-newline-eof -Wno-implicit-fallthrough -fstrict-aliasing -Wdeprecated-declarations -Wno-sign-conversion -Winfinite-recursion -Wcomma -Wblock-capture-autoreleasing -Wstrict-prototypes -Wno-semicolon-before-method-body -Wunguarded-availability @/Users/runner/Library/Developer/Xcode/DerivedData/SleepCycle-cbzxdwygtqvxpycjunkumnsgsekw/Build/Intermediates.noindex/ArchiveIntermediates/SleepCycle/IntermediateBuildFilesPath/SleepCycle.build/Release-iphoneos/SleepCycle.build/Objects-normal/arm64/7187679823f38a2a940e0043cdf9d637-common-args.resp -MMD -MT dependencies -MF /Users/runner/Library/Developer/Xcode/DerivedData/SleepCycle-cbzxdwygtqvxpycjunkumnsgsekw/Build/Intermediates.noindex/ArchiveIntermediates/SleepCycle/IntermediateBuildFilesPath/SleepCycle.build/Release-iphoneos/SleepCycle.build/Objects-normal/arm64/SleepCycle_vers.d --serialize-diagnostics /Users/runner/Library/Developer/Xcode/DerivedData/SleepCycle-cbzxdwygtqvxpycjunkumnsgsekw/Build/Intermediates.noindex/ArchiveIntermediates/SleepCycle/IntermediateBuildFilesPath/SleepCycle.build/Release-iphoneos/SleepCycle.build/Objects-normal/arm64/SleepCycle_vers.dia -c /Users/runner/Library/Developer/Xcode/DerivedData/SleepCycle-cbzxdwygtqvxpycjunkumnsgsekw/Build/Intermediates.noindex/ArchiveIntermediates/SleepCycle/IntermediateBuildFilesPath/SleepCycle.build/Release-iphoneos/SleepCycle.build/DerivedSources/SleepCycle_vers.c -o /Users/runner/Library/Developer/Xcode/DerivedData/SleepCycle-cbzxdwygtqvxpycjunkumnsgsekw/Build/Intermediates.noindex/ArchiveIntermediates/SleepCycle/IntermediateBuildFilesPath/SleepCycle.build/Release-iphoneos/SleepCycle.build/Objects-normal/arm64/SleepCycle_vers.o

Ld /Users/runner/Library/Developer/Xcode/DerivedData/SleepCycle-cbzxdwygtqvxpycjunkumnsgsekw/Build/Intermediates.noindex/ArchiveIntermediates/SleepCycle/InstallationBuildProductsLocation/Applications/SleepCycle.app/SleepCycle normal (in target 'SleepCycle' from project 'SleepCycle')
    cd /Users/runner/work/SleepCycle/SleepCycle
    /Applications/Xcode_26.3.app/Contents/Developer/Toolchains/XcodeDefault.xctoolchain/usr/bin/clang -Xlinker -reproducible -target arm64-apple-ios16.0 -isysroot /Applications/Xcode_26.3.app/Contents/Developer/Platforms/iPhoneOS.platform/Developer/SDKs/iPhoneOS26.2.sdk -Os -L/Users/runner/Library/Developer/Xcode/DerivedData/SleepCycle-cbzxdwygtqvxpycjunkumnsgsekw/Build/Intermediates.noindex/ArchiveIntermediates/SleepCycle/IntermediateBuildFilesPath/EagerLinkingTBDs/Release-iphoneos -L/Users/runner/Library/Developer/Xcode/DerivedData/SleepCycle-cbzxdwygtqvxpycjunkumnsgsekw/Build/Intermediates.noindex/ArchiveIntermediates/SleepCycle/BuildProductsPath/Release-iphoneos -L/var/run/com.apple.security.cryptexd/mnt/com.apple.MobileAsset.MetalToolchain-v17.3.7003.10.4htshh/Metal.xctoolchain/usr/lib/swift/iphoneos -L/Applications/Xcode_26.3.app/Contents/Developer/Platforms/iPhoneOS.platform/Developer/SDKs/iPhoneOS26.2.sdk/usr/lib/swift -F/Users/runner/Library/Developer/Xcode/DerivedData/SleepCycle-cbzxdwygtqvxpycjunkumnsgsekw/Build/Intermediates.noindex/ArchiveIntermediates/SleepCycle/IntermediateBuildFilesPath/EagerLinkingTBDs/Release-iphoneos -F/Users/runner/Library/Developer/Xcode/DerivedData/SleepCycle-cbzxdwygtqvxpycjunkumnsgsekw/Build/Intermediates.noindex/ArchiveIntermediates/SleepCycle/BuildProductsPath/Release-iphoneos -F/Users/runner/Library/Developer/Xcode/DerivedData/SleepCycle-cbzxdwygtqvxpycjunkumnsgsekw/Build/Intermediates.noindex/ArchiveIntermediates/SleepCycle/BuildProductsPath/Release-iphoneos/SubscriptionKit -F/Users/runner/work/SleepCycle/SleepCycle/Pods/UMAPM/UMAPM_2.0.7 -F/Users/runner/work/SleepCycle/SleepCycle/Pods/UMCommon/UMCommon_7.6.7 -F/Users/runner/work/SleepCycle/SleepCycle/Pods/UMDevice/UMDevice_3.6.0 -F/Users/runner/Library/Developer/Xcode/DerivedData/SleepCycle-cbzxdwygtqvxpycjunkumnsgsekw/Build/Intermediates.noindex/ArchiveIntermediates/SleepCycle/BuildProductsPath/Release-iphoneos/XCFrameworkIntermediates/UMAPM -F/Users/runner/Library/Developer/Xcode/DerivedData/SleepCycle-cbzxdwygtqvxpycjunkumnsgsekw/Build/Intermediates.noindex/ArchiveIntermediates/SleepCycle/BuildProductsPath/Release-iphoneos/XCFrameworkIntermediates/UMCommon -F/Users/runner/Library/Developer/Xcode/DerivedData/SleepCycle-cbzxdwygtqvxpycjunkumnsgsekw/Build/Intermediates.noindex/ArchiveIntermediates/SleepCycle/BuildProductsPath/Release-iphoneos/XCFrameworkIntermediates/UMDevice -filelist /Users/runner/Library/Developer/Xcode/DerivedData/SleepCycle-cbzxdwygtqvxpycjunkumnsgsekw/Build/Intermediates.noindex/ArchiveIntermediates/SleepCycle/IntermediateBuildFilesPath/SleepCycle.build/Release-iphoneos/SleepCycle.build/Objects-normal/arm64/SleepCycle.LinkFileList -Xlinker -rpath -Xlinker /usr/lib/swift -Xlinker -rpath -Xlinker @executable_path/Frameworks -Xlinker -rpath -Xlinker @loader_path/Frameworks -dead_strip -Xlinker -object_path_lto -Xlinker /Users/runner/Library/Developer/Xcode/DerivedData/SleepCycle-cbzxdwygtqvxpycjunkumnsgsekw/Build/Intermediates.noindex/ArchiveIntermediates/SleepCycle/IntermediateBuildFilesPath/SleepCycle.build/Release-iphoneos/SleepCycle.build/Objects-normal/arm64/SleepCycle_lto.o -Xlinker -final_output -Xlinker /Applications/SleepCycle.app/SleepCycle -Xlinker -dependency_info -Xlinker /Users/runner/Library/Developer/Xcode/DerivedData/SleepCycle-cbzxdwygtqvxpycjunkumnsgsekw/Build/Intermediates.noindex/ArchiveIntermediates/SleepCycle/IntermediateBuildFilesPath/SleepCycle.build/Release-iphoneos/SleepCycle.build/Objects-normal/arm64/SleepCycle_dependency_info.dat -fobjc-link-runtime -L/Applications/Xcode_26.3.app/Contents/Developer/Toolchains/XcodeDefault.xctoolchain/usr/lib/swift/iphoneos -L/usr/lib/swift -Xlinker -add_ast_path -Xlinker /Users/runner/Library/Developer/Xcode/DerivedData/SleepCycle-cbzxdwygtqvxpycjunkumnsgsekw/Build/Intermediates.noindex/ArchiveIntermediates/SleepCycle/IntermediateBuildFilesPath/SleepCycle.build/Release-iphoneos/SleepCycle.build/Objects-normal/arm64/SleepCycle.swiftmodule @/Users/runner/Library/Developer/Xcode/DerivedData/SleepCycle-cbzxdwygtqvxpycjunkumnsgsekw/Build/Intermediates.noindex/ArchiveIntermediates/SleepCycle/IntermediateBuildFilesPath/SleepCycle.build/Release-iphoneos/SleepCycle.build/Objects-normal/arm64/SleepCycle-linker-args.resp -ObjC -lc++ -lsqlite3 -lz -framework AdServices -framework CoreTelephony -framework Foundation -framework Security -framework StoreKit -framework SubscriptionKit -framework SystemConfiguration -framework UMAPM -framework UMCommon -framework UMDevice -framework WebKit -framework Pods_SleepCycle -Xlinker -no_adhoc_codesign -o /Users/runner/Library/Developer/Xcode/DerivedData/SleepCycle-cbzxdwygtqvxpycjunkumnsgsekw/Build/Intermediates.noindex/ArchiveIntermediates/SleepCycle/InstallationBuildProductsLocation/Applications/SleepCycle.app/SleepCycle
ld: warning: search path '/var/run/com.apple.security.cryptexd/mnt/com.apple.MobileAsset.MetalToolchain-v17.3.7003.10.4htshh/Metal.xctoolchain/usr/lib/swift/iphoneos' not found

CopySwiftLibs /Users/runner/Library/Developer/Xcode/DerivedData/SleepCycle-cbzxdwygtqvxpycjunkumnsgsekw/Build/Intermediates.noindex/ArchiveIntermediates/SleepCycle/InstallationBuildProductsLocation/Applications/SleepCycle.app (in target 'SleepCycle' from project 'SleepCycle')
    cd /Users/runner/work/SleepCycle/SleepCycle
    builtin-swiftStdLibTool --copy --verbose --sign 9EC458ADA4E1D62C79831C20933E29785D9D5D20 --scan-executable /Users/runner/Library/Developer/Xcode/DerivedData/SleepCycle-cbzxdwygtqvxpycjunkumnsgsekw/Build/Intermediates.noindex/ArchiveIntermediates/SleepCycle/InstallationBuildProductsLocation/Applications/SleepCycle.app/SleepCycle --scan-folder /Users/runner/Library/Developer/Xcode/DerivedData/SleepCycle-cbzxdwygtqvxpycjunkumnsgsekw/Build/Intermediates.noindex/ArchiveIntermediates/SleepCycle/InstallationBuildProductsLocation/Applications/SleepCycle.app/Frameworks --scan-folder /Users/runner/Library/Developer/Xcode/DerivedData/SleepCycle-cbzxdwygtqvxpycjunkumnsgsekw/Build/Intermediates.noindex/ArchiveIntermediates/SleepCycle/InstallationBuildProductsLocation/Applications/SleepCycle.app/PlugIns --scan-folder /Users/runner/Library/Developer/Xcode/DerivedData/SleepCycle-cbzxdwygtqvxpycjunkumnsgsekw/Build/Intermediates.noindex/ArchiveIntermediates/SleepCycle/InstallationBuildProductsLocation/Applications/SleepCycle.app/SystemExtensions --scan-folder /Users/runner/Library/Developer/Xcode/DerivedData/SleepCycle-cbzxdwygtqvxpycjunkumnsgsekw/Build/Intermediates.noindex/ArchiveIntermediates/SleepCycle/InstallationBuildProductsLocation/Applications/SleepCycle.app/Extensions --scan-folder /Users/runner/Library/Developer/Xcode/DerivedData/SleepCycle-cbzxdwygtqvxpycjunkumnsgsekw/Build/Intermediates.noindex/ArchiveIntermediates/SleepCycle/BuildProductsPath/Release-iphoneos/Pods_SleepCycle.framework --platform iphoneos --toolchain /var/run/com.apple.security.cryptexd/mnt/com.apple.MobileAsset.MetalToolchain-v17.3.7003.10.4htshh/Metal.xctoolchain --toolchain /Applications/Xcode_26.3.app/Contents/Developer/Toolchains/XcodeDefault.xctoolchain --destination /Users/runner/Library/Developer/Xcode/DerivedData/SleepCycle-cbzxdwygtqvxpycjunkumnsgsekw/Build/Intermediates.noindex/ArchiveIntermediates/SleepCycle/InstallationBuildProductsLocation/Applications/SleepCycle.app/Frameworks --unsigned-destination /Users/runner/Library/Developer/Xcode/DerivedData/SleepCycle-cbzxdwygtqvxpycjunkumnsgsekw/Build/Intermediates.noindex/ArchiveIntermediates/SleepCycle/BuildProductsPath/SwiftSupport --strip-bitcode --strip-bitcode-tool /Applications/Xcode_26.3.app/Contents/Developer/Toolchains/XcodeDefault.xctoolchain/usr/bin/bitcode_strip --emit-dependency-info /Users/runner/Library/Developer/Xcode/DerivedData/SleepCycle-cbzxdwygtqvxpycjunkumnsgsekw/Build/Intermediates.noindex/ArchiveIntermediates/SleepCycle/IntermediateBuildFilesPath/SleepCycle.build/Release-iphoneos/SleepCycle.build/SwiftStdLibToolInputDependencies.dep --filter-for-swift-os --back-deploy-swift-span

ExtractAppIntentsMetadata (in target 'SleepCycle' from project 'SleepCycle')
    cd /Users/runner/work/SleepCycle/SleepCycle
    /Applications/Xcode_26.3.app/Contents/Developer/Toolchains/XcodeDefault.xctoolchain/usr/bin/appintentsmetadataprocessor --toolchain-dir /var/run/com.apple.security.cryptexd/mnt/com.apple.MobileAsset.MetalToolchain-v17.3.7003.10.4htshh/Metal.xctoolchain --module-name SleepCycle --sdk-root /Applications/Xcode_26.3.app/Contents/Developer/Platforms/iPhoneOS.platform/Developer/SDKs/iPhoneOS26.2.sdk --xcode-version 17C529 --platform-family iOS --deployment-target 16.0 --bundle-identifier com.hdweather.sleep.app --output /Users/runner/Library/Developer/Xcode/DerivedData/SleepCycle-cbzxdwygtqvxpycjunkumnsgsekw/Build/Intermediates.noindex/ArchiveIntermediates/SleepCycle/InstallationBuildProductsLocation/Applications/SleepCycle.app --target-triple arm64-apple-ios16.0 --binary-file /Users/runner/Library/Developer/Xcode/DerivedData/SleepCycle-cbzxdwygtqvxpycjunkumnsgsekw/Build/Intermediates.noindex/ArchiveIntermediates/SleepCycle/InstallationBuildProductsLocation/Applications/SleepCycle.app/SleepCycle --dependency-file /Users/runner/Library/Developer/Xcode/DerivedData/SleepCycle-cbzxdwygtqvxpycjunkumnsgsekw/Build/Intermediates.noindex/ArchiveIntermediates/SleepCycle/IntermediateBuildFilesPath/SleepCycle.build/Release-iphoneos/SleepCycle.build/Objects-normal/arm64/SleepCycle_dependency_info.dat --stringsdata-file /Users/runner/Library/Developer/Xcode/DerivedData/SleepCycle-cbzxdwygtqvxpycjunkumnsgsekw/Build/Intermediates.noindex/ArchiveIntermediates/SleepCycle/IntermediateBuildFilesPath/SleepCycle.build/Release-iphoneos/SleepCycle.build/Objects-normal/arm64/ExtractedAppShortcutsMetadata.stringsdata --source-file-list /Users/runner/Library/Developer/Xcode/DerivedData/SleepCycle-cbzxdwygtqvxpycjunkumnsgsekw/Build/Intermediates.noindex/ArchiveIntermediates/SleepCycle/IntermediateBuildFilesPath/SleepCycle.build/Release-iphoneos/SleepCycle.build/Objects-normal/arm64/SleepCycle.SwiftFileList --metadata-file-list /Users/runner/Library/Developer/Xcode/DerivedData/SleepCycle-cbzxdwygtqvxpycjunkumnsgsekw/Build/Intermediates.noindex/ArchiveIntermediates/SleepCycle/IntermediateBuildFilesPath/SleepCycle.build/Release-iphoneos/SleepCycle.build/SleepCycle.DependencyMetadataFileList --static-metadata-file-list /Users/runner/Library/Developer/Xcode/DerivedData/SleepCycle-cbzxdwygtqvxpycjunkumnsgsekw/Build/Intermediates.noindex/ArchiveIntermediates/SleepCycle/IntermediateBuildFilesPath/SleepCycle.build/Release-iphoneos/SleepCycle.build/SleepCycle.DependencyStaticMetadataFileList --swift-const-vals-list /Users/runner/Library/Developer/Xcode/DerivedData/SleepCycle-cbzxdwygtqvxpycjunkumnsgsekw/Build/Intermediates.noindex/ArchiveIntermediates/SleepCycle/IntermediateBuildFilesPath/SleepCycle.build/Release-iphoneos/SleepCycle.build/Objects-normal/arm64/SleepCycle.SwiftConstValuesFileList --compile-time-extraction --deployment-aware-processing --validate-assistant-intents --no-app-shortcuts-localization
2026-09-24 09:30:14.723 appintentsmetadataprocessor[6263:22980] Starting appintentsmetadataprocessor export
2026-09-24 09:30:14.725 appintentsmetadataprocessor[6263:22980] warning: Metadata extraction skipped. No AppIntents.framework dependency found.

GenerateDSYMFile /Users/runner/Library/Developer/Xcode/DerivedData/SleepCycle-cbzxdwygtqvxpycjunkumnsgsekw/Build/Intermediates.noindex/ArchiveIntermediates/SleepCycle/BuildProductsPath/Release-iphoneos/SleepCycle.app.dSYM /Users/runner/Library/Developer/Xcode/DerivedData/SleepCycle-cbzxdwygtqvxpycjunkumnsgsekw/Build/Intermediates.noindex/ArchiveIntermediates/SleepCycle/InstallationBuildProductsLocation/Applications/SleepCycle.app/SleepCycle (in target 'SleepCycle' from project 'SleepCycle')
    cd /Users/runner/work/SleepCycle/SleepCycle
    /Applications/Xcode_26.3.app/Contents/Developer/Toolchains/XcodeDefault.xctoolchain/usr/bin/dsymutil /Users/runner/Library/Developer/Xcode/DerivedData/SleepCycle-cbzxdwygtqvxpycjunkumnsgsekw/Build/Intermediates.noindex/ArchiveIntermediates/SleepCycle/InstallationBuildProductsLocation/Applications/SleepCycle.app/SleepCycle -o /Users/runner/Library/Developer/Xcode/DerivedData/SleepCycle-cbzxdwygtqvxpycjunkumnsgsekw/Build/Intermediates.noindex/ArchiveIntermediates/SleepCycle/BuildProductsPath/Release-iphoneos/SleepCycle.app.dSYM

AppIntentsSSUTraining (in target 'SleepCycle' from project 'SleepCycle')
    cd /Users/runner/work/SleepCycle/SleepCycle
    /Applications/Xcode_26.3.app/Contents/Developer/Toolchains/XcodeDefault.xctoolchain/usr/bin/appintentsnltrainingprocessor --infoplist-path /Users/runner/Library/Developer/Xcode/DerivedData/SleepCycle-cbzxdwygtqvxpycjunkumnsgsekw/Build/Intermediates.noindex/ArchiveIntermediates/SleepCycle/InstallationBuildProductsLocation/Applications/SleepCycle.app/Info.plist --temp-dir-path /Users/runner/Library/Developer/Xcode/DerivedData/SleepCycle-cbzxdwygtqvxpycjunkumnsgsekw/Build/Intermediates.noindex/ArchiveIntermediates/SleepCycle/IntermediateBuildFilesPath/SleepCycle.build/Release-iphoneos/SleepCycle.build/ssu --bundle-id com.hdweather.sleep.app --product-path /Users/runner/Library/Developer/Xcode/DerivedData/SleepCycle-cbzxdwygtqvxpycjunkumnsgsekw/Build/Intermediates.noindex/ArchiveIntermediates/SleepCycle/InstallationBuildProductsLocation/Applications/SleepCycle.app --extracted-metadata-path /Users/runner/Library/Developer/Xcode/DerivedData/SleepCycle-cbzxdwygtqvxpycjunkumnsgsekw/Build/Intermediates.noindex/ArchiveIntermediates/SleepCycle/InstallationBuildProductsLocation/Applications/SleepCycle.app/Metadata.appintents --deployment-postprocessing --metadata-file-list /Users/runner/Library/Developer/Xcode/DerivedData/SleepCycle-cbzxdwygtqvxpycjunkumnsgsekw/Build/Intermediates.noindex/ArchiveIntermediates/SleepCycle/IntermediateBuildFilesPath/SleepCycle.build/Release-iphoneos/SleepCycle.build/SleepCycle.DependencyMetadataFileList --archive-ssu-assets
2026-09-24 09:30:14.750 appintentsnltrainingprocessor[6265:22982] Parsing options for appintentsnltrainingprocessor
2026-09-24 09:30:14.751 appintentsnltrainingprocessor[6265:22982] No AppShortcuts found - Skipping.

Strip /Users/runner/Library/Developer/Xcode/DerivedData/SleepCycle-cbzxdwygtqvxpycjunkumnsgsekw/Build/Intermediates.noindex/ArchiveIntermediates/SleepCycle/InstallationBuildProductsLocation/Applications/SleepCycle.app/SleepCycle (in target 'SleepCycle' from project 'SleepCycle')
    cd /Users/runner/work/SleepCycle/SleepCycle
    /Applications/Xcode_26.3.app/Contents/Developer/Toolchains/XcodeDefault.xctoolchain/usr/bin/strip -D /Users/runner/Library/Developer/Xcode/DerivedData/SleepCycle-cbzxdwygtqvxpycjunkumnsgsekw/Build/Intermediates.noindex/ArchiveIntermediates/SleepCycle/InstallationBuildProductsLocation/Applications/SleepCycle.app/SleepCycle

SetOwnerAndGroup runner:staff /Users/runner/Library/Developer/Xcode/DerivedData/SleepCycle-cbzxdwygtqvxpycjunkumnsgsekw/Build/Intermediates.noindex/ArchiveIntermediates/SleepCycle/InstallationBuildProductsLocation/Applications/SleepCycle.app (in target 'SleepCycle' from project 'SleepCycle')
    cd /Users/runner/work/SleepCycle/SleepCycle
    /usr/sbin/chown -RH runner:staff /Users/runner/Library/Developer/Xcode/DerivedData/SleepCycle-cbzxdwygtqvxpycjunkumnsgsekw/Build/Intermediates.noindex/ArchiveIntermediates/SleepCycle/InstallationBuildProductsLocation/Applications/SleepCycle.app

SetMode u+w,go-w,a+rX /Users/runner/Library/Developer/Xcode/DerivedData/SleepCycle-cbzxdwygtqvxpycjunkumnsgsekw/Build/Intermediates.noindex/ArchiveIntermediates/SleepCycle/InstallationBuildProductsLocation/Applications/SleepCycle.app (in target 'SleepCycle' from project 'SleepCycle')
    cd /Users/runner/work/SleepCycle/SleepCycle
    /bin/chmod -RH u+w,go-w,a+rX /Users/runner/Library/Developer/Xcode/DerivedData/SleepCycle-cbzxdwygtqvxpycjunkumnsgsekw/Build/Intermediates.noindex/ArchiveIntermediates/SleepCycle/InstallationBuildProductsLocation/Applications/SleepCycle.app

CodeSign /Users/runner/Library/Developer/Xcode/DerivedData/SleepCycle-cbzxdwygtqvxpycjunkumnsgsekw/Build/Intermediates.noindex/ArchiveIntermediates/SleepCycle/InstallationBuildProductsLocation/Applications/SleepCycle.app (in target 'SleepCycle' from project 'SleepCycle')
    cd /Users/runner/work/SleepCycle/SleepCycle
    
    Signing Identity:     "Apple Distribution: luyao huang (DZ3J8DQBK2)"
    Provisioning Profile: "appstore-com.hdweather.sleep.app-20260924092915849"
                          (f1a09e1a-9b70-468a-abf1-b352aceb89c2)
    
    /usr/bin/codesign --force --sign 9EC458ADA4E1D62C79831C20933E29785D9D5D20 --entitlements /Users/runner/Library/Developer/Xcode/DerivedData/SleepCycle-cbzxdwygtqvxpycjunkumnsgsekw/Build/Intermediates.noindex/ArchiveIntermediates/SleepCycle/IntermediateBuildFilesPath/SleepCycle.build/Release-iphoneos/SleepCycle.build/SleepCycle.app.xcent --generate-entitlement-der /Users/runner/Library/Developer/Xcode/DerivedData/SleepCycle-cbzxdwygtqvxpycjunkumnsgsekw/Build/Intermediates.noindex/ArchiveIntermediates/SleepCycle/InstallationBuildProductsLocation/Applications/SleepCycle.app

RegisterExecutionPolicyException /Users/runner/Library/Developer/Xcode/DerivedData/SleepCycle-cbzxdwygtqvxpycjunkumnsgsekw/Build/Intermediates.noindex/ArchiveIntermediates/SleepCycle/InstallationBuildProductsLocation/Applications/SleepCycle.app (in target 'SleepCycle' from project 'SleepCycle')
    cd /Users/runner/work/SleepCycle/SleepCycle
    builtin-RegisterExecutionPolicyException /Users/runner/Library/Developer/Xcode/DerivedData/SleepCycle-cbzxdwygtqvxpycjunkumnsgsekw/Build/Intermediates.noindex/ArchiveIntermediates/SleepCycle/InstallationBuildProductsLocation/Applications/SleepCycle.app

Validate /Users/runner/Library/Developer/Xcode/DerivedData/SleepCycle-cbzxdwygtqvxpycjunkumnsgsekw/Build/Intermediates.noindex/ArchiveIntermediates/SleepCycle/InstallationBuildProductsLocation/Applications/SleepCycle.app (in target 'SleepCycle' from project 'SleepCycle')
    cd /Users/runner/work/SleepCycle/SleepCycle
    builtin-validationUtility /Users/runner/Library/Developer/Xcode/DerivedData/SleepCycle-cbzxdwygtqvxpycjunkumnsgsekw/Build/Intermediates.noindex/ArchiveIntermediates/SleepCycle/InstallationBuildProductsLocation/Applications/SleepCycle.app -shallow-bundle -infoplist-subpath Info.plist

Touch /Users/runner/Library/Developer/Xcode/DerivedData/SleepCycle-cbzxdwygtqvxpycjunkumnsgsekw/Build/Intermediates.noindex/ArchiveIntermediates/SleepCycle/InstallationBuildProductsLocation/Applications/SleepCycle.app (in target 'SleepCycle' from project 'SleepCycle')
    cd /Users/runner/work/SleepCycle/SleepCycle
    /usr/bin/touch -c /Users/runner/Library/Developer/Xcode/DerivedData/SleepCycle-cbzxdwygtqvxpycjunkumnsgsekw/Build/Intermediates.noindex/ArchiveIntermediates/SleepCycle/InstallationBuildProductsLocation/Applications/SleepCycle.app

** ARCHIVE SUCCEEDED **

